time_s,x_m,y_m,yaw_rad,v_m_s,yaw_rate_rad_s,wl_rad_s,wr_rad_s,ref_x_m,ref_y_m,ref_yaw_rad,cross_track_m,estimated_slip,true_slip_speed_m_s,supervisor_active,drive_enabled,energy_j,current_a
0.0,0.0,0.025,0.03,0.0,0.0,0.0,0.0,0.0,0.0,0.0,0.025,0.00020751361889959159,0.0,0,1,0.0,0.0
0.02,0.0,0.025,0.02999345372772576,0.0,-0.001986084476350147,0.015876100159429023,-0.015876100159429023,0.00015749949355122722,3.7668306382369534e-07,0.003499941666958332,0.025000021437418283,0.0011442701283166327,0.0008133514614506487,0,1,0.0025147205168915923,0.2901098901098901
0.04,1.8805328141991928e-06,0.02500005628727357,0.02990534297334582,0.0005663908477357725,-0.005864081274358905,0.03618662178941622,0.004589638255477916,0.000614992278631111,2.9057412954551336e-06,0.006999533342666578,0.02500082966100799,0.00497837020180026,0.0010334303443422519,0,1,0.008762994460030682,0.37875457875457874
0.06,3.0444191625290483e-05,0.02500090873194007,0.02979030638973979,0.002782801932005032,-0.004333346297057474,0.06575706281894679,0.06359108374548555,0.0013724615480343344,9.686567658045746e-06,0.010498425070873481,0.025003933758904917,0.008783366877388444,0.0028098651453473044,0,1,0.032525150746137835,1.0234432234432234
0.08,0.00011980435917242037,0.025003569109789087,0.029762350781918714,0.006698669166230484,0.0035521768706221627,0.09768467562241873,0.1646430142139984,0.0024298794863436084,2.2817600671343013e-05,0.013996266965321955,0.025010636113365625,0.024545764144716157,0.004974643294401185,0,1,0.10670676668112143,1.805128205128205
0.1,0.0003038924291894768,0.025009064422049955,0.02995735599621954,0.01256326703022051,0.01684877902982762,0.16200356428107,0.3017798131075604,0.0037872072890415454,4.439585344068817e-05,0.017492709244737413,0.025021778642251673,0.026727336329000817,0.00686895093717927,0,1,0.27391251912352754,2.4901098901098897
0.12,0.0006275187424982871,0.025018833254962243,0.030428836943807918,0.020360199665537985,0.030854361636278322,0.24013027631181383,0.44955218359801785,0.005444395189174722,7.651644311233187e-05,0.020987402267805606,0.02503791013153996,0.03226060143764238,0.0074938853934204686,0,1,0.5271605951691953,2.7076923076923074
0.14,0.0011156880013296156,0.02503386544293674,0.031175096328370504,0.029298613072256556,0.04406213524713404,0.34557179849281183,0.6164138284456,0.007401382491553221,0.00012127212089549675,0.02447999656813647,0.02505898741837154,0.03728712642084851,0.008560618364207975,0,1,0.8685046596936995,3.0945054945054937
0.16,0.0017989796925369076,0.025055501599704825,0.03217419331072905,0.0398438705134237,0.05670460881892518,0.4644516309912753,0.8042843345616966,0.009658097614464208,0.00018075280279118849,0.02797014288921044,0.02508481130426789,0.033266130108899006,0.009703578903107753,0,1,1.329820498492526,3.497435897435897
0.18,0.002705424934769236,0.025085224060804632,0.03343585281823833,0.05173130091744497,0.07000477390917194,0.603724528814204,1.0098295862517794,0.012214458138873405,0.0002570451011672255,0.03145749221930386,0.025114976319958047,0.03240938598448207,0.010705011008695822,0,1,1.9201570036938305,3.8600732600732592
0.2,0.0038630011300329332,0.025124790135011635,0.034959329549784424,0.06496055359622241,0.08276943621781359,0.7598897463523229,1.2277693422846627,0.015070370865083645,0.0003522318573183197,0.034941695826389854,0.02514896195696624,0.03664962122749468,0.011395954193742716,0,1,2.638612846575591,4.1098901098901095
0.22,0.005295687214807984,0.025176116604433963,0.03673226750051216,0.0793424774338952,0.09532875975843391,0.9288714811629001,1.4642903521796624,0.018225731876815015,0.0004683916751493013,0.038422405293011185,0.025186170586148526,0.03995502316785758,0.012366834625477025,0,1,3.4861161285451168,4.456410256410256
0.24,0.00702685858717238,0.02524142179405575,0.038761520947923934,0.09480310592438188,0.10766012409915038,1.1156559855581796,1.7044525503042127,0.021680426612666406,0.0006075984561187341,0.041899272551121775,0.025225997771419966,0.04278456055138343,0.012575411769595493,0,1,4.448566642346375,4.536996336996337
0.26,0.0090757681046635,0.025323103929953267,0.04101640302076218,0.1114368327289768,0.11824636450471483,1.3267339649293894,1.9677712584496299,0.02543432994491389,0.0007719209355792277,0.045371949916893195,0.02526788184415053,0.04008716626632159,0.013679202398849621,0,1,5.567144436113929,4.939926739926739
0.28,0.01147373112457901,0.02542435902405193,0.04348138688971954,0.12970958848803799,0.12916998337081742,1.5496867668434422,2.2532831916344214,0.029487306265596397,0.0009634222206497007,0.04884009012548277,0.02531120350920184,0.03714297188071991,0.014744354044088304,0,1,6.882987117707927,5.318681318681318
0.3,0.014247191180953826,0.025548619974833292,0.046176741555235636,0.14885678403941355,0.1403151016966329,1.7836004500846083,2.5331897176565055,0.033839209579835085,0.0011841593297537043,0.05230334636575972,0.025355403018375765,0.040682525587569095,0.01447257546246411,0,1,8.296054327551447,5.230036630036629
0.32,0.017405787056988264,0.02569897588647596,0.04907086680706067,0.16861722311318283,0.1493315896151063,2.0380972134365645,2.829761220199523,0.03848988360632781,0.001436182733956675,0.05576137231498609,0.025400151392499747,0.0343257625542046,0.015241866374911178,0,1,9.823783896893897,5.52014652014652
0.34,0.02097133630294744,0.02587934351073593,0.0521363715919416,0.18948599601018012,0.15747126594743308,2.300954482749718,3.131215057826891,0.04343916188495615,0.0017215359002336343,0.05921382217344861,0.025445096507547064,0.029421022755199172,0.01543559279682441,0,1,11.4894256901318,5.5926739926739915
0.36,0.024957510900374482,0.02609353784211032,0.05535674381991049,0.2108676278117093,0.16455533363271083,2.576779753021074,3.436396146779414,0.04868686789143746,0.0020422548367974268,0.06266035069903846,0.02548999896203905,0.030938749336072564,0.01559656980653168,0,1,13.242248654669897,5.657142857142857
0.38,0.029376270362653136,0.026345525085786088,0.05870662318264174,0.23298754584089473,0.1711788435705822,2.858930911842738,3.7596868328036743,0.05423281515895089,0.0024003676406160503,0.0661006132417752,0.02553470144217307,0.027702056331155737,0.01646498634097021,0,1,15.124267584817948,5.971428571428571
0.4,0.03424321855399507,0.02663975840578641,0.06220084058413068,0.25563812121349827,0.17778422152969292,3.1498647051101694,4.069701005436797,0.060076807406660805,0.0027978940472460074,0.06953426577827142,0.025579122147474546,0.02676422032332349,0.01581045210361981,0,1,17.070140346998905,5.753846153846154
0.42,0.03955993905814526,0.02698010483180675,0.06579593425842191,0.27832753160125556,0.1818909798449037,3.4468369840527044,4.386525927069135,0.06621863867505808,0.0032368449831068967,0.07296096494613484,0.025623410832879306,0.026476460842470514,0.016102626758397853,0,1,19.050825003292484,5.866666666666666
0.44,0.04533248003940088,0.02737068910713425,0.0694710296783058,0.3013791324270083,0.1858152958616692,3.7452634794195228,4.704601046354272,0.07265809346803442,0.0037192221203206648,0.07638036807830426,0.025667621278559885,0.025165795888160696,0.016161039835844937,0,1,21.09136790270294,5.89084249084249
0.46,0.051563856415056245,0.027815554305225833,0.07322290941327407,0.3244207950887678,0.18934381971596387,4.044216288617554,5.017423399539592,0.07939494690160202,0.0042470174342370375,0.07979213323731593,0.025711895146821574,0.023513151425482194,0.0159106341306684,0,1,23.138158224731793,5.810256410256409
0.48,0.05825064981633813,0.02831834998072915,0.07703481355291372,0.347099556349258,0.1916035237634407,4.338837050201747,5.316656395624115,0.08642896485916482,0.004822212763764695,0.0831959192494971,0.025756486500500143,0.019586037913597795,0.015245003807496882,0,1,25.130284275266735,5.584615384615384
0.5,0.06538235794948279,0.02888205465399951,0.08087592105661026,0.3694899351794112,0.19229478752727816,4.642050931263967,5.61839889764796,0.09375990415324605,0.005446779374625694,0.08659138573908302,0.02580165194706394,0.01772045712346849,0.015353972514003,0,1,27.120829112497294,5.632967032967032
0.52,0.07296097164234623,0.029510400942761174,0.0847208738238068,0.39186989119994636,0.19232406708887304,4.932294528384529,5.910567648120304,0.10138751269357071,0.006122677525648485,0.08997819316225429,0.025847431773526604,0.01629209296860532,0.014881109662190584,0,1,29.09040388583084,5.471794871794871
0.54,0.08097547609819504,0.0302059230346663,0.08856860488291468,0.41366865920855117,0.19213593414717187,5.226715693705586,6.19809621940596,0.10931152966139916,0.006851856038212704,0.0933560028410909,0.025893871394957132,0.014402823290445111,0.01484084530733043,0,1,31.00887966168181,5.447619047619046
0.56,0.08942090521166658,0.030971533213067236,0.09239895806358568,0.4352600286011537,0.19066410680175105,5.514963917105318,6.475446898601839,0.11753168569000333,0.007636251868956597,0.09672447699743981,0.02594097122127212,0.013263290895872061,0.014588445474077838,0,1,32.89401865357348,5.367032967032966
0.58,0.09828697381943825,0.0318093669823761,0.09619103904567028,0.4561616595977769,0.18813925492704625,5.796697571872206,6.7387957507875,0.12604770305117402,0.00847778968585559,0.10008327878669243,0.02598857130144996,0.011935594032717493,0.0143371167287773,0,1,34.68858959168136,5.278388278388278
0.6,0.10755873445300235,0.032720751767399796,0.09992196843271961,0.476358391326624,0.1850522563654107,6.067201498368711,6.997679669818246,0.13485929584764356,0.0093783814477781,0.10343207233146884,0.0260363424864568,0.010342931072767817,0.01384164976045732,0,1,36.398979488440304,5.109157509157509
0.62,0.117223950490293,0.03370696450280227,0.10359861031375242,0.4961433312425776,0.18223830842928668,6.339781709299178,7.2512888935957704,0.14380954951230765,0.010323307004304713,0.10677052275520522,0.026083666016573533,0.011114997914854704,0.013965575556425192,0,1,38.07433156582876,5.157509157509158
0.64,0.12727521653790438,0.0347696054122391,0.1072083587469816,0.5149611321042461,0.17845653425183228,6.580535071417002,7.470798895379931,0.1527566041828293,0.01129805731667925,0.11009829621564121,0.02612922797955984,0.0121715036506009,0.012485739759877157,0,1,39.577798585478824,4.633699633699633
0.66,0.13767265717639124,0.03590639555815568,0.11073737735844134,0.5313289640937066,0.17413338012700108,6.793229883798076,7.659446693213295,0.16170037137653376,0.012302524502048155,0.11341505993820392,0.026171491943467073,0.012431596497506768,0.011248619415279326,0,1,40.789162980409834,4.190476190476191
0.68,0.14836998061332307,0.0371137101619442,0.11417538958179108,0.5453112289845916,0.16946292288013623,6.969416166466895,7.812048843950384,0.17064076395797112,0.01333659748664073,0.11672048224928504,0.026208888927096108,0.01351251987172963,0.009592938847651444,0,1,41.73144035302834,3.5941391941391942
0.7000000000000001,0.15931552776341706,0.038386656058772846,0.11752157972622108,0.556752417557066,0.1652316828300525,7.113237844325741,7.939103871511807,0.17957769617412367,0.014400162026534958,0.12001423260940798,0.026239872762370227,0.015140076008935625,0.008134440505074503,0,1,42.436823042960604,3.07032967032967
0.72,0.17046326835422693,0.039720504472063906,0.1207911280378104,0.5659113899607205,0.1610885829962223,7.229548529685645,8.02653868417999,0.18851108368900818,0.015493100728928528,0.12329598164628147,0.02626307509481533,0.012694715991943741,0.0069115805349850845,0,1,42.94937682679358,2.619047619047619
0.74,0.18176453471382376,0.0411096838093364,0.12396026023898017,0.5725585214283675,0.15553571658149365,7.313019888629385,8.081238834449215,0.19744084361765826,0.016615293073903848,0.12656540118773668,0.02627725257485421,0.011583467890969102,0.005469756369320122,0,1,43.2894490158345,2.0952380952380953
0.76,0.19317013021277926,0.04254776557627294,0.12701884247132128,0.576770757225701,0.1504355698302861,7.360125091767392,8.10857762113125,0.20636689455947324,0.01776661543667571,0.12982216429454393,0.026281039218022502,0.01164335005195246,0.0038213829246076525,0,1,43.49370283895624,1.4989010989010987
0.78,0.20463263657000744,0.044028126790157586,0.129988247603584,0.5786718800222486,0.14618139844897782,7.380022406155305,8.104596416063869,0.21528915663091955,0.01894694111030984,0.1330659452931065,0.026273301463771055,0.009837169578087045,0.002604266144705103,0,1,43.600693517212854,1.0476190476190477
0.8,0.21610820468505249,0.04554433065158384,0.13286714302829442,0.5785009872982644,0.14137379921920296,7.37607345628499,8.074336686695847,0.22420755149757113,0.020156140328900653,0.13629641980802767,0.026253237879431648,0.008369814438047008,0.0015655437747583711,0,1,43.64761057066958,0.6608058608058607
0.8200000000000001,0.2275590855712455,0.04709027157660405,0.13564697036400852,0.5766567344235389,0.13665326010951495,7.350586847112574,8.029495149868973,0.23312200240547704,0.02139408029119606,0.139513264794548,0.026220107411831603,0.010070632160384887,0.0006013985307118386,0,1,43.66281570029509,0.3142857142857142
0.84,0.23895677586234204,0.04866081689341563,0.13834236421504306,0.5734950457849503,0.13263230337348186,7.308582777057772,7.965917646224976,0.24203243421184203,0.022660625184657345,0.14271615857084954,0.02617331374494834,0.013101287057797823,0.0012513599590385782,0,1,43.664290263038346,0.3465201465201465
0.86,0.2502752453901726,0.050251090422134666,0.14095597754687836,0.5690427826299804,0.12874162462245875,7.247639571259587,7.888664265472019,0.25093877341500936,0.023955636209941567,0.14590478085022376,0.026112527665917304,0.014833606623527394,0.0018538713978460963,0,1,43.664290263038346,0.5721611721611721
0.88,0.2614897501076983,0.051856255345407984,0.14349785990123978,0.5632993225141575,0.12497497227980016,7.171708465740751,7.788537128210168,0.2598409481837326,0.025278971605794266,0.14907881277309987,0.026037605007679196,0.014651798374938796,0.0029042826315569537,0,1,43.668550030632765,0.9589743589743589
0.9,0.27257371652974727,0.05347104817799036,0.14595475908223912,0.5563224797482165,0.12082045254482007,7.079594320891812,7.680600948528079,0.2687388883857268,0.02663048667433963,0.15223793693893056,0.02594857425653774,0.01466207479385295,0.003233294592126401,0,1,43.6862352256741,1.0879120879120878
0.92,0.28350746599589227,0.055090997606106216,0.14833986146924297,0.5484310716768795,0.11745460322002935,6.97536445940803,7.557970918565379,0.27763252561548535,0.028010033806755576,0.1553818374379319,0.02584551598447183,0.014730840139664315,0.0038996273962816907,0,1,43.721708881800176,1.3296703296703296
0.9400000000000001,0.2942722261270147,0.056711794583821314,0.15065693641355107,0.5396642285954255,0.11450300353581921,6.857448795800471,7.431995968273217,0.28652179322135435,0.029417462509320765,0.1585101998826739,0.025728773181568722,0.014377571878060533,0.0040201016467399375,0,1,43.776887530847624,1.3780219780219778
0.96,0.30485416536847154,0.0583298961222116,0.15292926917690877,0.530286599574961,0.11243080515374175,6.734500708557391,7.295100953786538,0.29540662633185255,0.030852619429820736,0.16162271143951898,0.02559888007752933,0.01321016924200843,0.0045158810201816335,0,1,43.85023457518496,1.5633699633699631
0.98,0.31524163275315265,0.05994218641098022,0.1551521305452585,0.5203449580957485,0.10964601027080488,6.6054837114377465,7.150706272376889,0.30428696188122717,0.03231534838429996,0.1647190608599053,0.02545659953417842,0.01473314670758469,0.00487472961893487,0,1,43.94296410157399,1.7003663003663
1.0,0.32542537220315326,0.0615457622734533,0.15731938489209307,0.5101964796178373,0.10750167925777797,6.47356456581844,7.017139373186279,0.3131627386342367,0.03380549038414683,0.16779893851147104,0.025302638694129735,0.013754540027722644,0.004336345687844245,0,1,44.03951331610119,1.506959706959707
1.02,0.3354069018859367,0.06313953222098037,0.1594632469808586,0.49989547470660833,0.10667153817622012,6.3311043268759795,6.867568777376285,0.32203389721015074,0.03532288366349839,0.17086203640901762,0.02513776074044851,0.014691819900115661,0.005095408656868861,0,1,44.151409240135905,1.7890109890109887
1.04,0.3451732305713424,0.06472031736632672,0.1615849485257087,0.48904730951310565,0.10560917592314412,6.191011883529447,6.725021450117403,0.3309003801059573,0.03686736370695138,0.17390804824530784,0.02496315093057173,0.013119396225991696,0.004736444179697874,0,1,44.27638808026274,1.6600732600732597
1.06,0.35472586157379155,0.06628724176872164,0.1636918909214194,0.4785043159159994,0.10504801957820342,6.0521050300636015,6.583265822179309,0.33976213171877256,0.03843876327756659,0.17693666942169642,0.024779854781528853,0.013111251646606032,0.004718502972409944,0,1,44.3938052866241,1.6600732600732597
1.08,0.36406834338095617,0.0678398644950117,0.16578735982081275,0.46822282959146,0.10443316894099082,5.921910401057033,6.449474293517576,0.3486190983674406,0.040036912445152874,0.17994759707858957,0.024588944580717337,0.01472609528460702,0.004354559676430059,0,1,44.50014231891996,1.5311355311355312
1.1,0.37321129786264895,0.06937896703195931,0.16787003278860188,0.45868253216517074,0.1039068583009714,5.8020645985885615,6.328774409901491,0.3574712283133181,0.04166163861481775,0.18294053012573072,0.024391347251278,0.013095649643937028,0.00378538419384411,0,1,44.58201625417224,1.3296703296703296
1.12,0.3821710341346142,0.07090639196712874,0.1699470511999361,0.44993681667873453,0.10394873651483329,5.688712427458237,6.218413809167336,0.3663184717802373,0.043312766555771064,0.18591516927230917,0.024187835283256656,0.013996161815457549,0.003533124681548483,0,1,44.642841824371644,1.2410256410256408
1.1400000000000001,0.39096070337233985,0.07242364140030613,0.17203139132792733,0.44172021167597714,0.1045691002108251,5.57995692561724,6.11394463397202,0.3751607809736381,0.04499011843036831,0.18887121705688925,0.023979226620826643,0.01573978658601977,0.003355313214627398,0,1,44.69191570639623,1.1765567765567764
1.16,0.39958918467400256,0.07393165558829752,0.17413190721432664,0.4339772186370101,0.10581343490724468,5.476149006841083,6.021357256275719,0.3839981100988648,0.04669351382338039,0.19180837787715574,0.023766428786294966,0.014507027553703322,0.0031614904915524544,0,1,44.73049408794751,1.1040293040293039
1.18,0.4080680991203037,0.07543202617040366,0.17626780881397397,0.4268876406500982,0.10778815856020081,5.3823711678514385,5.9363789270049905,0.39283041537862184,0.048422769771476235,0.1947263580194743,0.023550336732939946,0.01483299434372427,0.002730052934802163,0,1,44.75694656995326,0.9509157509157509
1.2,0.41641088980448676,0.07692684738035571,0.1784382671211316,0.4206056705666574,0.10890246409567463,5.307733769264404,5.860426699825145,0.4016576550695805,0.05017770079290532,0.19762486568826237,0.023331828012667546,0.012534440851921904,0.0018341696936489127,0,1,44.76998086128887,0.6285714285714284
1.22,0.4246355532242232,0.07841898548513657,0.1806173727375369,0.41498805434544356,0.10938711371125921,5.227756445911583,5.789111795873287,0.41047978947813396,0.05195811891736644,0.20050361103516845,0.023111457543939725,0.011750669725372158,0.002122769296935667,0,1,44.77705502488675,0.7333333333333333
1.24,0.4327466655678285,0.07990886380442459,0.18282042618079294,0.40961954801052936,0.11108007589968631,5.158028241952469,5.7295397156573085,0.4192967809752951,0.053763833716049675,0.20336230618805676,0.02288987524358662,0.011498271262563897,0.0016622154431538694,0,1,44.78143950969101,0.5641025641025641
1.26,0.44075717452696256,0.08139865946892848,0.18506178820745223,0.4051352442438134,0.11335730750238988,5.0976516393844395,5.684232295825139,0.4281085940107312,0.05559465233183848,0.2062006652797943,0.02266766904123453,0.013073139096035052,0.0012734828645263874,0,1,44.7820120538692,0.419047619047619
1.28,0.4486845857439888,0.08289158926792649,0.18735246980683862,0.40158470083895936,0.11503523383549151,5.060737821356688,5.642714192014911,0.43691519512593435,0.05745037950965861,0.20901840447683723,0.022445337695516356,0.013586440002315434,0.00023783086658440977,0,1,44.7820120538692,0.03223443223443223
1.3,0.45654758123507416,0.08439110628991471,0.18965290931480522,0.39879914680898054,0.11603904492061846,5.0146767799059635,5.618878778197692,0.445716552966522,0.05933081762696104,0.21181524200761384,0.02222315338339939,0.01450286674550601,0.0006509697811157844,0,1,44.78405149144328,0.25787545787545785
1.32,0.46435587503669684,0.08589899129489727,0.1920068713910361,0.39656719850558764,0.11861610226796854,4.994172206834622,5.596586831983474,0.4545126382936643,0.06123576672432595,0.21459089819070182,0.022001443923364398,0.017541949316069574,0.0006397544622589457,0,1,44.79174887691147,0.2901098901098901
1.34,0.4721261624762924,0.08741863445751603,0.1943821028873741,0.3952318041591205,0.11949368975297832,4.974133916579626,5.590429199757277,0.4633034239946369,0.06316502453617474,0.2173450954627959,0.02178048748177706,0.016089651345980477,0.0013465847696093047,0,1,44.80818895205088,0.5399267399267399
1.36,0.4798721748006028,0.08895276548992985,0.19679495324429858,0.39450892229132406,0.12170397803926959,4.965738795004422,5.590039903022733,0.4720888850924962,0.06511838652157785,0.22007755840646398,0.02156037267782659,0.016004997857867905,0.0016203146079196706,0,1,44.83526916103566,0.6446886446886447
1.3800000000000001,0.48760636663965656,0.0905041089976483,0.19924301853655874,0.3944322589017761,0.12286659422205523,4.969283196747746,5.594292902808733,0.4808689987548741,0.06709564589514526,0.22278801377768878,0.021341309671773702,0.016030170022636486,0.0017950559066883809,0,1,44.8744303568941,0.709157509157509
1.4000000000000001,0.4953409574375435,0.0920753020894413,0.20170481133730955,0.39495705872845926,0.12366558482317187,4.976036792018661,5.610615744119094,0.48964374430189195,0.06909659365798766,0.22547619053319187,0.021123336814199978,0.015539291897785886,0.002342660964070098,0,1,44.927744664815584,0.9106227106227106
1.42,0.5030865415244233,0.09366868837143248,0.20419479766960671,0.3958459072293934,0.12543729009351373,4.9831261130494635,5.627135540114547,0.4984131032131923,0.07112101862873578,0.2281418198575378,0.020906440474288537,0.012945421358051573,0.0023561731614299974,0,1,44.98863779854825,0.9186813186813186
1.44,0.5108463288103137,0.09528528549567462,0.20672062574882938,0.39701511808994994,0.12712063332727672,5.001879597479341,5.652649747204285,0.5071770591340868,0.07316870747460588,0.23078463519001557,0.020690891988908975,0.011231009686697829,0.0027806926181888625,0,1,45.06152097583936,1.0717948717948718
1.46,0.5186325104377253,0.09692803550416303,0.2092765236179267,0.39899495929780915,0.12863282017695363,5.029853984888257,5.689853795265443,0.5159355978808208,0.0752394447424993,0.23340437225129423,0.02047672529907661,0.011030790511717434,0.0033038395134778464,0,1,45.16023202782154,1.2652014652014654
1.48,0.5264595737412582,0.09860044552179717,0.21186411374418418,0.4014904656442818,0.12982656655932762,5.063489281137123,5.723280688732315,0.5246887074449529,0.07733301289012419,0.23600076906985076,0.020263859994221107,0.00942658316470106,0.0030885383643695086,0,1,45.272768098525184,1.1926739926739927
1.5,0.5343310351124343,0.10030370866110455,0.21446241982921604,0.4039299539617882,0.13012631268146133,5.092728738586209,5.7558953247072555,0.5334363779968547,0.07944919231712805,0.23857356600816693,0.020052411603343617,0.010046910122888442,0.003038195981778291,0,1,45.38197700671172,1.1684981684981683
1.52,0.5422449224492875,0.10203772431719417,0.21707036593101384,0.4065429872571903,0.13061751247260223,5.134094841449632,5.798437160541369,0.5421786018883222,0.08158776139622938,0.24112250578869293,0.019842519671403547,0.009734749230550533,0.003522472413617972,0,1,45.50494982050499,1.3538461538461537
1.54,0.5502123426756006,0.10380529300501143,0.21968665708273735,0.40965994902049735,0.13133459658012542,5.1696985768060735,5.842604262692133,0.5509153736543103,0.08374849650433751,0.24364733351957482,0.01963401157926222,0.008931625785360563,0.0035817973311887963,0,1,45.6411838890919,1.36996336996337
1.56,0.5582343179207766,0.10560708410169087,0.22232642607426376,0.41270393049522613,0.13233219448202319,5.2124842312990545,5.884207145013732,0.5596466900137846,0.08593117205364906,0.24614779672014359,0.019426998492083986,0.011316821408975535,0.0034684884292193185,0,1,45.77753409717863,1.3377289377289374
1.58,0.5663130645882203,0.10744408606962393,0.2249739555799622,0.4160571069679963,0.13278248431921735,5.257226818122761,5.9371134511193295,0.568372549869696,0.08813556052271067,0.2486236453461627,0.0192216052482687,0.011178502042731282,0.003997729845302056,0,1,45.92943077928285,1.5311355311355312
1.6,0.5744565665031167,0.10931857524694774,0.22764199221414097,0.41978328717670876,0.13375196861246022,5.308141239266103,5.987482939895782,0.5770929543080763,0.09036143248743728,0.25107463181483297,0.019017757868631826,0.010844012555687397,0.003865059279107408,0,1,46.09531447569901,1.4827838827838826
1.62,0.582668079481209,0.11123184793622184,0.23031699781421858,0.4234514234316108,0.1336885807168338,5.354841729357129,6.032802514285305,0.585807906596265,0.09260855665207537,0.2535005110295499,0.018815549411461654,0.010203130346775245,0.0036079348035886194,0,1,46.255647965448034,1.386080586080586
1.6400000000000001,0.5909433961580051,0.11318332646854107,0.23298788556619054,0.4270596120229569,0.13329090663450058,5.408865491213773,6.083193806218628,0.59451741218026,0.09487669988010138,0.2559010404044135,0.018615127599953252,0.010229824881399696,0.003930572078631178,0,1,46.420168894733614,1.4989010989010987
1.6600000000000001,0.5992874824920732,0.11517451944322546,0.23564682856560848,0.4308862571667884,0.13251712636807947,5.459852360705883,6.129243411533905,0.6032214786812026,0.09716562722504482,0.25827597988848694,0.018416366923004558,0.009319661404246367,0.0037809238960879177,0,1,46.589107744944855,1.4424908424908423
1.68,0.6076970589981211,0.11720491583104248,0.23828829348733463,0.4342046594453983,0.13161349482139797,5.499460105066396,6.164605851172373,0.6119201158910001,0.09947510196122722,0.2606250919898007,0.018219278587218387,0.010790667921176757,0.0032614124506469278,0,1,46.733424530790295,1.249084249084249
1.7,0.6161591276118094,0.11927158128292219,0.24091479251437764,0.437089331429819,0.13143433208869262,5.53767033052221,6.209015150700788,0.6206133357670844,0.10180488561440669,0.2629481417991024,0.01802410370619806,0.01004233269523995,0.0036142817758884616,0,1,46.86822323098065,1.3941391941391938
1.72,0.624673954402939,0.12137487412158418,0.24355064235972565,0.439988865923412,0.13163450933136278,5.575538048108079,6.238776724261856,0.6293011524263173,0.10415473799231965,0.2652448970133469,0.0178309188726816,0.00980117766198915,0.0031870444576528323,0,1,46.99808711865153,1.2249084249084248
1.74,0.6332345420347988,0.12351338129017617,0.24616945996386005,0.4425253403878956,0.1300736565131026,5.615250754586161,6.2686129640982315,0.6379835821380434,0.10652441721511026,0.26751512795892674,0.01764001991293097,0.009430553424258283,0.003332460943555937,0,1,47.11845467677026,1.281318681318681
1.76,0.6418397457688068,0.12568684504958572,0.24875452810302817,0.4451470959914162,0.12866631412832477,5.651239029509968,6.30264185289362,0.6466606433162961,0.10891367974563945,0.2697586076146392,0.017451331386013805,0.008405642652335562,0.003142430906213134,0,1,47.241733022342196,1.2087912087912087
1.78,0.6504892314820752,0.1278952053235634,0.2513228745296338,0.4474847029173906,0.12810596826908885,5.677789986264058,6.325673291487099,0.6553323565111614,0.11132228041966491,0.2719751116343883,0.017264770846960778,0.00983060740274156,0.002689680023540586,0,1,47.350275916491356,1.0476190476190477
1.8,0.6591716375869636,0.1301356798747275,0.2538752684876233,0.44927904335955393,0.1264358560525208,5.711055673893206,6.339619390027947,0.6639987443993077,0.11374997247588402,0.2741644183696192,0.017080633812983165,0.010162792465738715,0.0030729448324154918,0,1,47.44452735560702,1.1846153846153844
1.82,0.6678823941452128,0.132406981579866,0.2563738189664009,0.45093390378931736,0.12398208590616489,5.7309178855153196,6.3587917014376005,0.6726598317736826,0.11619650758583208,0.27632630889148263,0.016898912314056876,0.010003597929551128,0.0024415339465029273,0,1,47.5329074309962,0.9589743589743589
1.84,0.6766170874548465,0.1347077065070359,0.25884656191334193,0.4524528188368846,0.1226773195416928,5.760968600281827,6.372595937884137,0.6813156455323869,0.11866163588362842,0.2784605670127281,0.016719491760589546,0.00887571448502618,0.0029285168971740494,0,1,47.619640467592575,1.136263736263736
1.86,0.6853767229755265,0.1370379993691619,0.2612734746346974,0.45394738235899185,0.12018721307205472,5.780884304087042,6.384961103737295,0.6899662146667315,0.12114510599556289,0.280566979309322,0.016542291483927146,0.007427408823075402,0.002454510931226672,0,1,47.70239046602469,0.9589743589743589
1.8800000000000001,0.6941555043804964,0.13939602280358596,0.2636611440945262,0.4550751570848252,0.11839011281477847,5.80025365071889,6.39337585086134,0.6986115702484809,0.1236466650695164,0.28264533514179,0.016367222702692422,0.010433141142680822,0.0024379881538993953,0,1,47.77528069035464,0.9509157509157509
1.9000000000000001,0.7029492880464451,0.14178042837363133,0.26600967126436653,0.45611826486962986,0.11655247128314611,5.817575699370246,6.404346788417968,0.7072517454162948,0.12616605880420836,0.2846954266762808,0.0161942584559031,0.012126915870930299,0.0023448821269362874,0,1,47.84655942934299,0.9186813186813186
1.92,0.7117572725209451,0.144190758774511,0.2683267699455128,0.45699373648511676,0.1148322726416156,5.831509318667659,6.40525301890174,0.7158867753613711,0.12870303147826537,0.2867170489053494,0.016023322510381608,0.011436611368140307,0.0021875942168645968,0,1,47.91076483879226,0.8622710622710622
1.94,0.7205723374739701,0.14662481136337868,0.2706011325000956,0.45755416953738975,0.11265172667621089,5.843976624815793,6.409308576934654,0.7245166973123001,0.13125732597910444,0.2887099996684575,0.015854477006103207,0.014344901653020525,0.0021479053922748292,0,1,47.96904692937826,0.8461538461538461
1.96,0.7293934363885973,0.14908195655956802,0.2728370842770654,0.4581556992749617,0.11072904939962783,5.857285622749053,6.410744153913384,0.7331415505191367,0.13382868383162602,0.29067407967218967,0.01568761407580934,0.012985542199143692,0.002179241817146571,0,1,48.0276848530868,0.8622710622710622
1.98,0.7382200356580078,0.1515617261817219,0.27503052987907545,0.4587132737864621,0.10863937364788118,5.869091524106795,6.41415731399204,0.7417613762366987,0.13641684522671066,0.2926090925101822,0.015522645441421396,0.013073947218478653,0.0021100715146449844,0,1,48.0856330289047,0.838095238095238
2.0,0.7470514318881839,0.154063579028794,0.277184517501823,0.45908065122706676,0.10620667427367597,5.8795240286061805,6.404633763427217,0.7503762177071,0.13902154904951516,0.29451484468276373,0.015359470812643794,0.013206761688788777,0.0020629190303951828,0,1,48.13704012999065,0.8139194139194137
2.02,0.7558794633047095,0.15658475923084486,0.2792746208342519,0.4589073889703946,0.10291755988194212,5.879272076938681,6.392381207862525,0.7589861201415261,0.14164253290756262,0.2963911456163053,0.0151980599569681,0.012373048661914725,0.0015923531775753896,0,1,48.17605540881475,0.6446886446886447
2.04,0.7646951188780636,0.1591220798250902,0.2813110056852415,0.4584534123149724,0.10095998734499355,5.8761002758711225,6.385010524054826,0.7675911307012626,0.14427953315862252,0.29823780768227703,0.015038287146543431,0.013484980979633413,0.0014365059709106065,0,1,48.21013803906633,0.5882783882783882
2.06,0.7734984760322824,0.161675145666827,0.28331887901514996,0.45830332465492307,0.09932333693612491,5.887327178097549,6.380473002902635,0.7761912984779828,0.14693228493837718,0.30005464621601113,0.014880078728272392,0.012364791103647257,0.0021176477202568544,0,1,48.253425026367516,0.838095238095238
2.08,0.7822978309839831,0.16424601645865847,0.28527747794886443,0.45811534073335997,0.0963879196342128,5.881609274358274,6.359633765022998,0.7847866744733076,0.14960052218786987,0.30184147953516843,0.014723262111179091,0.012523639864692713,0.0013190595740110167,0,1,48.29002017492416,0.5399267399267399
2.1,0.7910780853443303,0.16682971333559843,0.2871780870195922,0.4571877897396526,0.09374082118697026,5.877451891262086,6.345525774697671,0.7933773115776419,0.15228397768073232,0.30359812895790594,0.014567882155227477,0.013804577536872356,0.0014318581305282074,0,1,48.316141185798536,0.5882783882783882
2.12,0.799838705698133,0.16942551881896556,0.2890322642632158,0.4564317342811621,0.09137456552279688,5.872848518968534,6.325680200873597,0.8019632645483024,0.15498238305018727,0.3053244188207452,0.01441378117787502,0.01418859139989869,0.0013930720908093552,0,1,48.3433247302702,0.5721611721611721
2.14,0.8085783113205851,0.1720325008861864,0.2908344146768553,0.45562489148740604,0.08915935951743308,5.866852092887605,6.3158503122880285,0.8105445899869436,0.15769546881582486,0.30702017649613855,0.0142608567139695,0.013071010302167526,0.001329293787476593,0,1,48.37118871967186,0.5479853479853478
2.16,0.8173002094317706,0.17465117550785858,0.29260532716641163,0.45491952116150175,0.08717865388696666,5.865383741468488,6.29284619751653,0.8191213463162934,0.16042296441014908,0.3086852324097316,0.014108970837523209,0.0121146280899398,0.001548203687158467,0,1,48.399302630330894,0.6205128205128204
2.18,0.8260009878545485,0.1772800595407614,0.29431383724176846,0.4539345716384832,0.08400786557428182,5.854901713810684,6.274818512827194,0.8276935937562067,0.16316459820489282,0.31031942005732055,0.013958110465555434,0.01073631838076253,0.0011445513564316556,0,1,48.42291196422363,0.47545787545787543
2.2,0.8346777252039007,0.17991763874505484,0.29597754173760654,0.4529538539555313,0.08218798065658599,5.8491682483408365,6.258451432186743,0.8361424261350795,0.16588173641144888,0.31192257602150236,0.013808104854214898,0.011968934858220039,0.0013494809947827702,0,1,48.44695099422418,0.5479853479853478
2.22,0.8433286422375994,0.18256292625415546,0.2976047316731625,0.4506363630316497,0.08107417884024941,5.781782614958885,6.196129517326887,0.8427577162110086,0.16802099368902684,0.31349453998801663,0.01365711887784442,0.011640804885685902,0.001598572930085973,0,1,48.45872920633082,0.5238095238095238
2.24,0.8518916342132198,0.18519652887107582,0.29922963041028766,0.4439449018040289,0.08074497825803899,5.659986869055688,6.059267399518156,0.8501789962951336,0.1704336304270778,0.31503515476177674,0.013505688902788278,0.011133303891511478,0.004841392709194647,0,1,48.505911333401805,1.5956043956043955
2.2600000000000002,0.8602890036159094,0.18779402224934172,0.300821700318707,0.43539620414873953,0.07829864118270925,5.5821489568626514,5.969689922703673,0.8583750038332617,0.17311192756556892,0.3165442662825891,0.013356843085807197,0.01497039329706505,0.0025462017706788242,0,1,48.55972528572068,0.8461538461538461
2.2800000000000002,0.8685520723785373,0.19036419351558861,0.3023661226331171,0.4307131240262422,0.07647804939164721,5.555991483268896,5.94229834609419,0.8672953840568816,0.17604165879608494,0.31802172364055914,0.013211392051756992,0.013583815630442572,0.0005170666033379456,0,1,48.570401498639285,0.24175824175824176
2.3000000000000003,0.8767628349531723,0.1929319120840543,0.30388733016930447,0.4306182090697549,0.07488998338061614,5.605840890095238,5.970417229381029,0.8768719479639676,0.17920238763606397,0.3194673790911824,0.013069117474228998,0.013398881590751819,0.004048954529704996,0,1,48.64466433226165,1.4666666666666666
2.32,0.8850114574705957,0.19552505128692285,0.30535303604045,0.4352002069901064,0.07208825078328615,5.716072570698256,6.07544358647858,0.8870203669282336,0.18256792581318926,0.3208810880701184,0.012929382099433518,0.012187713502272468,0.007202003461087181,0,1,48.91073266465072,2.3531135531135527
2.34,0.8933841586109519,0.19817051704019423,0.3067834385937618,0.4440745518762301,0.07079259924675078,5.9161780337232575,6.255182476897997,0.8976422618748305,0.18610694246026493,0.32226270920764744,0.01279115563275356,0.014418290442964138,0.013089394509896879,0,1,49.49042009149199,3.4007326007326
2.36,0.9019577105115235,0.20089281491799726,0.3081828441685978,0.45638254394987793,0.06909958109009233,6.18748715075244,6.484461710172885,0.9086276353359765,0.18978370962502752,0.32361210434280707,0.012653455746619191,0.013828564669819183,0.02080791276367261,0,1,50.38511433566068,3.972893772893772
2.38,0.9107760770782416,0.203706295733751,0.3095534566812995,0.47005905382226004,0.06810120535696072,6.583890838244475,6.817122978459662,0.9198575863536267,0.19355896595405858,0.3249291385372083,0.012515549865652549,0.019694408872340963,0.0366719880638981,0,1,51.56070238944707,4.48058608058608
2.4,0.9198555440620101,0.20661672985367768,0.3109127596390874,0.48410509967980997,0.06784409027033562,7.033826432790205,7.200841955224516,0.9312072413305789,0.1973908772134302,0.3262136800885292,0.012377054238100893,0.03243879311853147,0.056322259930819185,0,1,52.82621443654576,4.246886446886446
2.42,0.9291986270692456,0.20962565430893018,0.31226770182045055,0.49816096616221145,0.06764141015145549,7.312102113177442,7.463589746812162,0.9425488287123684,0.20123606964782692,0.32746560054368506,0.012237783631147709,0.04982318692530935,0.06309856025487315,0,1,53.904438521012764,3.7391941391941383
2.44,0.9388050298520196,0.2127337314724822,0.31361862342903524,0.5122085401735242,0.06743939398759198,7.345154562094743,7.547999196878988,0.9537548219354932,0.20505071012787554,0.3286847747116736,0.012097501959865876,0.058496801868525974,0.05149153684122393,0,1,54.73348138240369,3.199267399267399
2.46,0.9486741624270961,0.21594152415964687,0.31496496654511125,0.5261969877189988,0.06710444723986292,7.228373943119111,7.476474084630014,0.9647010734849516,0.20879160564984048,0.3298710806760941,0.011955878357071025,0.058853199019484326,0.028680902990508517,0,1,55.40264762888645,2.9816849816849813
2.48,0.958796258910298,0.21924653213887735,0.3162912156977529,0.5386678638548978,0.06533861565978817,7.166747858977176,7.490730646345952,0.9752698632024157,0.21241729407298288,0.3310243998073386,0.0118125968431173,0.05402299906233048,0.011252562543750066,0,1,56.03110553920203,2.957509157509157
2.5,0.9691262779092188,0.22263443513119766,0.3175947098089739,0.5486107548496619,0.06483628628610381,7.265783799898116,7.585521822056405,0.9853527861659513,0.21588909802958645,0.33214461677445517,0.011667668881872047,0.04661215425872027,0.008641924537056478,0,1,56.58878003023249,2.6432234432234427
2.52,0.9796231507409708,0.22609212305921864,0.31887654476065214,0.5563441702230986,0.06309020777068601,7.33708603041449,7.6464688222804265,0.9948534094674912,0.21917211472365603,0.3332316195566805,0.011521136212667728,0.03789704576930662,0.0059244215344185225,0,1,56.98026494422857,2.0388278388278387
2.54,0.9902330435132846,0.2296018961611022,0.3201180238996856,0.5603362742130215,0.06103179554661397,7.3477775016333045,7.650758629547693,1.0036896329451699,0.22223611583007613,0.33428529945464225,0.011373075660787584,0.034816832479559925,0.002343079563333017,0,1,57.15928850720048,0.9347985347985346
2.56,1.000868651716693,0.23313460308229236,0.32132206392056617,0.5591598878322194,0.05923429251814149,7.293953150106766,7.587198494772369,1.0117956962420214,0.22505633388112076,0.3353055511012287,0.011224017211890397,0.02818147436519433,0.0013745163027386598,0,1,57.19091030106879,0.40293040293040294
2.58,1.0114295732723984,0.23665640851547198,0.32248852507380144,0.5527387996044588,0.0573535551551292,7.169853929014715,7.452767716351307,1.0191237832798534,0.22761411432814208,0.3362922724721254,0.01107479422944401,0.023544632362719045,0.004678396357585379,0,1,57.22722453303802,1.515018315018315
2.6,1.0218202044330884,0.2401346876833392,0.3236183995905063,0.5416693960656955,0.05556625008632602,6.983193740606069,7.253801539311935,1.0256451851427122,0.22989741582278442,0.33724536489601753,0.010926247101343156,0.022268686866448038,0.008191868133702318,0,1,57.39674120487122,2.4256410256410255
2.62,1.031961195676161,0.24354194936301526,0.3247140702869667,0.5266705446035709,0.05424423890292101,6.699148929571894,6.971435203192118,1.031350993214826,0.23190114508902013,0.3381647330644569,0.010779090140305012,0.019788253706849803,0.014119309755717069,0,1,57.82428380150778,3.376556776556776
2.64,1.0417803269049188,0.24685294975297956,0.32579667965897535,0.5083506043579333,0.05398212611948729,6.308043286973107,6.551788800669806,1.0362523059471562,0.2336273169567663,0.3390502850413928,0.010634136891061255,0.021298319077538964,0.02722304827040045,0,1,58.5960056094768,4.263003663003662
2.66,1.0512378455204103,0.25005339189643344,0.3268739685792265,0.48909699824668773,0.053765237701322945,5.697868260191065,5.87251479785786,1.040379944552209,0.23508503459170285,0.3399019322723656,0.01049201219749997,0.028535771538329213,0.058873783570599636,0,1,59.753047588944774,5.0205128205128196
2.68,1.0603267046756375,0.25313997648671394,0.327947784030154,0.46980680695732413,0.05360876756130237,4.838879415412055,4.9978294307633915,1.0437836849567745,0.2362902895686764,0.3407195895933618,0.010352968520453493,0.05214237627185616,0.10515526548671722,0,1,61.233614679411644,5.35091575091575
2.7,1.0690471689765355,0.2561118860285769,0.32901847912170207,0.4505277621578286,0.0534530300664979,3.8899637412317323,4.085820722533143,1.0465310251827697,0.23726558607787018,0.34150317523933066,0.010217226658333814,0.09507174087242774,0.15424728368047752,0,1,62.83036548472868,5.286446886446885
2.72,1.0773997166734623,0.25896838079859896,0.33008606376409305,0.4312599603978424,0.05329774502760456,3.048134392061282,3.2827455764305946,1.0487055186881993,0.23803939810268224,0.3422526108523607,0.01008506681396982,0.15259632436256204,0.1951806137207927,0,1,64.28319382622887,4.835164835164835
2.74,1.0853848260976935,0.26170872573951415,0.33115054699347696,0.4120033951944959,0.05314291110333052,2.4049029864626665,2.6870010050853588,1.0504047148062927,0.23864547274687647,0.34296782148951493,0.00995683134517561,0.21889369526108626,0.22153851810016315,0,1,65.47886781183867,4.343589743589742
2.7600000000000002,1.0930029753654433,0.2643321903407138,0.33221193781969,0.3927580601332823,0.052988526983154066,1.9090326571140037,2.2084800532477953,1.0517377570126802,0.23912199690209876,0.3436487356303259,0.00983292098817276,0.29175195011806043,0.23951279072293272,0,1,66.52976504239662,4.182417582417582
2.7800000000000002,1.1002546423690527,0.2668380486174755,0.33327024522639387,0.37352394896351315,0.05283459136036078,1.4615529565216305,1.7413700852325364,1.0528226980945832,0.23951064802945865,0.3442952851839468,0.009713786904216953,0.3637681839874616,0.2538689048659223,0,1,67.56488335955744,4.279120879120879
2.8000000000000003,1.1071403047707213,0.2692255790911176,0.33432547817115227,0.35430105578317034,0.0526811029320323,0.986099177571237,1.231198257685916,1.0537835981895431,0.23985555288572144,0.34490740549596105,0.009599918934242894,0.43685101268926363,0.2719705960138128,0,1,68.66558719014012,4.3999999999999995
2.82,1.1136604400015164,0.27149406477105,0.33537764558550637,0.3350893754369961,0.05252806039903534,0.4230697720100597,0.6280223219871792,1.0547474769369916,0.2402021804743821,0.3454850353548476,0.009491830556823046,0.5143237246334168,0.29796803276377437,0,1,69.91090282459275,4.810989010989011
2.84,1.119815525271582,0.2736427931408224,0.3364267563750506,0.3158889043734165,0.052375462466010714,-0.09349742276768833,0.05843412542450776,1.0558411945162278,0.24059619727882733,0.3460281169981019,0.009390041140296526,0.6036495381813181,0.32145768283512044,0,1,71.09169449203601,4.134065934065934
2.86,1.1256060376042893,0.2756710561527161,0.337472819419508,0.296699642488296,0.05222330784136234,-0.3012618433316419,-0.14889831346988278,1.057188338044153,0.24108231389070614,0.3465365961180122,0.009295056155177221,0.6990598986405621,0.3177894444883961,0,1,71.8757859607365,3.0461538461538455
2.88,1.1310324539217185,0.27757815024067073,0.3385158435728057,0.2775215970901031,0.05207159523724633,-0.11632116119859837,0.026062190657139866,1.0589061896350493,0.2417031524520673,0.34701042186709025,0.009207346065748249,0.771979628627015,0.28546053588589443,0,1,72.2992551260469,2.3047619047619046
2.9,1.1360952512403015,0.27936337637265823,0.3395558376631486,0.25835479142322637,0.05192032336956006,0.24170757471143461,0.38302580060113306,1.0611028503881779,0.24249816387488837,0.34744954686315593,0.009127324648743104,0.8130174292636171,0.23949271781835782,0,1,72.59593349133995,2.2886446886446885
2.92,1.140794907102979,0.28102604018797717,0.340592810493096,0.23919928297954035,0.05176949095793134,0.47962246973525174,0.6435789422425682,1.063874590717736,0.2435026225963317,0.3478539271940757,0.00905532749146682,0.8253826625299078,0.2007670655933547,0,1,72.98300754865099,2.8688644688644684
2.94,1.1451319005189593,0.2825654523173661,0.34162677083963444,0.22005520281457813,0.05161909672570756,0.5438130357676494,0.676238640695686,1.0673034918688686,0.2447467247020731,0.3482235224221533,0.008991591401763869,0.8227531366807643,0.17914493314028612,0,1,73.52111640982352,3.2153846153846146
2.96,1.1491067139923559,0.28398092909649664,0.342657727454253,0.20092283989217025,0.051469139399944054,0.6307193227047694,0.7169910946262181,1.0714554363098021,0.24625481265194973,0.34855829558817397,0.008936235418692848,0.815697055940694,0.15692764428119327,0,1,74.02587758074571,2.731868131868132
2.98,1.1527198378842864,0.28527179412515746,0.34368568906299973,0.18180282180319948,0.05131961769742116,0.9972023686476718,1.0517268638332222,1.0763784961292036,0.2480447466382249,0.3488582132151002,0.00888924404747687,0.7845850477017743,0.11267403437821782,0,1,74.3097077121057,1.6923076923076923
3.0,1.1559717821312827,0.28643738248856376,0.34471065477143364,0.1626994705820959,0.051159161000417785,1.6727595543192142,1.715097016669185,1.0821017588091724,0.25012743887919575,0.34912324531141903,0.008850453245648416,0.7069366959357347,0.043787434921986446,0,1,74.41860288615315,1.1443223443223443
3.02,1.1589011178217508,0.28749067944898404,0.34567042506286244,0.1505438348040618,0.04516598196608703,1.8547257942153152,2.0794978645240345,1.08863461902659,0.2525065629957331,0.3493533653741418,0.008819333226201913,0.573266958116422,0.0031630315383157637,0,1,74.480461431014,1.1523809523809523
3.04,1.161669102670187,0.28848883306490014,0.3465606759799757,0.14324981494772518,0.04324217621983146,1.7648568881150413,1.9695407385781565,1.0959665537208554,0.2551784461430045,0.34954855039145405,0.008794627240194412,0.4697413291237476,0.0037502730361314296,0,1,74.5469712636164,1.345787545787546
3.06,1.1643020406111353,0.2894408639549892,0.3473892952430826,0.13750078638438287,0.039006983975095534,1.7427970875006094,1.9201916894268074,1.1040673858332526,0.2581321468899989,0.3497087808450166,0.00877582748865809,0.39107966991733933,0.0008977366326404501,0,1,74.57999062963646,0.3465201465201465
3.08,1.1668715000501482,0.29037222613824065,0.34811852508385066,0.1368934396518903,0.03380288141338281,1.7918992243736678,1.9429789635056338,1.1128880301612727,0.26134971707688986,0.34983404071191765,0.008762206967256044,0.31476855686895205,0.003921549644677502,0,1,74.62347543679921,1.3377289377289374
3.1,1.1694766234164333,0.29131853004536024,0.3487477957835487,0.14155795252915196,0.028795813466611492,1.9295129774782926,2.0410189774895664,1.1223617029722244,0.26480664115843033,0.34992431746627495,0.00875297965576972,0.25563255580048305,0.008626725340376173,0,1,74.84419465722003,2.578754578754579
3.12,1.1722150384649876,0.29231505293974036,0.3492716306229271,0.1511178237135885,0.023637718251237727,2.178685462680569,2.226706354619143,1.132405565672387,0.2684724419831576,0.3499796020804882,0.008747446761313013,0.219156007419762,0.016774752455189362,0,1,75.40421451186968,3.7230769230769227
3.14,1.1751685277958306,0.29339144751197976,0.3497092756722286,0.16421984850749366,0.020555006558510464,2.6498840530314336,2.529890494788695,1.1429227622077358,0.27231143768175337,0.3499998890261421,0.008744987864826203,0.19155508638723484,0.03842690671598084,0,1,76.4344089691038,4.835164835164835
3.16,1.1783801878634332,0.29456345199169737,0.3501160125448975,0.17840552245134894,0.020243253812530195,3.4535660745728336,3.108394819303738,1.153804800239045,0.2762836304546923,0.349985176274559,0.008745154141954363,0.19743972616366914,0.08445815136599433,0,1,78.00371902809377,5.52014652014652
3.18,1.1818586579235841,0.29583441773687097,0.35052031255050964,0.19264395825792174,0.020184094715276504,4.452970549091597,4.001553761416608,1.16493421772299,0.28034570466034975,0.34993546529700176,0.008747689708324987,0.23162955297536403,0.14516381091985053,0,1,79.99793753114118,5.810256410256409
3.2,1.1856039640383111,0.2972045936616056,0.35092343711621815,0.20687293061098522,0.02012545840722416,5.41357430612402,4.993757287974552,1.1761874695470065,0.28445210879819105,0.3498507610645268,0.008752413588760954,0.275150326278097,0.20296897944568884,0,1,82.05566300242423,5.632967032967032
3.22,1.1896158545843418,0.29867412706978896,0.3513253905749819,0.2210929005490047,0.020066992449585794,6.175157980715464,5.866330932905307,1.1874379634794663,0.28855619383048886,0.34973107204748666,0.008759199203856679,0.3218405607091168,0.24585667657007637,0,1,83.87351425627187,5.0608058608058615
3.24,1.1938940859701044,0.3002431669232856,0.35172617632897,0.23530417909008494,0.020008696339914787,6.745673514678812,6.517023488230452,1.198559171039814,0.2926113788460765,0.3495764102146834,0.008767992349454539,0.36036819988217306,0.2744229868154098,0,1,85.39290641875138,4.601465201465201
3.2600000000000002,1.198438419427734,0.3019118626829864,0.3521257977704522,0.24950694429894668,0.019950569584790117,7.19740366779923,7.032040068495386,1.2094277370548756,0.29657231437822124,0.34938679103217135,0.008778829785118984,0.3936321608965505,0.2940889390071057,0,1,86.75879763728749,4.464468864468864
3.2800000000000002,1.2032486190805793,0.30368036361188555,0.3525242582818429,0.2637012990384118,0.019892611692224206,7.513757746499278,7.323705234337982,1.2199265116927174,0.3003960137635288,0.34916223346171077,0.00879185675318377,0.41827527861791625,0.30361012817055666,0,1,87.87424521287915,3.6424908424908424
3.3000000000000003,1.2083244508501718,0.30554881838271186,0.3529215612357305,0.2778873036284265,0.01983482217165872,7.481987493867793,7.200657075512239,1.2299474306537408,0.3040429237675837,0.3489027599588716,0.00880734276378908,0.438323212822404,0.28703037462427305,0,1,88.5554305779874,2.683516483516483
3.3200000000000003,1.2136656818378395,0.3075173748579692,0.35331770999490625,0.29206499431561345,0.019777200533960444,7.105265263532519,6.766610768453377,1.2393941729043116,0.30747790728356916,0.34860839647078784,0.008825695035732602,0.4457275026915297,0.24458756855077796,0,1,88.9421340956986,1.9582417582417582
3.34,1.2192720799747154,0.3095861799675877,0.3537127079123916,0.30623439372016875,0.019719746291417133,6.557668516592914,6.193515080162187,1.248184530771029,0.3106711131908165,0.34827917243356304,0.00884746905795554,0.439258757215506,0.18933749681966905,0,1,89.21605537446735,1.8937728937728937
3.36,1.2251434138235495,0.3117553796418391,0.3541065583314446,0.3203955167423714,0.019662458941206707,5.985415956556041,5.62215619044276,1.2562524342414263,0.3135987113812836,0.34791512076932657,0.008873375829949215,0.4176651682903174,0.13224654719816098,0,1,89.4766020419599,1.9421245421245419
3.38,1.2312794522982544,0.3140251187128888,0.35449926384467667,0.3345482699838542,0.019604909056956464,5.452276161330437,5.148132078260429,1.263549579768311,0.31624347444686945,0.3475162778829414,0.00890428544672809,0.3786505318828055,0.07809737483675039,0,1,89.77889443138349,2.24029304029304
3.4,1.2376791070045554,0.3163952201129243,0.3548870678630089,0.3483366148871846,0.01809032388188795,5.038901305444412,4.822674920304957,1.2700466235441021,0.3185951914781122,0.347082683658364,0.008941216880673623,0.3287411625274523,0.033018144558705,0,1,90.14688952915006,2.377289377289377
3.42,1.2443078481134766,0.31885276731792317,0.35516099419489094,0.35827775838199155,0.010761806519920035,4.843849781465484,4.895479627310552,1.2757339098627074,0.3206509037518198,0.3466143814546553,0.00898472187597265,0.26621758259014194,0.007055718466704497,0,1,90.51791584668763,2.224175824175824
3.44,1.2510904004644514,0.3213691196659581,0.3553690305786021,0.36518284261519907,0.00874982699519547,4.938132604446746,4.951275293703346,1.2806217165599354,0.32241495666869013,0.3461114181016455,0.009034456626578796,0.21451613675123388,0.006839569847394034,0,1,90.82500759559633,2.216117216117216
3.46,1.257985090767767,0.3239284264137393,0.35548452594648106,0.36942314180186997,0.002333669134941173,4.962418934158882,4.947885615915242,1.2847400113416698,0.3238988670225742,0.34557384389525075,0.009090684094259114,0.1740371008837993,0.003201675395685055,0,1,90.98720375220309,1.1604395604395603
3.48,1.2649141053011397,0.32650089347875005,0.3554677472813303,0.3685051377022644,-0.004518223783272325,4.925326601228675,4.873777650667153,1.288137724783608,0.32512100941794864,0.3450017125924437,0.009152762589481453,0.1430558382012704,0.0021133513834061812,0,1,91.01986106162444,0.7172161172161171
3.5,1.2717789284975904,0.32904887454603543,0.35530877972844105,0.3624615692871089,-0.011400260047543747,4.8211149818549925,4.735625547628053,1.2908815576248267,0.3261061302784197,0.3443950814058779,0.00921951580305518,0.11692190649341282,0.005123603805971599,0,1,91.06930760227415,1.7003663003663
3.52,1.2784894422882185,0.33153789803670664,0.3550217173970438,0.3519062109386619,-0.017814770034965798,4.658361626826517,4.519094303187607,1.2930543513905601,0.32688470228682664,0.34375401099816644,0.009289687376835602,0.09693415065860377,0.009589331892947861,0,1,91.26840885106252,2.764102564102563
3.54,1.2849653346787415,0.3339373145400922,0.35459776624107914,0.33728692982421565,-0.024211591064955865,4.412047314035687,4.222412371223043,1.294753062088335,0.3274921361530442,0.3430785654758159,0.009362048666367827,0.08061342149620034,0.01600579968014587,0,1,91.72951369419174,3.602197802197802
3.56,1.2911362265305661,0.3362203978008592,0.354078619211334,0.319428788301005,-0.027286182820771065,4.053124966926693,3.7403799930156016,1.2960863864638732,0.3279678702144373,0.34236881238281563,0.009435432368041312,0.0723646003090764,0.03371591408888841,0,1,92.57992424538051,4.633699633699633
3.58,1.2969592082559478,0.3383711997178821,0.3535289111400953,0.30032363298396164,-0.02753415220153632,3.515186639817175,2.984405116696771,1.297172098840459,0.32835436144350294,0.34162482269388345,0.00950930313182416,0.08154071381870791,0.07126176031341191,0,1,93.8203808642584,5.149450549450549
3.6,1.3024237926410607,0.34038620664569147,0.3529789401149724,0.2811441785664261,-0.027457092717343486,2.7519022418590193,2.0610798266960053,1.2981341636882435,0.3286960038892779,0.3408466708073683,0.009583729100006152,0.12411819811201467,0.12134634394793045,0,1,95.37586755028836,5.504029304029304
3.62,1.3075295977839398,0.34226573388659376,0.3524305563951889,0.26197524654915094,-0.02737732883515323,1.8817079223027404,1.176980325434045,1.2990996946033082,0.32903800235167296,0.34003443453781035,0.00965881615147493,0.20459895129104622,0.16850002966291844,0,1,96.98026659863314,5.109157509157509
3.64,1.3122766827280756,0.3440102605134079,0.351883765768393,0.24281759662609342,-0.027297795653180367,1.2132940601999134,0.6513197656529709,1.3001958341837856,0.3294252301369971,0.3391881951081597,0.009734489601631455,0.3103445161611262,0.18878203302801633,0,1,98.1960594236538,4.198534798534798
3.66,1.316665111394254,0.3456202650346101,0.35133856360914756,0.22367134158844437,-0.027218493520926496,1.0350379879822411,0.6298560092602068,1.3015466312776485,0.32990110004359374,0.33830803714165414,0.009810469231230332,0.4065277832974489,0.17126062712495282,0,1,98.84957641969619,2.6432234432234427
3.68,1.3206949519736177,0.34709622516045413,0.35079494530283356,0.20453673067667924,-0.027139421769286843,1.3639006575941985,1.0023939895203802,1.3032699921938498,0.33050647727339194,0.3373940486533568,0.009886256119910834,0.4668340003475299,0.12420069132648622,0,1,99.13073278399371,1.845421245421245
3.7,1.3243662808086967,0.3484386192235469,0.3502529057979756,0.18541441514997453,-0.0270610135363002,1.9405400761897171,1.5325451638408518,1.3054747807110416,0.33127866177265686,0.33644632104135497,0.009961123536391545,0.47083364256443716,0.06533193529001362,0,1,99.29158486996101,1.668131868131868
3.72,1.3276863794175093,0.34965053769428117,0.34968337442580477,0.16833092492645035,-0.03381104071164164,2.2648813342497056,2.017880269270841,1.308258138127385,0.33225046560699556,0.3354649490776199,0.010034208836807721,0.40783176506846475,0.01056580699592538,0,1,99.45175255526071,1.9582417582417582
3.74,1.330747856289434,0.35076580675725816,0.3489602603412085,0.1569468514853404,-0.03732278686114678,2.106013134504539,1.9086659170727631,1.3117030892572588,0.33344940842374227,0.33445003089853037,0.010105474150377033,0.3298252624008681,0.0067055782012653,0,1,99.66983890537156,2.1919413919413913
3.7600000000000002,1.3335950553637745,0.3518006198186127,0.3481949076851058,0.14614699020011224,-0.04061680421869641,2.0146933277873873,1.7766481382487638,1.315876493324888,0.3348970509181444,0.3334016679950583,0.010174203203531615,0.27265237858716707,0.00518118702990264,0,1,99.84864330694309,1.7728937728937728
3.7800000000000002,1.3362718588236457,0.35277103791299536,0.3473142054321663,0.13937535663874256,-0.0478441110784381,1.9854393115199027,1.7148430039514075,1.3208273902996035,0.3366084825822773,0.33231996520262064,0.010239713937498842,0.23265307066672414,0.0016717502374837823,0,1,99.9057622027921,0.6285714285714284
3.8000000000000003,1.338869838572294,0.3537100827464511,0.34628872507244296,0.1379376031263332,-0.05514110340637944,2.030594963274698,1.718949170801782,1.3265857835668493,0.33859197597407753,0.33120503069059504,0.010301891994666822,0.19158699835016704,0.003880209472057028,0,1,99.94381956292445,1.3216117216117214
3.8200000000000003,1.3414896429556595,0.35465376017505656,0.34511412039642786,0.14179623058822013,-0.06248464285367903,2.159420142362868,1.8003398058451319,1.3331618891679502,0.34084881540525575,0.33005697595150363,0.01036080797261304,0.1618956798592511,0.008288197946795944,0,1,100.1330065312299,2.506227106227106
3.84,1.34422990128265,0.3556369679449442,0.34379811084845313,0.1505682059714454,-0.0690311935417653,2.3848828484701095,1.961418803899555,1.340545870429838,0.3433733034254081,0.3288759157898637,0.010416539604231263,0.1406345172754924,0.015182080890877386,0,1,100.62143928950958,3.553846153846153
3.86,1.347173302254655,0.35668849434661554,0.34236966579022793,0.1630516532540441,-0.07329146697021983,2.7897187687129383,2.232932564910414,1.3487080649218344,0.34615294389395934,0.3276619683107071,0.010468964645442988,0.12595705368766022,0.0322518756750845,0,1,101.53829586639843,4.593406593406593
3.88,1.3503713830648467,0.35782575320980076,0.3408976059385582,0.177150387618634,-0.07366364994150437,3.5116138210689964,2.7012056906506774,1.3575996986105132,0.3491687959013924,0.3264152549077701,0.010517608286222068,0.13524900322229363,0.07222455547265491,0,1,102.94950882349596,5.383150183150184
3.9,1.3538388672942003,0.3590530673212159,0.33942629273258046,0.191388712981718,-0.07345409059863559,4.436424148527719,3.4453914795875717,1.3671540701307145,0.352395988444256,0.32513590025135425,0.010561672720293892,0.16899847792258743,0.12738682094412013,0,1,104.74908214170439,5.576556776556775
3.92,1.357576666067827,0.3603698853551732,0.33795923914012316,0.20561850073082832,-0.07324070177673968,5.37807635777895,4.381343163242929,1.37728817654362,0.35580438168734524,0.3238240322758589,0.010600301699207032,0.22036684388304761,0.18382149276501233,0,1,106.74412801654691,5.681318681318681
3.94,1.3615848708814011,0.3617753720501379,0.3364964474458539,0.21983924950437655,-0.07302793207576287,6.187169741947598,5.303556026127625,1.3879047410946979,0.3593593569657927,0.32247978216698836,0.01063275520526513,0.2678362246409055,0.23032317404729835,0,1,108.62940230891562,5.254212454212453
3.96,1.3658635751621548,0.36326869748561125,0.3350379052705522,0.23405128590571428,-0.07281578048662804,6.773049265117692,6.0244847445128915,1.398894593581794,0.36302271448342327,0.32110328434863344,0.010658450404944163,0.31591624473615865,0.26009241068565325,0,1,110.204301793673,4.73040293040293
3.98,1.3704128740503796,0.3648490369500244,0.33358360026904843,0.24825479692144165,-0.07260424521368201,7.237762743132947,6.548596260804498,1.4101393452405266,0.3667536550322229,0.3196946764694288,0.010676991358716656,0.35477565340130357,0.28078260222292983,0,1,111.57247914608935,4.4161172161172155
4.0,1.375232862392827,0.3665155701996573,0.33213352013203673,0.2624498904611087,-0.07239332446648031,7.685959045074589,6.971043117289371,1.4215142927649214,0.370509820056542,0.3182540993889886,0.010688196061666745,0.3857169597628505,0.3002423062708542,0,1,112.87912834653774,4.3838827838827825
4.0200000000000005,1.3803236336181262,0.36826748103793966,0.33068765258597066,0.27663662970000924,-0.0721830164597798,8.062216794501206,7.302438791565102,1.4328914803863912,0.3742483630631417,0.31678169716382026,0.010692119955251121,0.4088873643631844,0.31431485676022297,0,1,114.0766714248996,4.053479853479853
4.04,1.3856852791114223,0.37010395707524063,0.32924598539295924,0.29081505250073614,-0.07197331941352361,8.228936917785846,7.425510123917349,1.4441428449751927,0.3779270247647697,0.3152776170329195,0.010689075093872381,0.4274535133418489,0.3126802856446328,0,1,115.0126705826771,3.3201465201465195
4.0600000000000005,1.3913178878714223,0.3720241895902881,0.32780850635066383,0.30498518239834665,-0.0717642315528261,8.166050636958124,7.323715075406853,1.4551433670047977,0.3815051844521625,0.3137420094030459,0.010679644259134606,0.4391951832541948,0.29383341137847563,0,1,115.70248680061016,2.9655677655677652
4.08,1.3972215463271909,0.37402737344881404,0.32637520329219394,0.3191470348152576,-0.07155575110795774,7.979011943665088,7.138343341262179,1.465774149985633,0.38494486090975777,0.31217502783368284,0.010664689445611691,0.4411750623748321,0.26568326824911204,0,1,116.29530427255492,2.933333333333333
4.1,1.4033963382453132,0.37611270705441735,0.3249460640860052,0.33330062057832416,-0.07134787631433032,7.8159960276922575,7.030288358654677,1.4759253526387615,0.38821163769777467,0.3105768290216814,0.010645354291875743,0.4354585280021457,0.23934298499887235,0,1,116.94405431365453,3.1589743589743584
4.12,1.409842344688142,0.37827939231755997,0.32352107663579627,0.3474459479097983,-0.07114060541248174,7.8231624441077985,7.0502050312909885,1.4854989016041487,0.3912754897736017,0.30894757278559093,0.010623060195723991,0.42588956776159337,0.22577452036991502,0,1,117.75058496064801,3.5941391941391942
4.14,1.4165596440009065,0.38052663463476133,0.3221002288804065,0.36158302355472816,-0.0709339366480614,7.980433425627029,7.218567475160975,1.4944109177784266,0.3941114911578685,0.30728742204967735,0.010599496028632336,0.4135513697806989,0.22347203540416738,0,1,118.72756812575992,3.9003663003662994
4.16,1.4235483118150978,0.3828536428735183,0.32068350879371355,0.3757118534195653,-0.07072786827181518,8.132150576587216,7.364959895642571,1.5025937963261242,0.39670038658949913,0.3055965428276307,0.01057660154665226,0.40461726157688666,0.22076114485283105,0,1,119.6689554880691,3.4329670329670328
4.18,1.430808421061,0.38525962936043,0.3192709043845321,0.3898324429340171,-0.07052239853957061,7.948602650231002,7.179261448672808,1.5099978888382262,0.39902901377093264,0.3038751042059644,0.010556544778152764,0.39008703764351044,0.19291350011078956,0,1,120.2528797678498,2.1597069597069596
4.2,1.4383400419853307,0.3877438098711072,0.3178624036965071,0.4039447972549015,-0.07031752571737628,7.328655680321384,6.55761558453652,1.5165927458180188,0.4010905667805973,0.3021232783271058,0.010541693847724897,0.3684107253534045,0.1323440488829008,0,1,120.49430204691954,1.3135531135531133
4.22,1.4461432373231937,0.39030540202533753,0.31645797376498674,0.4180424629060666,-0.07013985945551507,6.441594580057419,5.704898032151377,1.52236788842035,0.40288469541798905,0.30034124037218307,0.010534583775131634,0.32709957983964233,0.05175055730169198,0,1,120.60115875313716,0.9992673992673992
4.24,1.454176123676715,0.39292970207537325,0.3149610532621664,0.4251782261436253,-0.07869528015643328,5.919098968501406,5.514336524574216,1.5273330898945943,0.40441743953580805,0.29852916854350664,0.010536906558601703,0.2682687338261254,0.0038020932642577887,0,1,120.70812484212459,1.3941391941391938
4.26,1.4622929573426322,0.39556746629861833,0.3133738579113966,0.4289256858017696,-0.08060354663167081,5.999375677414649,5.572783620049654,1.5315181592021638,0.4057010016901768,0.2966872440467494,0.010547446843682168,0.21775158448802318,0.005712816144311628,0,1,120.8968483324978,1.966300366300366
4.28,1.470497562781831,0.3982191362046697,0.3117263121612553,0.4326442105484835,-0.08461973684638797,6.023033767499558,5.574407432547498,1.5349722315021017,0.4067533655918167,0.294815651072826,0.010567956572720423,0.1778524919994058,0.0030055720131695884,0,1,121.04696135599445,1.12014652014652
4.3,1.4787386901110295,0.4008672570265226,0.30998623692370564,0.43184781745838025,-0.09021456271398173,5.989840176692993,5.503757449533119,1.5377625823234715,0.4075977717601307,0.2929145767794742,0.010598950039233087,0.14316799087563764,0.0019252418277397876,0,1,121.08145179847145,0.6366300366300366
4.32,1.486923264815294,0.40348097728351523,0.30811446153803,0.42605319026149746,-0.09696932193903648,5.888193045772885,5.369114800499107,1.5399729939730051,0.40826206536737375,0.29098421127253904,0.01063961212443311,0.1171767020658257,0.004945409055647554,0,1,121.12198283669849,1.6358974358974359
4.34,1.4949588538323293,0.4060300391228036,0.3061208150459631,0.4154587698025022,-0.10222730417594719,5.705894691271751,5.156727187776023,1.5417017137722164,0.4087779344200636,0.28902474758696284,0.010688616961696588,0.09860510306212969,0.009281042925870508,0,1,121.31671798581436,2.691575091575092
4.36,1.50275354888437,0.4084852242099501,0.30403715276392007,0.4003423890275868,-0.1061152018977691,5.446266878552877,4.843314891435282,1.5430590538074969,0.40918005908005517,0.2870363816674809,0.01074452883745617,0.08032432215800865,0.0169318838093645,0,1,121.79824637295886,3.706959706959707
4.38,1.5102334481255464,0.4108238764896087,0.3018889826851659,0.3821506922310747,-0.10834159028808761,5.078474078885228,4.34527002474387,1.5441646907602455,0.409505195012878,0.28501931234902855,0.010806131440140662,0.0755537255633507,0.035670538220547776,0,1,122.65608887264777,4.617582417582417
4.4,1.5173595722199502,0.4130350284218551,0.2997214928135136,0.3629873523348925,-0.10827417980742017,4.498966266401894,3.587083011358887,1.5451447318415803,0.409791215116268,0.2829737413368565,0.01087276462746694,0.0865704717503015,0.07338403231956614,0,1,123.90265282177462,5.149450549450549
4.42,1.5241233590763517,0.41511770865820347,0.297558980412994,0.3437708717211159,-0.10796073103371176,3.6803497038687976,2.6768401161604753,1.5461286187020626,0.41007613479446076,0.2808998731863615,0.010944282349805573,0.12157179440460293,0.12249532411267502,0,1,125.4508899393785,5.39120879120879
4.44,1.5305241699436354,0.41707350306494817,0.2954027468287276,0.32456533485112254,-0.10764709724748527,2.7581425193082953,1.7553271463953235,1.5472459452747909,0.41039714608850497,0.27879791528263026,0.01102039801543323,0.18878405149857463,0.17246285039445106,0,1,127.10393542281882,5.294505494505494
4.46,1.536561692309682,0.4189040922687202,0.2932527772633646,0.30537100654969734,-0.10733437440162086,2.081057304729673,1.1524893167652932,1.5486232677367024,0.4107896854522478,0.27666807781970165,0.01110046615859905,0.27861888884119795,0.19854077665599237,0,1,128.3505803350239,3.9567765567765565
4.48,1.5422356223650744,0.42061115043907155,0.29110905351993477,0.2861878901181025,-0.10702256003894015,1.9946667735646624,1.1749697309107483,1.5503809850801562,0.4112865587980609,0.2745105737795469,0.011183471407492084,0.36182964894836334,0.17773087389239772,0,1,128.92416266372985,2.393406593406593
4.5,1.5475456642795313,0.42219634508113074,0.2889715574538554,0.2670160000890068,-0.10671165152471637,2.4759173029520722,1.720266320332373,1.5526303671639545,0.4119171456631317,0.2723256189107724,0.011268033200475827,0.4060070946348219,0.11772081227438272,0,1,129.10357801626031,1.1926739926739927
4.5200000000000005,1.5524915344550936,0.4236613383072966,0.2868402547749621,0.2478602808060664,-0.10642077270449662,3.240552256640275,2.4633014634778396,1.5554708035965743,0.4127067020193802,0.270113431707044,0.0113524185588057,0.38872759224631365,0.04289272423137408,0,1,129.17333528422546,1.257142857142857
4.54,1.5571092488487277,0.42501832926065963,0.2846399817755471,0.2346069610097446,-0.1133542178563246,3.351957012304633,2.7674999068954063,1.5589873414777038,0.413675778435234,0.2678742333852387,0.011435124468022109,0.32263780032837963,0.005507166599887453,0,1,129.28664499652697,1.8534798534798536
4.5600000000000005,1.5615182258531508,0.4263031942848796,0.28235526401378414,0.22386589553503622,-0.11557193574333051,3.20685893485703,2.6009996829233875,1.563248573015156,0.41483976707538783,0.2656082478633226,0.011515649013448537,0.25910578107199506,0.0068322515245493876,0,1,129.4756225271075,2.1999999999999997
4.58,1.5657186626630708,0.427516764977424,0.28000853213103744,0.2137548870498761,-0.11972504822357673,3.1247908836259954,2.494989112148171,1.5683049255123855,0.4162085874852015,0.26331570173795976,0.011591571499680969,0.21277452989155163,0.003882944476283706,0,1,129.61077052543797,1.3619047619047615
4.6000000000000005,1.5697682529472092,0.42867625309914936,0.2775620485336394,0.2083555931774393,-0.12566391077339908,3.1144956962868027,2.4485946058164623,1.5743081630484683,0.4178187728151661,0.260996824261852,0.011661267943350455,0.17798219891754963,0.0013554409971250625,0,1,129.6426198105434,0.4835164835164835
4.62,1.5737659158942743,0.42981000914777656,0.2749812201150125,0.20831449819784367,-0.13252004158872385,3.1767665123668096,2.475858944088241,1.583006207710555,0.42013047824855154,0.25865184732081475,0.011721006452710231,0.1449061701200922,0.0047641823278095075,0,1,129.70967359939473,1.6278388278388274
4.64,1.5778147319150488,0.43094669267049646,0.2722711039307732,0.21347705231791134,-0.13869408732307797,3.324488756058061,2.577262452404855,1.5917096804625324,0.4224216622631317,0.25628100541058796,0.011768755599152692,0.11908091556200748,0.009507727795058402,0,1,129.97455532104678,2.78021978021978
4.66,1.582011339738469,0.4321123198726559,0.2694398932600179,0.2233442875000241,-0.14405009563314386,3.5826886725807237,2.776823720101608,1.6004185913331959,0.42469208794068086,0.2538845356133868,0.011805642594853491,0.10712061735847812,0.01798784477323284,0,1,130.59654844366065,3.852014652014651
4.68,1.5864376795404054,0.43332805477135244,0.266533664857204,0.236611653206779,-0.14618140588370596,4.038124407544784,3.078637666188798,1.6091329481811047,0.4269415201388285,0.25146267757419416,0.011832732190929039,0.09575275732074208,0.038473210241175726,0,1,131.65554662255965,4.73040293040293
4.7,1.5911338877565215,0.4346031826915395,0.2636104398899472,0.25075154762492396,-0.1460028202454834,4.795302578001893,3.6075933816943615,1.617852756690111,0.42916972552178806,0.2490156734767955,0.011850733061087502,0.10231059492254059,0.08115560987857617,0,1,133.18616576039366,5.47985347985348
4.72,1.5961077397329184,0.43593811820142486,0.26069440175119396,0.2649449812018017,-0.14557944432166092,5.749814702740725,4.426369045067314,1.6265780203657498,0.4313764725911714,0.24654376801956163,0.011860094079357831,0.12787044271337095,0.13863102708263708,0,1,135.11926113027522,5.697435897435897
4.74,1.6013597621367834,0.43733133334804936,0.2577868326413176,0.2791302559024933,-0.14515652522596856,6.568376793450786,5.27310296988466,1.6353087405324975,0.433561531716879,0.2440472083909782,0.011861250174737995,0.16776969049793256,0.18591826381338156,0,1,136.9505738928704,4.988278388278387
4.76,1.6068901613906508,0.4387812234462208,0.25488771023644535,0.29330721912941604,-0.14473483469435225,6.913549144841687,5.783130438426419,1.6440449163318998,0.4357246751680576,0.24152624424492772,0.011854683477705862,0.20964063201703678,0.19770934814178354,0,1,138.19233573794565,3.868131868131868
4.78,1.612699135182293,0.44028619043653927,0.2519970099983771,0.3074758926263744,-0.1443143692051787,6.803376709336195,5.860764345836197,1.6527865447215724,0.43786567714411156,0.23898112767572388,0.01184092579319429,0.23810944181273444,0.17535763042485625,0,1,138.91166537842128,2.893040293040293
4.8,1.6187868728944095,0.4418446429837884,0.24911470746009007,0.3216362908077581,-0.14389512519963873,6.551248327082231,5.676411736374198,1.6615336204750812,0.43998431380576264,0.2364121131929028,0.011820557831174791,0.2581396776215745,0.14236725993547789,0,1,139.44315222437797,2.7560439560439556
4.82,1.6251535555838796,0.4434549964567703,0.2462407782256025,0.3357884239261919,-0.1434770991400995,6.417602799985336,5.50460469184944,1.6702861361826982,0.4420803633061424,0.2338194576957718,0.01179420842201902,0.25701855289754577,0.1182711372360894,0,1,140.04274885413116,3.1750915750915745
4.84,1.6317993560071502,0.4451156729208997,0.24337519796740395,0.3499322997928927,-0.14306028782582667,6.513783466655234,5.542377917833048,1.6790440822530375,0.44415360582191044,0.23120342044772024,0.011762553722449269,0.24756990353101674,0.11142000551934272,0,1,140.88396392506866,3.924542124542124
4.86,1.6387244386719007,0.446825101137755,0.24051794242373836,0.36406792503659297,-0.14264468748474593,6.817654596830651,5.784712990569533,1.6878074469155728,0.4462038235843851,0.22856426305029268,0.011726316411889332,0.2375747859261031,0.12015367910360408,0,1,141.95315069989044,4.1501831501831505
4.88,1.6459289599078406,0.44858171656944373,0.23766898741452952,0.3781953055645321,-0.14223029416675603,7.161894835811855,6.068707696804025,1.6965762162240379,0.44823080091067624,0.22590224941702977,0.011686264879342712,0.23515883494874798,0.1319230512296733,0,1,143.0742719628044,4.1179487179487175
4.9,1.653413067938875,0.4503839613831317,0.23482830883055247,0.3923144466887474,-0.14181710459390987,7.418991478341417,6.314980077591765,1.7053503740607114,0.4502343242348096,0.22321764574707625,0.01164321240068551,0.23548805085450336,0.13716466431401608,0,1,144.1173040251199,3.8036630036630035
4.92,1.661176902961356,0.4522302844567087,0.23199588262912682,0.40642535351143744,-0.1414051153581232,7.474448737041667,6.448366799066098,1.7141299021415863,0.4522141821388282,0.22051072049856227,0.011598016306456845,0.23336670052219063,0.1272913298486441,0,1,144.97260966613663,3.352380952380952
4.94,1.6692205972257876,0.45411914138493775,0.2291716848352511,0.42052803095270147,-0.14099432321982056,7.395397894340164,6.4588937267780295,1.7229147800224176,0.45417016538386284,0.2177817443617566,0.011551577140329543,0.22533179413185594,0.10733788971104491,0,1,145.698650875391,3.247619047619047
4.96,1.6775442751120742,0.4560489944836688,0.22635569151431106,0.4346224823559161,-0.14058473042847722,7.3227528897351615,6.419733712326375,1.7317049851056614,0.456102066941157,0.2150309902319991,0.011504837808230632,0.21366865380293806,0.08787288559281031,0,1,146.40113966694355,3.150915750915751
4.98,1.6861480529098625,0.4580183127239222,0.22354787761189082,0.44870865175964264,-0.14017656265295386,7.30050532691709,6.379351797149818,1.740500492648289,0.45800968202303444,0.21225873318241015,0.01145878271222925,0.19836348345876986,0.07219570085507787,0,1,147.13562695854733,3.3684981684981676
5.0,1.6950320331416515,0.46002557037170216,0.22074819393601292,0.462785619069161,-0.13977347448322808,7.37742012147993,6.392246623217646,1.7493012757704889,0.45989280811379896,0.20946525043638475,0.011414436739475058,0.1835650520973422,0.06396392989002042,0,1,147.95281345829704,3.65054945054945
5.0200000000000005,1.704196248455132,0.46206923359042273,0.21795633010075965,0.4768460900218989,-0.13940554974854993,7.511678006230127,6.457438298610506,1.7581073054652419,0.4617512450005512,0.20665082133986942,0.011372862709015046,0.16312888858358637,0.060042705993136214,0,1,148.829635252968,3.626373626373626
5.04,1.7136404731764276,0.46414771372849883,0.21517091213243322,0.49086389632050553,-0.13918033523786472,7.58580759266291,6.519854226200348,1.7669185506087817,0.46358479480391146,0.20381572733342865,0.0113351519874323,0.14674238654563038,0.051627409434018445,0,1,149.65903249383962,3.3201465201465195
5.0600000000000005,1.7233621669910286,0.46625888798286297,0.21238086779532278,0.5045633143922054,-0.14022011892290512,7.587128638963702,6.593243756450539,1.7757349779719267,0.46539326200863707,0.2009602519241003,0.011302360681129478,0.132473494617935,0.03782951093472031,0,1,150.4396321727526,3.4168498168498163
5.08,1.7333535787394143,0.4683993110219253,0.2095549885892037,0.517802733679199,-0.14276620338050963,7.576210748232727,6.717556601707633,1.7845565522322824,0.4671764534941183,0.19808468065704596,0.011275271614604704,0.11838088504723521,0.023287493795958625,0,1,151.19945859347757,3.2234432234432235
5.1000000000000005,1.7436017451524692,0.47056417615771423,0.20666974656905118,0.530090599398111,-0.14540484246072635,7.626305918447196,6.867290395952648,1.7933832359873187,0.4689341785647429,0.1951893010869958,0.01125427742352093,0.09834485919984741,0.014255424417890739,0,1,151.9377142386337,3.2717948717948717
5.12,1.7540894878709397,0.4727478745343462,0.20375444536522708,0.5414259699293694,-0.14674578513928233,7.74722776911548,6.962154162470974,1.8022149897683115,0.47066624898011483,0.19227440274949428,0.011239658203140275,0.08308578767163267,0.011734413577827896,0,1,152.6047244183566,3.086446886446886
5.14,1.7647884752449714,0.47494278621887015,0.20077814225801408,0.5511000792124446,-0.1513442528431557,7.876400878831044,7.063620617757061,1.8110517720551436,0.4723724789851146,0.18934027713194598,0.01123163379343822,0.07018911297533954,0.010874578659683998,0,1,153.17084049805987,3.013919413919414
5.16,1.7756761093479085,0.47714212390873084,0.19769963417166528,0.5597033260382294,-0.1568906223863932,7.970940581408843,7.140074036814929,1.8198935392919693,0.47405268533978734,0.1863872176444674,0.011229857534459054,0.060804221648536494,0.008307999314019154,0,1,153.63816560665265,2.570695970695971
5.18,1.7867207579106814,0.4793372171173979,0.19451271945100143,0.5664512041171587,-0.1614610190215659,8.0462332425723,7.21188783242699,1.8287402459037256,0.475706687349046,0.1834155195905466,0.011233519505855466,0.04960236416811262,0.006338695461666433,0,1,153.9893588989108,2.1597069597069596
5.2,1.7978920282157016,0.48152008308842975,0.19125525940336047,0.5716841688249676,-0.16521140801570727,8.113845520937844,7.246701970846274,1.8375918443134982,0.47733430689217704,0.18042548013751245,0.011241889368465353,0.04180321626878884,0.005464077722386218,0,1,154.24938961590226,1.9260073260073256
5.22,1.8091566537681103,0.4836826003400061,0.18789398182697692,0.5753665918063106,-0.17100222564771922,8.16643049128212,7.275213352937827,1.8464482849607238,0.47893536845213414,0.17741739828681868,0.011254242752179417,0.03452644120119379,0.004625272166781769,0,1,154.4407890551818,1.6923076923076923
5.24,1.82049061181849,0.48581834561635723,0.18442606671218742,0.5775223249447972,-0.17575976098522617,8.179919733564276,7.271830801228104,1.8553095163202329,0.48050969914460623,0.1743915748441435,0.011269518814432417,0.030667773980304236,0.002577300485330558,0,1,154.5578544437682,1.0315018315018314
5.26,1.8318515865914788,0.48791793115985677,0.18087243893983454,0.57783075447397,-0.18008027215113187,8.196186725321613,7.261296426741463,1.8641754849221228,0.4820571287468486,0.17134831238930984,0.01128655794288094,0.027929567964297027,0.0026679982164358185,0,1,154.62529021441944,1.0637362637362635
5.28,1.8432227585092835,0.48997712389518705,0.17722472389868654,0.577367086820426,-0.18434454944000833,8.179810856037797,7.2336459095846,1.8730461353724512,0.4835774897262616,0.16828791524602688,0.011304483868157487,0.022869349371336382,0.0010932629888071865,0,1,154.6669544428954,0.5076923076923076
5.3,1.854574665747069,0.49198970761523575,0.17351204502908119,0.5751660187143507,-0.18730372902918443,8.149388694982495,7.184172838655202,1.8819214103747481,0.4850706172687045,0.16521068945145892,0.011322327993002597,0.01945050889855243,0.0007653472996654864,0,1,154.67807920970895,0.2659340659340659
5.32,1.865879223021471,0.49395027981102846,0.1697302090895077,0.5719430910748462,-0.1912277166305124,8.113960669406133,7.1259994853566795,1.8908012507523375,0.48653634930653095,0.1621169427256208,0.011339326058024391,0.01742858434512295,0.0011598635132978874,0,1,154.68112593807558,0.32234432234432236
5.34,1.8771223742034715,0.495855985575302,0.16586590415323482,0.5679754196798179,-0.19502906595523986,8.05752314646277,7.056363299319002,1.8996855954714582,0.4879745265463327,0.15900698444060726,0.011354645169711897,0.01690377737317899,0.0016926496993971973,0,1,154.6817071669329,0.5238095238095238
5.36,1.8882832056904308,0.49770304540789684,0.1619399330468988,0.5628935820954227,-0.19756113709242384,7.9881519661975515,6.976446258424514,1.9085743816651775,0.48938499249637846,0.1558811255896549,0.011367414784864615,0.01554833030378652,0.0021234966660236276,0,1,154.68175754620916,0.6769230769230768
5.38,1.8993435968401202,0.499488651576328,0.15796834857032704,0.5571441283237664,-0.19978104272591338,7.914782608397297,6.890464264576399,1.9174675446580867,0.4907675934937348,0.1527396787560442,0.011377022058982087,0.01670446360773325,0.002400910362612918,0,1,154.68380888323773,0.7736263736263734
5.4,1.9102938775989617,0.5012116432450361,0.15394946008433544,0.5509513375279725,-0.20228017413357588,7.833863785600084,6.7957774955736605,1.926365017991777,0.4921221787310547,0.1495829580818404,0.01138297923625763,0.013994514175343718,0.0028347922745686205,0,1,154.69129170500514,0.9267399267399268
5.42,1.9211227212283821,0.5028706947983516,0.14988028291366537,0.5441125959995705,-0.2044366174048373,7.739409120283182,6.695993177349384,1.9352667334510727,0.49344860028302245,0.14641127923648062,0.011384739865722233,0.013297161022442251,0.003070150391447646,0,1,154.7073366683391,1.0073260073260073
5.44,1.931817440695548,0.5044645077650101,0.1457792370444015,0.5368899177303074,-0.205935070827965,7.650219539948922,6.595756991855024,1.9441726210910253,0.49474671313244045,0.14322495938520605,0.011381818882614206,0.01212146413117733,0.003080479883867282,0,1,154.72727849363912,1.015384615384615
5.46,1.9423760377873898,0.5059936233810969,0.14164266586300647,0.5293661320208802,-0.2074665183365082,7.539594428010199,6.483477201253298,1.95308260926465,0.49601637519594527,0.1400243171573468,0.011373883029225453,0.01138655934878369,0.003686703442946304,0,1,154.75865520792993,1.2168498168498167
5.48,1.9527816546647472,0.507456562874115,0.13748942266329436,0.5211368928274996,-0.20772159613948638,7.432342549622567,6.378127973130361,1.9619966246513962,0.49725744734934135,0.13680967261445826,0.011360584447117572,0.010509387083385847,0.003310191576220145,0,1,154.79838937308133,1.0959706959706956
5.5,1.9630340452586414,0.5088545555166212,0.13333604296881196,0.5133104770500885,-0.2078851890387592,7.334084145812208,6.274202739774859,1.9709145922863425,0.49846979345253667,0.1335813472183161,0.011341813205115212,0.010042611426562315,0.0032470856496097933,0,1,154.83048992123594,1.0798534798534798
5.5200000000000005,1.973139852073727,0.5101897833303776,0.12917192107280762,0.5056161634433227,-0.20806336874343567,7.2240081494559805,6.172568315826074,1.9798364355901,0.4996532803740713,0.13033966379876935,0.0113174914845476,0.008992162289153104,0.0033475922953769555,0,1,154.86314971919307,1.0959706959706956
5.54,1.9830955536956365,0.5114630679431594,0.1250226015389987,0.4977203526195858,-0.20691802378161972,7.117753827823303,6.070223043263407,1.9887620763994205,0.5008077780152237,0.1270849465214589,0.011287553976148095,0.009527535263740295,0.003203240051345868,0,1,154.89880168747433,1.0556776556776555
5.5600000000000005,1.9929015313792893,0.5126759649806366,0.12089102695505152,0.49012988781480105,-0.20647342249686096,7.023215977072261,5.973201960785902,1.9976914349984862,0.5019331593336842,0.12381752085539993,0.011252122782524233,0.01014503112316634,0.0029097904814548436,0,1,154.92762381484923,0.9750915750915748
5.58,2.0025672210072756,0.5138309918307906,0.1167583824297876,0.48300381253426505,-0.2068257549119937,6.930250590998117,5.878106065891802,2.0066244301508807,0.5030293003667815,0.12053771354043649,0.011211179021842323,0.01101331371795927,0.0028489641591011305,0,1,154.95009851284127,0.9589743589743589
5.6000000000000005,2.0120971914329333,0.5149298416299345,0.11262039453250193,0.47600106975635803,-0.2065237332932416,6.832921957736934,5.790695225465841,2.0155609791322155,0.5040960802542522,0.11724585255456663,0.011164567933167842,0.00917319733522813,0.0027714322518039847,0,1,154.97088724725683,0.9106227106227106
5.62,2.0214939704671364,0.5159740322360562,0.10850638747692956,0.46922403943605284,-0.20466694745777847,6.7399862928763845,5.709571545291961,2.0245009977634103,0.5051333812605409,0.11394226708114599,0.011112242466371056,0.012020383546674852,0.002611787487301953,0,1,154.9878426727011,0.8622710622710622
5.64,2.03076464547163,0.5169657936663368,0.10443439062794024,0.46303173752429816,-0.20244034098371888,6.6593686506578615,5.639933109464399,2.0334444004446093,0.5061410887966173,0.11062728747596882,0.011054383586920489,0.010313825770817558,0.002042753511865114,0,1,154.9966009935071,0.6608058608058607
5.66,2.0399240550979534,0.5179081328480031,0.1004052353057374,0.4575460672249727,-0.20064700327414633,6.586580141527838,5.571690350641744,2.0423911001897097,0.5071190914413043,0.10730124523423303,0.010991200183698585,0.008703701907565056,0.0016754872324726833,0,1,154.99903056938706,0.5318681318681318
5.68,2.0489814038310774,0.5188032315504505,0.09640257095436579,0.45248569414897577,-0.19948939140109606,6.5203550330062265,5.512713821876547,2.051341008661512,0.5080672809620963,0.10396447295739134,0.010922855861381864,0.011614111764538387,0.0013620510397170382,0,1,154.99968273110937,0.42710622710622703
5.7,2.057947343479069,0.5196531787418934,0.09242782569081973,0.4480510714429405,-0.19757920531005654,6.45880341939818,5.466403417720391,2.0602940362074467,0.5089855523354675,0.10061730431989054,0.010849392960125642,0.011728874359577049,0.0011808639969877466,0,1,154.99968273110937,0.3545787545787545
5.72,2.0668341822178413,0.520460192042254,0.08850068018027185,0.4441882663893567,-0.19555841982892355,6.410043270486939,5.418841110650153,2.0692500918958947,0.509873803766653,0.09726007403580536,0.010770957923694365,0.013005701771752965,0.0006190833230998449,0,1,154.99968273110937,0.17728937728937724
5.74,2.07565148524208,0.5212261011560057,0.08459542181814987,0.440840129717151,-0.19463285033519565,6.365864072052985,5.384443666368531,2.0782090835530522,0.5107319367088916,0.09389311782536626,0.01068772876787704,0.011164163084251683,0.00038056587686430277,0,1,154.99968273110937,0.07252747252747252
5.76,2.084411393529201,0.5219526750162368,0.08072074306619512,0.4381620384718207,-0.19261891428312647,6.329109086402935,5.360069320668823,2.0871709178003592,0.511559855882124,0.09051677238138879,0.010599714804672694,0.010418865639641032,0.00044075429213502604,0,1,155.0020392488006,0.2095238095238095
5.78,2.0931261646380577,0.5226416942539075,0.0768904941598444,0.43593782037619344,-0.19043248089041476,6.295773659728511,5.335637544796472,2.096135500092449,0.5123574692911339,0.08713137533560339,0.010507087259447987,0.010583010647936257,0.0004171668527207517,0,1,155.0074227979665,0.20146520146520147
5.8,2.1018001412437513,0.5232942338406631,0.07309974744733104,0.4338408601247595,-0.18841418793660225,6.263069375862729,5.315552933912268,2.105102734755612,0.5131246882431206,0.08373726522489384,0.010410139427921137,0.013003879400265986,0.0006243056266150293,0,1,155.0142337893963,0.2739926739926739
5.82,2.110437656924078,0.5239112877666233,0.06935204463735245,0.43228386588035356,-0.18673791542944002,6.251402633309307,5.304365564152893,2.114072525026762,0.5138614273646986,0.08033478145744247,0.010309140912044549,0.011689956403006288,0.0010911276862508035,0,1,155.03058215056438,0.4673992673992673
5.84,2.119056066710326,0.5244946061209078,0.06562335693547623,0.43144396754998166,-0.18542608448240294,6.230169400902114,5.300995402624233,2.123044773092883,0.5145676046183097,0.07692426427879093,0.010204171041240384,0.012198271004697444,0.001361643698492343,0,1,155.05470595353995,0.5399267399267399
5.86,2.127659223611356,0.5250448506205981,0.06194393659711768,0.4307016389735437,-0.18273264363713357,6.2207879751849715,5.299295454230814,2.1320193801309397,0.5152431413180406,0.0735060547378147,0.010095450585043934,0.01586178749226612,0.0014647223848227031,0,1,155.08263400341983,0.5802197802197802
5.88,2.1362548770968317,0.5255630470358268,0.058306676139066066,0.4305595724675002,-0.18057013624574822,6.216238867884408,5.311641360906241,2.140996246348234,0.5158879621448385,0.07008049465261969,0.009983341693146656,0.015315550961396904,0.0021218554871600404,0,1,155.12368170470904,0.8139194139194137
5.9,2.144855230190059,0.5260503468016552,0.0547240410078871,0.4308225685290222,-0.1777880417210739,6.213496855794633,5.318931439547253,2.1499752710231967,0.516501995161116,0.06664792657635946,0.009868140390780412,0.016352347293886568,0.0018770173640258458,0,1,155.1708686503735,0.7333333333333333
5.92,2.1534617576963218,0.5265072709605836,0.05118641561998149,0.4311486875703225,-0.1762049136400807,6.220410182460763,5.32832179631053,2.1589563525465816,0.5170851718247346,0.06320869376298152,0.009750358103663988,0.013647857992833946,0.001954380744582651,0,1,155.22178438080698,0.7575091575091575
5.94,2.1620808925462973,0.5269343878510685,0.04767043358221191,0.4319683537895081,-0.17497089717429196,6.229423460019421,5.3502410018754505,2.1679393884630653,0.5176374270023624,0.059763140132900856,0.00963027685567987,0.013599107141195697,0.002544191814266128,0,1,155.28639655609734,0.967032967032967
5.96,2.1707225775688292,0.5273323063626894,0.044191868838714,0.43319876441566774,-0.17304601663055436,6.244655136859767,5.370524703662281,2.1769242755132145,0.5181586989821982,0.05631161023860951,0.00950810954082128,0.012601224340548646,0.0024693315188086262,0,1,155.36116884082847,0.9428571428571427
5.98,2.179392190726725,0.5277014239356067,0.04074299975068856,0.43474344741769766,-0.1715442387627586,6.264453424167702,5.402267455321035,2.1859109096758167,0.5186489294860521,0.05285444923022034,0.009384235804436385,0.016751657711297538,0.003020017096304062,0,1,155.44846440288717,1.1282051282051282
6.0,2.188098702715713,0.5280421806691897,0.03733144703967493,0.4366045701305311,-0.16980166556471868,6.285582043656761,5.42695753579276,2.1948991862105443,0.5191080636807796,0.049392002820953525,0.009258974447701174,0.015507899485069516,0.0026795615112224502,0,1,155.54178690192705,1.015384615384615
6.0200000000000005,2.1968420928750274,0.5283546246525427,0.03394376531531829,0.4384784055005673,-0.16895011235729177,6.312737891018934,5.457909880481852,2.203888999700943,0.5195360501890592,0.045924617252564325,0.00913278935259151,0.01476164587344176,0.0029653568834570043,0,1,155.63970869448084,1.112087912087912
6.04,2.2056273152869728,0.5286388364202748,0.030574254744508023,0.4404644706597142,-0.16751784465291186,6.326877157862123,5.486979527062662,2.212880244097723,0.5199328410995128,0.04245263926072041,0.009005964903489129,0.016592286261553825,0.0028873843540386246,0,1,155.73615665219324,1.0879120879120878
6.0600000000000005,2.2144487864417624,0.528894634005145,0.02724601815924509,0.44224778876625176,-0.1658581257927478,6.356860476799191,5.513445167928047,2.2218728127623284,0.5202983919761555,0.03897641604032735,0.008879001997283104,0.016224382998509288,0.0030037030930654685,0,1,155.83211189686585,1.1443223443223443
6.08,2.2233109022193083,0.5291221614578075,0.023928949529335494,0.44429839981789215,-0.16527528943774922,6.375733684226308,5.545493729594354,2.2308665985107687,0.5206326618671788,0.03549629521081065,0.008752294731103043,0.013108288243212555,0.0030159348948567977,0,1,155.93310239604548,1.1282051282051282
6.1000000000000005,2.232212845051091,0.5293212763556565,0.020642760230245225,0.4462151733756724,-0.16365335353121016,6.401197032038583,5.571900272461777,2.239861493657701,0.5209356133130514,0.03201262478135286,0.008626178060442635,0.012778371491810714,0.002780466856291408,0,1,156.0311117294961,1.0717948717948718
6.12,2.2411539740290127,0.529491965347447,0.017372753962344504,0.4481413099194759,-0.1635283024135891,6.4280894231582675,5.59577173412228,2.248857390060729,0.521207212353945,0.02852575311609419,0.008501098436516545,0.012537337570408827,0.002895019358812201,0,1,156.12928256235801,1.1040293040293039
6.140000000000001,2.250133681001251,0.5296340093046583,0.014099771128890763,0.450003528183452,-0.1634160002828881,6.448375830478299,5.623270299062047,2.2578541791649083,0.5214474285364703,0.02503602889929514,0.008377285639819756,0.013644524112387115,0.002790784299950222,0,1,156.22508647862296,1.0556776556776555
6.16,2.2591495592957065,0.529747160778238,0.010841804600350233,0.4516229443756734,-0.16249096129857268,6.464897175171181,5.6415641197816235,2.2668517520474394,0.5216562349197276,0.0215438011004696,0.008254969961682332,0.011644168410088087,0.002371061115436335,0,1,156.31097004875102,0.9267399267399268
6.18,2.2681946141499134,0.5298312685727495,0.007595848980328975,0.45312206384509685,-0.16213681137785912,6.489596954147934,5.666957601957894,2.2758499994625208,0.5218336080806625,0.01804941893948712,0.008134525536723912,0.011529066447986826,0.002791713554204933,0,1,156.3990872545336,1.0717948717948718
6.2,2.2772743409196203,0.5298862463328772,0.004353699993225577,0.45483374263529425,-0.1623269691094725,6.510799185562799,5.682617401641838,2.2848488118863446,0.5219795281187268,0.01455323185165167,0.008016110062090487,0.009845903506652397,0.002634072151115885,0,1,156.48857357819458,1.015384615384615
6.22,2.2863838886868133,0.5299118273710494,0.0010990140779531096,0.45616989607959224,-0.16297252212049035,6.527726926575941,5.69992376426749,2.2938480795622276,0.5220939786598425,0.011055589452758863,0.007899890292546764,0.008986503657315752,0.002444844210710173,0,1,156.56835561012517,0.9509157509157509
6.24,2.29551978632446,0.5299077148761339,-0.0021609392770332698,0.45754385594222896,-0.16305123470103325,6.548709890930707,5.720050519217037,2.302847692545835,0.5221769468596639,0.0075568415041335855,0.007785922580293757,0.008141017192180208,0.0026296512843776987,0,1,156.65115700720233,1.015384615384615
6.26,2.3046847281684975,0.529873700560918,-0.005424590761879976,0.45889102742939475,-0.16352982776210898,6.564153030355374,5.729754533649418,2.311847540750491,0.5222284234061397,0.0040573378776553965,0.00767427609768732,0.010562034318949663,0.0023497825724575483,0,1,156.72915006292646,0.9347985347985346
6.28,2.313871876040204,0.5298095594379876,-0.008702500306645447,0.46000446724164473,-0.16375347010438682,6.57879402518604,5.752247177520645,2.320847513992558,0.5222484025213691,0.0005574285207703898,0.007565044161236261,0.009669699332802243,0.002527230392237123,0,1,156.8053451215433,0.9912087912087911
6.3,2.3230847694160457,0.5297150730151143,-0.011968700684074915,0.46134893194287463,-0.1635930662671536,6.600940528410873,5.76247606135585,2.3298475020368556,0.5222368819627546,-0.002942536578502016,0.007458259117953453,0.009828887561321721,0.0026389250971816103,0,1,156.88569405842273,1.0395604395604394
6.32,2.3323213323367136,0.5295901029814242,-0.015258088614432563,0.46226578645485045,-0.16500313545423922,6.607037617640463,5.768366925847777,2.338847394642099,0.5221938630234505,-0.0064422074265688325,0.007354044522749903,0.008848150209183782,0.001911439131878856,0,1,156.9512713121293,0.7736263736263734
6.34,2.3415695408328134,0.5294344733651594,-0.01856049008086357,0.4627778455472516,-0.16536247563885947,6.61797435236564,5.775631817849808,2.347847081606347,0.5221193505321039,-0.009941234059261325,0.007252355891828716,0.009720399614332591,0.0021513605087880583,0,1,157.00961294632182,0.8622710622710622
6.36,2.3508294647022954,0.5292480126219163,-0.02187251780987375,0.463354081811882,-0.16549925018127523,6.620134690255185,5.783177951649602,2.356846452812428,0.5220133528518918,-0.013439266576832382,0.007153144966817187,0.008837597545897222,0.0018291220962805,0,1,157.06690464303674,0.7333333333333333
6.38,2.3600969710038697,0.5290307169973707,-0.025177838406063392,0.4636141791057766,-0.16578367419310533,6.628965486166311,5.777569822462491,2.3658453982733327,0.5218758818788519,-0.01693595517894495,0.007056458591962148,0.00846004452083971,0.0020593342600065956,0,1,157.11723502303585,0.8300366300366299
6.4,2.369367541369379,0.5287825779276892,-0.028515594083430112,0.46390807765484904,-0.16771722596061744,6.638810842263799,5.78394873804101,2.3748438081775407,0.5217069530395128,-0.02043095019965303,0.006962270622025222,0.008119089925269024,0.002136462582418508,0,1,157.17197539135685,0.8622710622710622
6.42,2.378646383035499,0.5285030934961673,-0.031877673962715396,0.46418169817965477,-0.16846788791567352,6.635615425679393,5.77787732072877,2.3838415729342737,0.5215065852878162,-0.02392390214236672,0.006870228708419814,0.007421689479535552,0.0014805600423216658,0,1,157.21974231618893,0.6205128205128204
6.44,2.3879217688050707,0.5281924397164366,-0.03525307805226799,0.4640521600317809,-0.16914478208388975,6.642427861517062,5.780431968449657,2.3928385832186536,0.5212748011013449,-0.02741446171480285,0.0067802643555891886,0.01101010700852566,0.001992420986059673,0,1,157.2646159347354,0.8058608058608059
6.46,2.397200162915044,0.5278502614974775,-0.03864178490661835,0.46440930864857666,-0.16934595643356468,6.643289060728611,5.787046723200615,2.401834730016731,0.5210116264768462,-0.030902279863912658,0.006692174103891688,0.009894213161999732,0.0017949273138467836,0,1,157.31719467957356,0.7172161172161171
6.48,2.4064827192080074,0.5274764534535707,-0.04202293703780894,0.46448026127292463,-0.16944474325161257,6.645768795382212,5.777452808148419,2.4108299046703867,0.5207170909250636,-0.03438700781078804,0.00660590932137394,0.012663935027452947,0.001757897162934896,0,1,157.36172331689966,0.7172161172161171
6.5,2.4157599080357226,0.5270713576559279,-0.04542869410789648,0.4639715641090903,-0.17057437715137433,6.631869878706675,5.768387790159821,2.4198239989220633,0.5203912274648719,-0.037868297085537926,0.0065214776622319285,0.011806741644014681,0.001066651811657382,0,1,157.39349576397163,0.45128205128205123
6.5200000000000005,2.4250208759747105,0.5266353389177314,-0.04883315856756617,0.4631893629655742,-0.16979895311814058,6.621710160746117,5.762783675144606,2.4288169049593247,0.520034072616725,-0.04134579956213623,0.006438719614053952,0.012157175872601247,0.0012812137627178921,0,1,157.4218116996911,0.5318681318681318
6.54,2.43426720850093,0.5261685230623399,-0.052224495107236535,0.4625444481579675,-0.17000829087144004,6.6176600534635,5.746074800925185,2.4378085154592144,0.5196456663954158,-0.044819167493232885,0.006357641046781675,0.01313756765937555,0.0014784805862213535,0,1,157.45179122933487,0.6124542124542124
6.5600000000000005,2.4434978485734833,0.5256710151899459,-0.0556442962504807,0.46196340378227124,-0.1717894703711991,6.616776874072789,5.740769595361275,2.4467987236323934,0.519226052302155,-0.04828805354492954,0.006278119476224176,0.01364157346799863,0.0016548624026601066,0,1,157.48613610816403,0.684981684981685
6.58,2.452719454988926,0.525142236433235,-0.05908630858587012,0.4615824218971902,-0.1718377555334254,6.602696860629224,5.736485878238862,2.455787423267046,0.5187752773159716,-0.051752110831511475,0.006199731796973537,0.012426370889773095,0.0013031925220752805,0,1,157.52013147634557,0.5399267399267399
6.6000000000000005,2.461927324149929,0.5245825040571376,-0.06250947709927056,0.4608839285705002,-0.17089841924175236,6.595473394722787,5.725942735312237,2.464774508772518,0.5182933918844409,-0.055210992950137025,0.006122413162349392,0.012649615598251989,0.0013058763777758498,0,1,157.54918033665552,0.556043956043956
6.62,2.471119788130937,0.5239921458408385,-0.06593173363723288,0.4602388914526601,-0.17134157493271807,6.588334054034238,5.716663150319586,2.473759875222687,0.5177804499137436,-0.05866435401547641,0.006046220013576923,0.013391581818210844,0.0013312633626912929,0,1,157.57935668285907,0.5641025641025641
6.640000000000001,2.480297648369956,0.5233711412957494,-0.06936334411682872,0.45960425914852887,-0.1720231623426335,6.5826453212833895,5.704498385472519,2.4827434183990316,0.5172365087580653,-0.0621118486943012,0.0059709893571928884,0.017133122178939364,0.0014097391026249295,0,1,157.60957499611146,0.5882783882783882
6.66,2.489461109025346,0.522719435472592,-0.07281315986549658,0.45921327698634734,-0.1725805669735113,6.581567660499282,5.707688723753923,2.491725034833387,0.5166616292083365,-0.0655531322400161,0.005896493921230368,0.015694692743202513,0.0016536850201639974,0,1,157.64789623754822,0.6688644688644687
6.68,2.4986210378796057,0.5220362071682064,-0.0762596234416848,0.4593078272343203,-0.17227602585077526,6.583248033402674,5.707154747525878,2.5007046218503635,0.5160558754803265,-0.06898786052713445,0.005822478152104576,0.014837099410471155,0.001703330359232924,0,1,157.69354504149536,0.701098901098901
6.7,2.5077786665915873,0.5213214083738578,-0.07970809794423211,0.4590357166096402,-0.17252547831564233,6.572807439811619,5.696468228924757,2.5096820776094173,0.5154193152020903,-0.0724156900856899,0.005748908166301564,0.012433097388579341,0.001145000496259152,0,1,157.72869954003892,0.4915750915750915
6.72,2.516921165022187,0.5205760521640664,-0.08315769808760073,0.4582430079096951,-0.1721184643442171,6.5597338053301275,5.690668608449894,2.5186573011465474,0.51475201940078,-0.07583627813558286,0.005675757434029406,0.010482947298392411,0.0012596459494482182,0,1,157.75594057707207,0.5238095238095238
6.74,2.5260462247054067,0.5198004917196577,-0.0865872252445447,0.457479260155078,-0.1706822783213415,6.543692931864075,5.683484791738395,2.5276301924156,0.51405406248883,-0.07924928262085909,0.005602996645543546,0.01096277200464643,0.0012117321063565,0,1,157.78267843351682,0.4996336996336996
6.76,2.535151824594729,0.5189952550123524,-0.0899884453129396,0.45657882217368845,-0.17012020953964957,6.535959988193154,5.666160133919512,2.5366006523291764,0.513325522249517,-0.08265436224391394,0.005530761079438657,0.009210428600920532,0.0012953371282646842,0,1,157.80761934813833,0.5479853479853478
6.78,2.544236457746456,0.5181606908104877,-0.09340429837763903,0.45572628497365697,-0.17124280262624222,6.5270082915386105,5.656385386064257,2.5455685827990995,0.5125664798219086,-0.08605117649962295,0.005459022234996933,0.008489747623358497,0.0012632043927527925,0,1,157.83446767886383,0.5399267399267399
6.8,2.5533039436240186,0.5172963911733414,-0.09683029627220843,0.4552184829943602,-0.17101604740406956,6.520723151104823,5.657061379772721,2.5545338867764498,0.5117770196852057,-0.08943938570939092,0.005387451604166293,0.010617089441479053,0.0015541694953670748,0,1,157.8684763373149,0.6285714285714284
6.82,2.5623617029349557,0.5164017518042671,-0.10023867650338827,0.454793212937754,-0.16973046469489428,6.506055476602916,5.649500845325689,2.563496468291142,0.5109572296424885,-0.09281865105512067,0.005315909676734249,0.01005891223966204,0.001168138753702641,0,1,157.9003495871129,0.4835164835164835
6.84,2.5714027191631166,0.5154777546972847,-0.1036227352958025,0.454097446613278,-0.1691379742439239,6.5035744090867365,5.641461019661875,2.572456232491016,0.510107200803876,-0.0961886346130934,0.0052445483641527495,0.008971395453789154,0.0015344189618816673,0,1,157.93062842741696,0.6366300366300366
6.86,2.5804308727543703,0.5145241863116171,-0.10701103533823736,0.4536972660827101,-0.1692122400271319,6.493424655611819,5.63932160533153,2.5814130856804365,0.5092270275691043,-0.09954899938776188,0.005173316084366339,0.008054195901017983,0.0014021799223096765,0,1,157.96475863851558,0.5721611721611721
6.88,2.5894461986621713,0.5135411244711446,-0.11038263648989312,0.45299949080091534,-0.16798227402169852,6.476428976218889,5.627112259567727,2.5903669353583907,0.5083168076095381,-0.10289940934544867,0.005102106814696917,0.007824173330446504,0.0009505607307868646,0,1,157.9912372137639,0.40293040293040294
6.9,2.5984391596914085,0.5125299077639377,-0.11373203555130924,0.45200885432654964,-0.16666411926269198,6.461122796250611,5.62251308842503,2.599317690256049,0.5073766418496213,-0.10623952944795026,0.0050310520226270385,0.009409640795104701,0.001345809965239031,0,1,158.01529365227069,0.5479853479853478
6.92,2.6074127035305605,0.5114905623267566,-0.11704946203391808,0.45135720238004845,-0.1656680082237323,6.4570086899193155,5.612422263880668,2.608265260373788,0.5064066344477787,-0.10956902568603956,0.004960214152943871,0.009181640867541026,0.0014415278013910626,0,1,158.04520823370933,0.6043956043956044
6.94,2.616371634902572,0.5104227917151473,-0.12036990245471448,0.45087510837500705,-0.16607990927972338,6.449761693431386,5.608420995271641,2.617209557017659,0.5054068927767786,-0.11288756511286763,0.0048895823436661935,0.0101710952856303,0.00131164903351344,0,1,158.0781145480677,0.5479853479853478
6.96,2.6253187694052547,0.509326283949188,-0.12368632604090356,0.45062255331171674,-0.16549023521676037,6.448262893299865,5.610654679637298,2.626150492835271,0.5043775274035665,-0.11619481587725693,0.004818962318800669,0.008534526756246866,0.0016196923522650564,0,1,158.11703204561366,0.6527472527472528
6.98,2.6342607455037124,0.5082003503887647,-0.12698862378017453,0.450551729901505,-0.16459127515063016,6.441249249227712,5.610064464446078,2.6350879818511,0.5033186520685794,-0.11949044725688733,0.0047482776157441245,0.008309642821940404,0.001475447210570635,0,1,158.15701873121233,0.5963369963369963
7.0,2.6431948162379153,0.5070455185996046,-0.13026973904817402,0.4503316226654273,-0.1635927175582854,6.438777127570856,5.610594921547736,2.644021939501188,0.5022303836645573,-0.12277412969136693,0.004677595646803162,0.00967010504918435,0.001545612786727102,0,1,158.19574554546966,0.6285714285714284
7.0200000000000005,2.6521222558203195,0.5058618203957546,-0.1335370897642002,0.4501135873574833,-0.16342586945491885,6.434426373663721,5.601875548370029,2.6529522826672225,0.5011128422148535,-0.126045534815189,0.004606959089737309,0.009027470354232701,0.0014174754708611292,0,1,158.23237716027228,0.5882783882783882
7.04,2.6610380644340927,0.5046499923619107,-0.1368102670627491,0.44973087492790725,-0.1635041240170142,6.429150027201375,5.602994423494085,2.6618789297099883,0.49996615085126417,-0.129304335490567,0.004536315233316376,0.007254507376491468,0.0015594903973817908,0,1,158.26821866896182,0.6285714285714284
7.0600000000000005,2.6699453770481214,0.5034096485588082,-0.1400699082454235,0.44956266940731376,-0.1624019492557977,6.423153979345786,5.602856697041096,2.670801800502174,0.49879043579138427,-0.13255020584014932,0.004465506400430207,0.006966842956286125,0.0015079532293699738,0,1,158.30675877775266,0.6124542124542124
7.08,2.6788442411461513,0.5021409948023018,-0.14330713537308348,0.4492858066324376,-0.16125204888218822,6.415580344201005,5.601391362779832,2.6797208164605157,0.49758582631550147,-0.1357828212796056,0.0043945827349277,0.007982537226529949,0.0014564348636655344,0,1,158.34290996516037,0.5882783882783882
7.1000000000000005,2.6877324080999023,0.5008445960270022,-0.14652090521102057,0.4488736265484599,-0.16008929212685855,6.405764367022962,5.597155827446826,2.688635900577277,0.49635245474304185,-0.13900185855008607,0.004323630521296211,0.009644841154596158,0.0013300260141551057,0,1,158.3759007959435,0.5479853479853478
7.12,2.6966077493384164,0.49952102100723594,-0.1497129025307658,0.44867801599737467,-0.15923779051937198,6.4101755422768845,5.602945351862608,2.6975469774510334,0.49509045640857896,-0.14220699575054588,0.004252725681784243,0.010967571384629785,0.0018299694747109796,0,1,158.4182081013283,0.7413919413919413
7.140000000000001,2.7054826500091864,0.49816859072452435,-0.15289315628539527,0.4489998661324939,-0.1584924378323391,6.407765158976029,5.60880209319227,2.7064539733167754,0.4937999696374173,-0.14539791236993618,0.00418179354950369,0.009610037706882249,0.0017738540450707996,0,1,158.46751290377406,0.709157509157509
7.16,2.7143570706710083,0.49678743518611634,-0.1560495809288766,0.4491746935898,-0.1572776153994095,6.4101365562408334,5.614010842140287,2.7153568160752877,0.49248113572076463,-0.1485742893192539,0.004110866925248325,0.009011475763826833,0.0017588664966093348,0,1,158.5151230282732,0.701098901098901
7.18,2.723231729410947,0.49537762261223584,-0.15918731522698984,0.4493562456284973,-0.15616697044894462,6.404768437526666,5.619148173950513,2.7242554353218176,0.4911340988905036,-0.1517358089634512,0.004040028977948956,0.010234988724378235,0.0017515918030905908,0,1,158.56109538983372,0.701098901098901
7.2,2.7321029955309037,0.4939399243414269,-0.16229342038604028,0.4493680998584609,-0.15460432852520417,6.403838063989336,5.622073729026004,2.7331497623740098,0.4897590062935779,-0.15488215515319836,0.003969393184010329,0.013414013758351483,0.0016622522382782057,0,1,158.6045593582021,0.6688644688644687
7.22,2.740970835324898,0.4924746073134337,-0.16537717742222352,0.4494304354083761,-0.15371131469869062,6.401844842049844,5.624874089005654,2.742039730299102,0.48835600796600326,-0.15801301325649808,0.0038990920714228744,0.012902600076121616,0.0016402710597991366,0,1,158.64853330571245,0.6608058608058607
7.24,2.7498351251475297,0.4909818591185245,-0.16844298601216665,0.44953272203605044,-0.15290204322892478,6.403570710206535,5.629378396703381,2.750925273940362,0.48692525680651716,-0.1611280701901494,0.003829162374299982,0.014241874232335305,0.0017220459301988678,0,1,158.69453668094366,0.693040293040293
7.26,2.758698055128235,0.48946144604824854,-0.17149330050901881,0.4495989107976449,-0.1516345369113395,6.393427253797285,5.633287071870138,2.759806329942767,0.48546690854988184,-0.16422701445105448,0.003759599475374551,0.0142258521099904,0.001708181605769965,0,1,158.7373581204663,0.684981684981685
7.28,2.7675539071246718,0.4879145835783607,-0.1745040913766208,0.44948083435454134,-0.1498657779735691,6.395072647759578,5.635074550623767,2.7686828367779124,0.48398112173985114,-0.16730953614736999,0.0036905357425447496,0.017268080264274212,0.0016751164124488849,0,1,158.77922108486644,0.684981684981685
7.3,2.7764068299190576,0.4863408456629608,-0.1774966657151406,0.44981807549279845,-0.1488992432446214,6.397304765868907,5.649966385146339,2.7775547347681333,0.48246805770181544,-0.17037532702949476,0.003622084779853772,0.015815436750184722,0.002220259609655051,0,1,158.83256362188084,0.8703296703296701
7.32,2.785265209831783,0.4847389075526206,-0.18045567806313192,0.45027901945185334,-0.14748632198101908,6.400009768591618,5.650144286406883,2.7864219661098413,0.48092788051513885,-0.17342408052089572,0.003554255154948084,0.015207922922987524,0.0016993120161243325,0,1,158.8847689410154,0.693040293040293
7.34,2.794123373060459,0.48310998757518886,-0.18340601556052738,0.45047707062541287,-0.14717097992112424,6.4014803460318115,5.659516708598158,2.7952844748960604,0.47936075698520086,-0.17645549174876402,0.0034871916227019063,0.012495790380356392,0.0019491687044626005,0,1,158.93386722140127,0.7736263736263734
7.36,2.802982822838067,0.4814538628509229,-0.18633625939290316,0.45069094316222463,-0.14584191817849537,6.396614783060993,5.660529048879685,2.804142207138157,0.4777668566151555,-0.17946925757450333,0.003420828998973108,0.013105764884402276,0.0015586999576658322,0,1,158.9797854279802,0.6285714285714284
7.38,2.8118373995469117,0.4797718912266743,-0.1892433513930244,0.45075409462316274,-0.1450805959155184,6.403170067686997,5.666566824436453,2.8129951107867552,0.47614635157742274,-0.18246507662404227,0.0033552817958328917,0.011325618293674984,0.0019183472294134751,0,1,159.02707612902321,0.7736263736263734
7.4,2.820693132032674,0.4780630485957401,-0.19214362097476584,0.45100612219299646,-0.14465104640648396,6.39725237273797,5.667577648263264,2.821843135751832,0.4744994166849239,-0.1854426493179727,0.003290492942374459,0.010592034317294339,0.0015459002439802694,0,1,159.07358775299244,0.6285714285714284
7.42,2.8295432111820498,0.47632872870566834,-0.19502608597460835,0.45091281173731734,-0.1438039139966618,6.398963205086648,5.6692417000455,2.830686233921977,0.47282622936207586,-0.18840167790150614,0.003226446355399566,0.009853918328414363,0.0016866849848155563,0,1,159.11576991432702,0.693040293040293
7.44,2.8383891301124695,0.4745687773576573,-0.1978996216411807,0.4509456062458587,-0.14322415196056287,6.392811136985458,5.671087295144895,2.8395243591828296,0.47112696961555633,-0.1913418664742505,0.003163100675153171,0.00970592449465413,0.0015985297625153438,0,1,159.15831772359087,0.6446886446886447
7.46,2.8472287191207992,0.47278374963341313,-0.20074949579332443,0.4510238092979171,-0.14154403413157307,6.394191891965561,5.683555233408125,2.8483574674346652,0.46940182000485403,-0.19426292101979833,0.003100418909227649,0.010925991289451965,0.0021361996926911875,0,1,159.20637896855197,0.838095238095238
7.48,2.8560709171459533,0.47097211256994936,-0.20356210372208677,0.45159559006650907,-0.14000418114444746,6.401238216853381,5.692165600507838,2.857185516609137,0.46765096561261776,-0.1971645494351295,0.0030384644555220136,0.012106390234239527,0.0019176243890238198,0,1,159.26379906375175,0.7655677655677656
7.5,2.864918355637628,0.46913355236442794,-0.20635751344038156,0.4518746567156438,-0.13948226282280193,6.396571410014311,5.690594784159306,2.86600846668517,0.46587459401481573,-0.20004646155982028,0.002977344801071336,0.01222537557988041,0.001421582032636537,0,1,159.31062724948126,0.5802197802197802
7.5200000000000005,2.8737593337365297,0.46727059007661587,-0.20914128559804243,0.45168903421793216,-0.13883614901655028,6.3943080667549435,5.692123874619127,2.8748262797039916,0.46407289525072076,-0.20290836920506009,0.0029170831745404207,0.01395893502997458,0.0015991246916469137,0,1,159.35031453966204,0.6446886446886447
7.54,2.8825939673973604,0.46538332419546513,-0.2119092196001477,0.4517633560844557,-0.1375394222904536,6.390806741783538,5.701403707784808,2.8836389197833068,0.4622460617927322,-0.20574998618246895,0.002857606159546022,0.011956121754338123,0.0019744122345909942,0,1,159.39610639841908,0.7816849816849816
7.5600000000000005,2.8914268137137173,0.46347101358825343,-0.21463903407098997,0.4520162573061195,-0.1356362012895414,6.392515680518787,5.70782212557309,2.892446353130607,0.4603942885160505,-0.20857102833271748,0.002798937687243251,0.013885018338946172,0.0018412803568751412,0,1,159.44568360491414,0.7333333333333333
7.58,2.900259874806717,0.46153353167740185,-0.2173428380786935,0.452253048991516,-0.13490413868637494,6.393880379472916,5.7093884024304264,2.9012485480556074,0.45851777266821375,-0.2113712135539412,0.0027412163046866126,0.012550413225648463,0.001656193118541427,0,1,159.4935749302965,0.6769230769230768
7.6000000000000005,2.9090901388757744,0.459571669019699,-0.2200371447205887,0.452224135358157,-0.13399490945655418,6.384058955934963,5.7126838988996695,2.910045474981816,0.4566167138385127,-0.21415026182995173,0.0026844307852709475,0.012343512962475496,0.0016861898560635025,0,1,159.53485835907182,0.6769230769230768
7.62,2.9179116563358813,0.45758692951966834,-0.22269686846078585,0.4519841342148486,-0.1323511494763546,6.381164015600609,5.710294851746651,2.918837106457222,0.454691313927295,-0.21690789525823714,0.002628597234844187,0.01195976613283848,0.0014564485546896822,0,1,159.572822274451,0.6043956043956044
7.640000000000001,2.9267244561586647,0.45557960177641604,-0.22534056933303984,0.4519947728502846,-0.13186671719939264,6.3835737685594145,5.7172946670492735,2.927623417164114,0.4527417771151719,-0.21964383807775278,0.0025737787927348006,0.013541399358548475,0.0018570034462954688,0,1,159.61840087183427,0.7413919413919413
7.66,2.9355364357178746,0.45354799649580035,-0.227970531412255,0.4522551394636407,-0.13127072552445562,6.384320460078194,5.718023029275555,2.936404383928016,0.4507683098321397,-0.22235781669649646,0.002519842690673016,0.013119815590731892,0.0016274571925772308,0,1,159.66641293031978,0.6688644688644687
7.68,2.9443450389651433,0.45149279362104966,-0.23059207370545304,0.45221019936146467,-0.13020692732686284,6.37371281172084,5.723770380535493,2.945179985725737,0.4487711207266295,-0.2250495597188681,0.002466718330998849,0.01308636305979088,0.0018118953708012309,0,1,159.70792999354688,0.7252747252747253
7.7,2.953145552849093,0.4494153018607098,-0.23317086592654274,0.4520341675505872,-0.12807161871900904,6.370719883552088,5.722916448159756,2.9539502036925502,0.44675042063449566,-0.22771879797280856,0.0024144298528217837,0.014928970389546558,0.0015181736180062688,0,1,159.74740874236494,0.6205128205128204
7.72,2.961938679153405,0.4473157302404506,-0.23572445540437845,0.4521861164566796,-0.12686615642615623,6.373124558600932,5.737615517713027,2.962715021128474,0.4447064225479574,-0.2303652645367167,0.002363113150544674,0.01725430049966251,0.002239617092767099,0,1,159.79783502821027,0.8783882783882783
7.74,2.9707358276381464,0.44519158322217767,-0.23824251647619044,0.452766705270871,-0.1253585674977254,6.37873360905966,5.7424373505050195,2.9714744235036834,0.4426393415845042,-0.2329886947661417,0.0023127500265182352,0.015869661348954865,0.0018201875840356818,0,1,159.85432043873408,0.7413919413919413
7.76,2.9795358459678125,0.4430433553622882,-0.2407491978509585,0.4530112495473135,-0.12526006837779544,6.378635355390319,5.743525446271827,2.9802283984630282,0.44054939495577583,-0.23558882632024658,0.0022634173621542413,0.014927953828947953,0.0015869891151792936,0,1,159.90202491183834,0.6527472527472528
7.78,2.9883323327884623,0.44087262649089204,-0.24325206047053163,0.45302621051064523,-0.12499688614964018,6.378012141860579,5.744524897357541,2.988976935829674,0.43843680193643125,-0.2381653991880429,0.002214992260039498,0.012429188357573343,0.0015752917604665573,0,1,159.94543213669738,0.6527472527472528
7.8,2.997123384618683,0.4386799077410851,-0.24574807146215402,0.45296467121859435,-0.12436414039240164,6.372165278338936,5.745371920982717,2.9977200276078504,0.4363017838330164,-0.2407181557143908,0.0021673157312310947,0.014460130703025435,0.0015674095296657753,0,1,159.9863374711509,0.6366300366300366
7.82,3.0059059966820714,0.436466076710681,-0.24822194156313912,0.4527466247818767,-0.12263833975225436,6.361733077247065,5.749014818649601,3.0064576679847317,0.43414456395284134,-0.24324684062576518,0.002120297041986957,0.014098131406494921,0.0017307711697717165,0,1,160.0245068554883,0.693040293040293
7.84,3.014679130431942,0.434231726377309,-0.2506491741011923,0.45270857725178615,-0.1198440530710364,6.358069243998862,5.761501903973751,3.015189853331426,0.4319653675728796,-0.24575120105578188,0.00207401446454891,0.013832078579096858,0.0021744356297420664,0,1,160.0699651142962,0.8542124542124541
7.86,3.023450828897236,0.43197531179885296,-0.25302005759286994,0.45295316283256576,-0.11786074783898996,6.35974240616387,5.760875235053896,3.0239165822030873,0.4297644219086988,-0.24823098657048515,0.002028692223409182,0.013020708131810665,0.0016339755403164125,0,1,160.11808114777128,0.6688644688644687
7.88,3.0322182647109512,0.4296979127510544,-0.25537835604355874,0.4527261906635216,-0.1179231675094055,6.351120907357181,5.752624625123335,3.032637855338157,0.42754195608343537,-0.25068594919338966,0.0019844795962607542,0.01102587275590815,0.0012024755614799543,0,1,160.15400368245093,0.5157509157509157
7.9,3.0409706182468508,0.427402388107752,-0.2577341149424086,0.4521303372879346,-0.11724875646936729,6.339844639415961,5.7512659011638165,3.0413536756567208,0.4252982010968211,-0.2531158434302792,0.0019412150792329653,0.011253192478206487,0.0014918690285313785,0,1,160.1848965400926,0.6043956043956044
7.92,3.049708088867125,0.4250888558512151,-0.2600625444157743,0.45178081799007275,-0.11555240420228324,6.333725451406556,5.753024460336575,3.0500640482580046,0.4230333897942745,-0.2555204262937548,0.0018987605878187672,0.011252353606645846,0.0016509733336041998,0,1,160.22132381689974,0.6688644688644687
7.94,3.0584359182125467,0.4227562611486255,-0.26235835365698185,0.4516062080854298,-0.11387637304584483,6.3257715796129625,5.754822431987349,3.0587689804169957,0.4207477568360645,-0.2578994573275341,0.0018571312360167258,0.010052988692154066,0.0016419851923318851,0,1,160.2601176989277,0.6608058608058607
7.96,3.067154436326724,0.4204048523087954,-0.2646191922836183,0.451426771910336,-0.11239401037338347,6.323215494785558,5.755266587358995,3.0674684815802022,0.4184415386665575,-0.2602526986304961,0.0018163874066396094,0.011009996437802622,0.001573084112531542,0,1,160.29965979511718,0.6366300366300366
7.98,3.075865428144229,0.41803443509153737,-0.26685939328242997,0.4513123444702817,-0.11134615378442528,6.316050195001671,5.7572918050704445,3.0761625633605503,0.4161149734835573,-0.2625799148804716,0.0017765409653926634,0.009630520085967296,0.001640310129042477,0,1,160.33954774026088,0.6608058608058607
8.0,3.084568028855411,0.4156454682979622,-0.26907127680082477,0.45118413169174376,-0.11007545598217447,6.315416053880405,5.757888137830119,3.084851239531422,0.4137683012077466,-0.2648808733577748,0.0017375554969943977,0.010109577259841098,0.0015718152821282971,0,1,160.3803734697529,0.6446886446886447
8.02,3.0932641681787905,0.4132376555759952,-0.27126938945520734,0.4510551693067952,-0.10972349990170427,6.309751411673487,5.7538197912327576,3.0935345260198446,0.41140176345223844,-0.2671553439684757,0.0016993938044922814,0.014163454102712695,0.001328780016985387,0,1,160.4190047669431,0.556043956043956
8.040000000000001,3.1019498378117665,0.41081220651717093,-0.2734583954826167,0.4508309750901657,-0.10866252534484477,6.3036767022669595,5.761207873398025,3.1022124408988336,0.4090156034922482,-0.2694030992674085,0.0016619060232808437,0.01324684962157234,0.0019054952302066663,0,1,160.45878255307696,0.7575091575091575
8.06,3.1106296409175815,0.40836804753833805,-0.2756095522168431,0.4509129571142486,-0.10651905235297705,6.300945114108012,5.766426335752904,3.1108850043788903,0.4066100662348921,-0.2716239144809163,0.0016250144774681468,0.011171160676368114,0.0018076380142847959,0,1,160.50397546296458,0.7252747252747253
8.08,3.119305822462627,0.4059049227877963,-0.27772477669956847,0.4509615083364408,-0.10499139538953584,6.297195903013465,5.769227321193922,3.1195522387986583,0.4041853981891216,-0.27381756752932845,0.001588831627730052,0.010457612827436891,0.0016789058771151666,0,1,160.54757994540532,0.6769230769230768
8.1,3.1279767119028037,0.40342359864590777,-0.2798115707016043,0.4509610698900981,-0.10356442736818212,6.294133605086687,5.774368229758978,3.128214168614759,0.4017418474358024,-0.27598383904916823,0.0015534042108493796,0.012658779291392367,0.0017937885417798616,0,1,160.5910471610723,0.7172161172161171
8.120000000000001,3.136643165631012,0.40092409791116046,-0.2818694917931408,0.45094942826343376,-0.10249253602781813,6.291923457484268,5.772066732912889,3.136870820390795,0.39927966359794326,-0.27812251241508906,0.0015187401807592836,0.010893285104095646,0.0014712492026008328,0,1,160.63279851482181,0.6124542124542124
8.14,3.145302393191385,0.3984074264840368,-0.2839173052037382,0.4508457058510117,-0.10205959260016098,6.289402878787548,5.775193393590215,3.145522222785534,0.3967990978110833,-0.2802333737615362,0.001484788794922559,0.011979963999766856,0.0016851212622850387,0,1,160.67408919229172,0.6769230769230768
8.16,3.153955667421423,0.39587331977617823,-0.2859482652610871,0.4507216319798463,-0.10092755143841858,6.280943649941716,5.773346933731415,3.1541684065402835,0.3943004026938449,-0.28231621200413415,0.0014513845824278796,0.013784517963558122,0.0014556228233093549,0,1,160.71271059029388,0.5963369963369963
8.18,3.1625976192073213,0.3933235698127879,-0.28795398575741243,0.4502341261998633,-0.09944794280400432,6.267880054145248,5.770055101016923,3.162809404465459,0.3917838323186584,-0.28437081886079446,0.0014184819982842704,0.01322733052969732,0.0014151155091667311,0,1,160.7443771276383,0.5802197802197802
8.2,3.17122353323478,0.39075987911304133,-0.2899267913974459,0.44964234039971385,-0.09805248312843086,6.2596573558927275,5.763949825787544,3.1714452514263525,0.389249642182664,-0.28639698887254356,0.00138608696867474,0.012350909860024066,0.0012838683287538233,0,1,160.7747991594005,0.5318681318681318
8.22,3.1798343410759644,0.38818227042416437,-0.29188116968996036,0.44927165199403574,-0.09703125518328684,6.253060319552017,5.767727483456038,3.1800759843281146,0.3866980891787992,-0.288394519424069,0.0013541605465524113,0.010460045528857095,0.0017438477499915894,0,1,160.81107203211792,0.701098901098901
8.24,3.1884369510153032,0.3855889103249053,-0.293804843392934,0.44929557828552613,-0.0955822470753706,6.254730103066248,5.7713625644858215,3.1887016420999514,0.384129431567075,-0.2903632107639798,0.00132260378217106,0.011487250984014168,0.0017172409952309065,0,1,160.85564561652177,0.693040293040293
8.26,3.197037383639508,0.38297824117845847,-0.2957097700872375,0.4494907652713858,-0.09448904209312718,6.250825856049841,5.779447788017995,3.1973222656785403,0.3815439289460474,-0.29230286602478267,0.0012913816725851548,0.010378504149821905,0.0019207368276579762,0,1,160.9029872036284,0.7655677655677656
8.28,3.2056361003067173,0.38035033320930756,-0.2975802129386961,0.4496688249436855,-0.09276543986418578,6.252128062613793,5.784304667161301,3.2059378979906876,0.37894184222448896,-0.29421329124256806,0.0012604515196603797,0.011312635102123254,0.0017794586676073698,0,1,160.95053198482506,0.7172161172161171
8.3,3.2142334436718345,0.37770537222396044,-0.29942681856741243,0.4497106242623951,-0.09171939697786696,6.244547592951102,5.784160665852128,3.2145485839352266,0.37632343359326575,-0.29609429537640625,0.0012298476422572674,0.011040790748339576,0.0015281111023092153,0,1,160.9924972081439,0.6205128205128204
8.32,3.2228232459753667,0.37504546651924964,-0.30124764645773794,0.44970993082523486,-0.09023278460014862,6.247490955805704,5.7956232611956295,3.223154370364158,0.37368896649742367,-0.29794569032745105,0.0011995308595967999,0.010055558442292261,0.002106042838465605,0,1,161.03934118820132,0.8300366300366299
8.34,3.231414037224735,0.37236824160104537,-0.3030364352449165,0.44983524384791473,-0.08853965966688926,6.234230525286728,5.791376096816679,3.2317553060630626,0.3710387056084878,-0.2997672909577504,0.0011694696798240983,0.010900458721571669,0.0013404987500451049,0,1,161.0815994082224,0.5479853479853478
8.36,3.239992830301682,0.36967806666926883,-0.30479081880611175,0.44939715777400985,-0.08687721438767393,6.231212279290546,5.795840547340449,3.2403514417307697,0.3683729167969786,-0.30155891510875915,0.0011397436407468693,0.012359492024912419,0.0017975540101818344,0,1,161.1181154073143,0.7172161172161171
8.38,3.2485653468635975,0.3669734709449267,-0.30651575885819354,0.44953385288985714,-0.08585094289998821,6.233636715652476,5.798515852640982,3.248942829958312,0.3656918671051501,-0.3033203836195555,0.0011103479312889603,0.012668456311126463,0.001677221633080761,0,1,161.16451093694982,0.684981684981685
8.4,3.2571362025436548,0.3642531956529087,-0.30822800610599643,0.4496213167880163,-0.0847335958127482,6.22451705133351,5.805178594954053,3.2575295252071665,0.36299582471995034,-0.30505152034475586,0.0010811885377913972,0.014614182667203476,0.001866461037959788,0,1,161.2086883262036,0.7413919413919413
8.42,3.2657022697980884,0.3615184540604125,-0.30989804465007,0.4497128750441732,-0.08267352998344055,6.229489550020829,5.811885328593996,3.266111583786789,0.3602850589462093,-0.3067521521721305,0.0010522213144326703,0.01219148868438165,0.001886495297230173,0,1,161.25646832276354,0.7575091575091575
8.44,3.2742697667786134,0.35876760565581023,-0.3115455925558772,0.45003703790643823,-0.0818722400952257,6.226992375603122,5.8162988559597615,3.274689063831459,0.35755984018005577,-0.30842210903991385,0.0010234955724923661,0.01311177954684051,0.001741101908636744,0,1,161.30560872995855,0.701098901098901
8.46,3.2828359141575953,0.35600170693081123,-0.3131710325937647,0.4502040092062292,-0.08073719389353816,6.230004340504766,5.82302138252884,3.28326202527644,0.3548204398825647,-0.3100612239538109,0.0009949244792146865,0.012825681475095147,0.0018626613232060607,0,1,161.35378698957808,0.7413919413919413
8.48,3.291403408440551,0.3532200757362895,-0.3147765631453108,0.45059140036808815,-0.07934794852329327,6.228325446224537,5.8353052652201365,3.2918305298334767,0.3520671305536389,-0.311669333003696,0.0009664238319885045,0.011860410094376527,0.002132604742847821,0,1,161.40650972631664,0.838095238095238
8.5,3.2999731530900336,0.3504226707049961,-0.31633833538467776,0.4507273684941233,-0.07660265810524232,6.21641951878335,5.839029450439525,3.3003946409656177,0.34930018570612387,-0.3132462753800042,0.000937982031503862,0.014061815166664986,0.0017543453288371147,0,1,161.45105700116952,0.701098901098901
8.52,3.3085355241047583,0.34761312489713314,-0.31784445737072314,0.45047820335235567,-0.07444619214051053,6.214656797038611,5.838746650171024,3.308954423861396,0.3465198798401591,-0.31479189338981217,0.0009098247505977845,0.014345817812344522,0.0015725719171681418,0,1,161.48982240922086,0.6366300366300366
8.540000000000001,3.317091001064361,0.3447916920980263,-0.31932644081085343,0.4503226515936021,-0.07333666263837216,6.204397936334568,5.840411905696627,3.3175099454083696,0.3437264884177655,-0.31630603247260697,0.0008820439442190253,0.012695214110527493,0.0016422072349356331,0,1,161.5283886286564,0.6608058608058607
8.56,3.3256373066069638,0.34195937678849303,-0.32077262687603075,0.4500425269694952,-0.07117992632625138,6.196607974239888,5.843404561500415,3.3260612741660336,0.3409202878376703,-0.3177885412157419,0.0008545847645523759,0.01044410896824537,0.00173700114502362,0,1,161.56596105251978,0.693040293040293
8.58,3.3341757093710993,0.3391161632047066,-0.32217582130050987,0.44990793762892395,-0.06904808779803875,6.190290606368617,5.847704080463846,3.3346084803381117,0.3381015554103696,-0.3192392713695781,0.0008275214437960374,0.008714505877833614,0.0017890050874918018,0,1,161.60648949894122,0.7172161172161171
8.6,3.3427089413891875,0.336261551629184,-0.3235390416335667,0.4500044284463723,-0.0675906718056225,6.19502591336446,5.852983152846821,3.3431516357442495,0.3352705693334268,-0.3206580778623092,0.0008009367988656661,0.00997942421580815,0.001811535660207475,0,1,161.65368316760276,0.7252747252747253
8.620000000000001,3.3512437567757165,0.33339355399186216,-0.3248857143408104,0.45035745973101543,-0.0665722193424989,6.191996525010406,5.8630344163937576,3.3516908137911052,0.3324276086670095,-0.3220448188144684,0.0007747896339641724,0.011998746486622781,0.0020188431735911894,0,1,161.7047961928827,0.7978021978021977
8.64,3.3597798516084363,0.33051247292490316,-0.32619576670630973,0.4505032223106197,-0.06456387657697793,6.188441327776447,5.865775752162957,3.3602260894428695,0.32957295330966163,-0.3233993555531158,0.0007490048912518234,0.012122302494923132,0.0016970956512278867,0,1,161.75038338394398,0.684981684981685
8.66,3.3683123674711117,0.32762029983317287,-0.3274726334617955,0.45038663676613583,-0.0627472925967994,6.178250892708452,5.869860046334416,3.368757539191203,0.32670688397431114,-0.3247215526257064,0.0007236506129608335,0.013006337262115066,0.0017748523023372598,0,1,161.79038710253877,0.709157509157509
8.68,3.376838066024252,0.32471849031401884,-0.3287058290236982,0.45030914807086736,-0.06117740042544131,6.18277780801979,5.870373882592892,3.3772852410246306,0.3238296821645111,-0.32601127781363487,0.0006987768747231215,0.015490430742297938,0.0017754814497830673,0,1,161.83359359619487,0.7172161172161171
8.700000000000001,3.385362550594103,0.3218054215406047,-0.32993033154505935,0.45060602355161644,-0.06057344484957835,6.181266690036952,5.883587234872916,3.385809274397374,0.3209416301509135,-0.32726840214545727,0.0006743420018368725,0.014617610008554651,0.0021719735852721023,0,1,161.88501689989266,0.8542124542124541
8.72,3.393890312196944,0.3188796984297136,-0.3311199678743637,0.4508326762644455,-0.0588555642210422,6.179649530948556,5.8811317292915835,3.3943297201976685,0.31804301094797366,-0.32849279990978775,0.000650189126207569,0.01193043288979453,0.0014584813546981157,0,1,161.93149596853127,0.6043956043956044
8.74,3.4024134354105424,0.31594432218888363,-0.33229405091938197,0.4505179194897973,-0.058069474525616366,6.166764584429016,5.879989493266282,3.402846660715542,0.3151341082908818,-0.32968434866787033,0.0006263252257710989,0.011193594088622739,0.0015144926650409452,0,1,161.96641920579486,0.6124542124542124
8.76,3.4109249059306976,0.3130019021305018,-0.33343377408597635,0.45014835875385295,-0.055470378418245786,6.1565789167636575,5.88833276887886,3.4113601796101016,0.31221520661272156,-0.33084292926582215,0.0006026376659829071,0.011949547225742398,0.002015970811528267,0,1,162.00396977506298,0.7978021978021977
8.78,3.4194298219181425,0.310051161013044,-0.3345125391840509,0.44999986669742476,-0.05283132623123701,6.150206976859248,5.885746763702994,3.4198703618763147,0.3092865910218504,-0.33196842584654895,0.0005792524958714873,0.012466656728899588,0.0014690925642348307,0,1,162.04313611574892,0.5963369963369963
8.8,3.427926914601922,0.3070930331758167,-0.3355595986633683,0.4498378396724951,-0.05174823027541209,6.148959127038444,5.891219286842777,3.428377293811314,0.3063485472795012,-0.3330607258613306,0.0005563278333151861,0.01219582376121353,0.0018357705930414636,0,1,162.08442692319056,0.7333333333333333
8.82,3.43642195510286,0.30412574934209596,-0.3365822481337599,0.44997265048048474,-0.050466194259404525,6.146545638356615,5.8950060756392055,3.436881062980226,0.3034013617775992,-0.3341197200810757,0.0005337696831448211,0.011053484790494379,0.0017413821017425724,0,1,162.1300276387014,0.701098901098901
8.84,3.444915743973177,0.3011492687814119,-0.3375783795307061,0.4501158162549827,-0.048759210986701336,6.143642371988165,5.906067673335191,3.445381758181553,0.3004453215167931,-0.33514530260724484,0.0005115063670985696,0.013788469005869473,0.002103509332629927,0,1,162.17781761714565,0.8300366300366299
8.86,3.4534111844238784,0.2981628957670869,-0.3385284969218331,0.450332388376465,-0.046101843768513416,6.137138715128486,5.913569091784805,3.4538794694121067,0.2974807140846951,-0.33613737088244017,0.0004895433343143952,0.011556672568723052,0.001944643823412917,0,1,162.2256314647766,0.7736263736263734
8.88,3.461905508326824,0.2951680867302273,-0.3394264977631261,0.45034423709721655,-0.04394248671332264,6.134731862486145,5.915991250554823,3.4623742878315094,0.2945078276343262,-0.3370958257006608,0.0004680514074137612,0.014071912276383228,0.0017041791699264897,0,1,162.26916694740177,0.684981684981685
8.9,3.470397098958444,0.2921658182704356,-0.3402960956276261,0.4502902569635113,-0.04326817858267667,6.133657565600443,5.913237537595115,3.470866305726288,0.2915269508627624,-0.33802057121722356,0.0004471172737887622,0.012226961427653548,0.0015131065258133791,0,1,162.31026299245062,0.6205128205128204
8.92,3.478884050984754,0.2891569132982471,-0.34116091872561505,0.45019293376632274,-0.04272981930106765,6.128227315153196,5.918465390241125,3.4793556164735557,0.2885383729899778,-0.3389115149583475,0.00042657894128697387,0.011879334417772006,0.0018106361689644856,0,1,162.35160169444765,0.7252747252747253
8.94,3.4873680483047997,0.2861408955203275,-0.34199889798673466,0.4502764217173679,-0.04121054356108973,6.129206297119676,5.923371579531905,3.4878423145043094,0.2855423837378783,-0.3397685678304009,0.0004062377787321605,0.01132740976350879,0.0018064500241319337,0,1,162.39751712893474,0.7252747252747253
8.96,3.4958528243021387,0.2831167035211076,-0.34281302128154406,0.45045599283608584,-0.03981285487755493,6.123922457797797,5.930779121399763,3.496326495266351,0.28253927330952294,-0.3405916441288108,0.0003860336736864242,0.01108175720802955,0.0019168836956318103,0,1,162.44437882887286,0.7655677655677656
8.98,3.504337317744683,0.2800849900907381,-0.34358773431648876,0.45055939835525394,-0.03772714962260969,6.122298473002568,5.936816510862774,3.5048082551868456,0.2795293323685264,-0.34138066154663327,0.00036592817551618325,0.010054477432159524,0.001869998387749927,0,1,162.4905530378281,0.7494505494505493
9.0,3.512821568349676,0.2770461187310161,-0.3443274451193339,0.45050289436051716,-0.03623791906915867,6.113313580801176,5.934187795464204,3.513287691634537,0.2765128520186373,-0.34213554118278394,0.00034597456984703683,0.009895484392744902,0.00144639492243831,0,1,162.53029917076523,0.5963369963369963
9.02,3.5212978798826886,0.27400314224376265,-0.34503966149024845,0.4501720795200179,-0.03480577220041663,6.107650322878265,5.937624379672239,3.5217649028816207,0.27349012378348647,-0.3428562075499284,0.0003261568613222058,0.010213375868487244,0.0017628456734791187,0,1,162.56753883577184,0.709157509157509
9.040000000000001,3.5297693123442513,0.2709552484181512,-0.3457178931341603,0.4501614023474511,-0.03269764218170786,6.1012911339056695,5.945824563911472,3.530239988065299,0.27046143958650004,-0.3435425885820304,0.0003064190221125328,0.012708696596714043,0.001987991960433755,0,1,162.61132134815696,0.7897435897435896
9.06,3.5382398118375704,0.2679014142999458,-0.34634908113820234,0.4502987815666325,-0.03097847409163639,6.105689005033845,5.947628091055083,3.5387130471490384,0.26742709173097157,-0.34419461564155873,0.00028681449668360574,0.012551773613503594,0.0017419837334949895,0,1,162.65849828240763,0.709157509157509
9.08,3.546711701146535,0.26484111667502863,-0.3469675090245659,0.45035466322170076,-0.03017616135362615,6.094576670022471,5.951805609796844,3.5471841808835234,0.2643873728802852,-0.3448122235263508,0.00026732837310823354,0.012886406856644073,0.0017642281702515694,0,1,162.7013690891374,0.709157509157509
9.1,3.555178978406161,0.2617767130103442,-0.3475474716759671,0.45019677971607724,-0.028185279659642237,6.094419923281408,5.953773529118396,3.555653490767337,0.26134257603828537,-0.3453953504761328,0.00024784253289698074,0.01282281599066731,0.001691438103134435,0,1,162.7425319186553,0.684981684981685
9.120000000000001,3.5636442327295312,0.25870761492235167,-0.34810328039195265,0.45017142614087746,-0.026934988389189514,6.084809819123072,5.957398651495859,3.5641210790073807,0.25829299452978494,-0.3459439381786957,0.00022836519221673863,0.011559963941240608,0.0017511205152579423,0,1,162.784031169483,0.701098901098901
9.14,3.5721055152221757,0.2556347958337297,-0.3486193599760107,0.45019353499591136,-0.0246599245234463,6.086232485317497,5.968614223408562,3.57258704847904,0.2552389219812073,-0.34645793177572637,0.00020883812723118173,0.010638325702893657,0.00213791741918562,0,1,162.83125591938085,0.8461538461538461
9.16,3.5805710874692327,0.2525556670078632,-0.3490946011793455,0.45051612740549457,-0.022952470036599785,6.083336907317102,5.971418953251812,3.581051502686113,0.252180652301353,-0.3469372798682934,0.0001893203874789324,0.011243616484039256,0.001701263395345265,0,1,162.8802909021305,0.684981684981685
9.18,3.5890366726539704,0.24947211398931332,-0.3495402437361785,0.4504024342148992,-0.021090741784563147,6.071720220263412,5.976670607621674,3.589514545720527,0.24911847966228431,-0.34738193452198707,0.00016982495152766507,0.010854245322497713,0.0018551022957933316,0,1,162.9206065522796,0.7413919413919413
9.200000000000001,3.5974972306194077,0.24638633993115014,-0.3499343997963865,0.4501626183186575,-0.01861454340627755,6.065966061361695,5.976269107253007,3.597976282221837,0.24605269848032296,-0.3477918512717126,0.00015039387370470553,0.009930709526191893,0.0015943279725106896,0,1,162.95884475076295,0.6446886446886447
9.22,3.605952595874265,0.24329885886657387,-0.3502946581551945,0.4500410048329721,-0.01728079817626837,6.062811615856106,5.980965787726706,3.606436817336543,0.24298360339715064,-0.3481669891261364,0.00013113560933580124,0.008175154085890018,0.0018147809000218507,0,1,163.00024457253244,0.7252747252747253
9.24,3.614406752299588,0.2402084960593191,-0.3506258179947222,0.45004245744619736,-0.015787029524721996,6.0576665395399125,5.9829314652132,3.6148962566772167,0.2399114892610069,-0.34850731057178586,0.00011198837882023713,0.0073407365946844185,0.0016769380544898183,0,1,163.04265547516277,0.6769230769230768
9.26,3.6228584316789,0.23711599893167892,-0.3509274771914002,0.44993903162815835,-0.014174762140397264,6.051761721731099,5.987342492393981,3.6233547062814773,0.23683665110797575,-0.3488127815767999,9.290737126805995e-05,0.00902110975057507,0.0018048601080656312,0,1,163.0837760777635,0.7252747252747253
9.28,3.63130827713964,0.23402144321337068,-0.3511924502522814,0.45000113003906583,-0.012240183224843262,6.050367110841601,5.995445596284143,3.631812272570812,0.2337593841433544,-0.3490833715943326,7.386851622032088e-05,0.008356153602885441,0.0019829244949651215,0,1,163.1298241235182,0.7897435897435896
9.3,3.639760793223683,0.23092354379890256,-0.35141898038850683,0.4501902037432851,-0.010256082890767022,6.045486042969849,6.00172499982348,3.6402690623092626,0.23067998372309526,-0.3493190535656078,5.489131218574958e-05,0.008190419231905702,0.0018878269927216085,0,1,163.17689773342502,0.7575091575091575
9.32,3.6482140757120556,0.2278233791480413,-0.351603399593125,0.450131267662244,-0.008026925955435232,6.036518567793201,6.004889125732414,3.648725182561987,0.2275987453353146,-0.3495198039226246,3.602499116184157e-05,0.008946505768245181,0.0017605326992197745,0,1,163.21820187950854,0.709157509157509
9.34,3.656664023466859,0.22472287874837163,-0.35174111374654,0.4500214489654248,-0.005592751428187543,6.031286622316085,6.0126635799052615,3.6571807406537293,0.2245159645818589,-0.3496856025905147,1.7363242611795755e-05,0.0088707821968635,0.00199094229882546,0,1,163.26072921895587,0.7897435897435896
9.36,3.665114745558675,0.22162099811152364,-0.35183019091505036,0.4502806592683728,-0.003457152703554852,6.034619739100184,6.0225692304796405,3.665635844127188,0.22143193715992182,-0.3498164329895494,-9.831000924131995e-07,0.010904384609784405,0.0020688920312756376,0,1,163.31208011491668,0.8219780219780218
9.38,3.6735725425579293,0.21851583062828106,-0.35188596376727715,0.45057108969572895,-0.0020299121744391064,6.029685434649942,6.025123719049331,3.674090600701306,0.21834695884370317,-0.34991228203679786,-1.8959687728201623e-05,0.0136280593761621,0.0016988725461142828,0,1,163.36003500653882,0.684981684981685
9.4,3.682031229071223,0.21540993564787625,-0.3519104723694709,0.450643829526925,3.960202848593013e-05,6.02671596129266,6.038969123534989,3.682545118229508,0.21526132546610235,-0.34997314014743525,-3.659678115158961e-05,0.012370786948713698,0.0022713303527868156,0,1,163.40789144954775,0.8945054945054943
9.42,3.690495266116885,0.21230207012069655,-0.3518826933921749,0.4509292060006558,0.0023092179807672314,6.025912392069433,6.040247365744955,3.690999504657886,0.2121753329004375,-0.34999900123570127,-5.384828724344926e-05,0.010257535074821285,0.0016505950138701042,0,1,163.456798538505,0.6688644688644687
9.44,3.698960667608972,0.209194113800389,-0.35182868508468446,0.45074728031701516,0.003446256726084348,6.014232081651466,6.039481425662594,3.6994538679833484,0.2090892770421834,-0.3499898627155085,-7.063147603291618e-05,0.00897485925419711,0.001559037829723331,0,1,163.49436463621709,0.6366300366300366
9.46,3.707419595461903,0.20608919068212955,-0.3517420324110128,0.4504101700947014,0.00501589806158143,6.011598139755873,6.0400015988167945,3.707908316211763,0.20600345379071852,-0.3499457255007015,-8.701586463463641e-05,0.009230708198288999,0.0016369291848576384,0,1,163.53162412120687,0.6688644688644687
9.48,3.7158759199703266,0.20298616698396993,-0.3516313177922692,0.45035774196091566,0.006813897967998816,6.000588931169319,6.0497862117260155,3.716362957316084,0.20291815903107385,-0.3498665940049649,-0.00010305507636384774,0.01234104713597152,0.0020815833046157195,0,1,163.57449632032805,0.8219780219780218
9.5,3.7243323917147735,0.19988439359441282,-0.3514620628951414,0.4505033320091825,0.009614543420613849,6.005142360807054,6.057530384105693,3.7248178991944987,0.199833688615676,-0.3497524761413823,-0.00011873138080608561,0.013741679517363612,0.001984683548827748,0,1,163.62419638392217,0.7897435897435896
9.52,3.7327961908296388,0.1967817364406676,-0.35126113744903315,0.4509414710028119,0.010565061362449796,6.007186638587869,6.064906457932974,3.7332732496285956,0.19675033834607514,-0.3496033833216449,-0.00013390588402441292,0.01626820154679405,0.0019191516832956501,0,1,163.67742595660508,0.7655677655677656
9.540000000000001,3.741267424503869,0.19367837761774004,-0.3510375697069018,0.45119679752751013,0.012327232756634271,6.000256966038291,6.074823978240203,3.741729116241579,0.19366840395465054,-0.34941933045491064,-0.0001486902499305869,0.01569070609926525,0.002072826616744572,0,1,163.72646282237739,0.8219780219780218
9.56,3.7497426293145817,0.19057592647282445,-0.3507632309725346,0.4513887330616634,0.014895564214362597,6.001291620644003,6.082942712437415,3.750185606456531,0.19058818108628517,-0.3492003359463126,-0.00016307809154229147,0.014207120205901438,0.002001813170413813,0,1,163.77598128865867,0.7978021978021977
9.58,3.758223597045444,0.1874741965370286,-0.3504518040421821,0.45149672160159815,0.016052231130228144,5.996389167719596,6.079496211278418,3.75864282745475,0.1875099652800015,-0.3489464216951193,-0.00017695127962251506,0.014163929985212468,0.001415570329539817,0,1,163.81936223155992,0.5882783882783882
9.6,3.7667027787742473,0.18437618881739787,-0.3501259113070804,0.4514083663424677,0.016806415073411924,5.997317601313898,6.08825475928895,3.767100886134174,0.18443405195055104,-0.3486576130925442,-0.00019038963784616045,0.013263759447481514,0.002017521740255268,0,1,163.86361332473024,0.8058608058608059
9.620000000000001,3.775186513058836,0.18127975035722818,-0.34977365335203714,0.45153598117679555,0.01899820485623436,5.982979289586298,6.093261901765624,3.775559889067895,0.18136073636994787,-0.3483339390192069,-0.00020356749574605194,0.011493639820368952,0.0018490025329416793,0,1,163.9082676772416,0.7413919413919413
9.64,3.7836673141336843,0.1781880210955253,-0.34936271540504127,0.451098841493792,0.02158914973298117,5.975239460275198,6.087638874180352,3.784019942462796,0.17829031364894063,-0.34797543184224494,-0.0002164062464597849,0.010496453534389213,0.0013721356204680069,0,1,163.94227457563875,0.5721611721611721
9.66,3.7921409481192128,0.17510301106482468,-0.34892187268851155,0.45077768022846343,0.023022768181954603,5.967532432476028,6.09509717664119,3.7924811521183157,0.17522307871841344,-0.3475821274120774,-0.0002287696591722034,0.010302233581228781,0.001980282065054406,0,1,163.98066487294935,0.7897435897435896
9.68,3.8006146933019744,0.17202237443266769,-0.34843712415405015,0.45098387854680644,0.02513033645205382,5.972791551543062,6.103636887222902,3.8009436233853497,0.17215932631070865,-0.3471540650588194,-0.00024069157179747863,0.00918353108653333,0.0020141240690209616,0,1,164.03143210513326,0.8058608058608059
9.700000000000001,3.8090969675096025,0.1689434330644018,-0.34792568114185274,0.45119005579859256,0.02626735090714601,5.96323580944519,6.103253836294949,3.809407461125311,0.16909935094086323,-0.3466912875883496,-0.00025214304264920874,0.008933105123129672,0.0015631852511708844,0,1,164.07653214030609,0.6366300366300366
9.72,3.8175775162447225,0.16587015349939094,-0.34738297056858947,0.4509358938432289,0.02829903318829836,5.957020695888512,6.110789787609989,3.8178727696693686,0.16604344688775247,-0.34619384127802943,-0.0002631974415215772,0.007451771809893547,0.001996523921743598,0,1,164.1165279585409,0.7978021978021977
9.74,3.8260583832464854,0.16280217309165906,-0.3467929857857074,0.4507929916273906,0.030608347592719503,5.945990239987069,6.107958835227912,3.8263396527778646,0.16299190817513207,-0.34566177587207536,-0.0002738120951827764,0.007461262226756837,0.0014883349720860028,0,1,164.15506020348448,0.6124542124542124
9.76,3.8345339943726784,0.159741931629948,-0.3461661338773639,0.45041417574772397,0.03185333931384308,5.944188479094108,6.107502330440204,3.8348082135999335,0.15994502855257198,-0.3450951445765846,-0.00028388757652720415,0.007794151622939532,0.0015963645656611458,0,1,164.19159129797052,0.6527472527472528
9.78,3.843008201095823,0.15668828259252915,-0.34552197233245147,0.4503223810657255,0.03330032861361818,5.932842698486743,6.115032739810506,3.843278554633341,0.15690310147627493,-0.34449400405421454,-0.00029350143282168886,0.007472599883002429,0.001978011983475081,0,1,164.233047177812,0.7897435897435896
9.8,3.8514820923933217,0.15364112171644886,-0.34482639251915553,0.45019324809203926,0.03580100751957473,5.930148659209522,6.115004907982584,3.8517507776845443,0.1538664200897723,-0.34385841441851633,-0.0003026893738486061,0.008809045328393024,0.001629928577935369,0,1,164.27412853021016,0.6608058608058607
9.82,3.8599558327357366,0.15060082849833087,-0.3441016347612549,0.4500158642097965,0.0370252803954896,5.92043794095833,6.1165004686332365,3.8602249838290064,0.15083527720449003,-0.3431884392279241,-0.00031134420178189677,0.009099521653143988,0.0016868676625532153,0,1,164.31264730641198,0.684981684981685
9.84,3.8684271633325005,0.14756847246821492,-0.34334287145900977,0.4498169260960593,0.038612953621774505,5.919179549647308,6.117654578280945,3.8687012733717543,0.14780996528017878,-0.3424841454793985,-0.00031952153930872037,0.009213139725266706,0.0016707060868744184,0,1,164.35258399095835,0.6769230769230768
9.86,3.8768998610494463,0.14454298524240256,-0.34256261511839364,0.44989271666183367,0.03990388723409557,5.9145947031585475,6.127075929841777,3.877179745808226,0.14479077640520066,-0.3417456036017274,-0.0003272600822533929,0.008151727290271304,0.0020562395018214885,0,1,164.398497856188,0.8219780219780218
9.88,3.8853774290902474,0.14152338181498728,-0.3417417414082287,0.4499713756725893,0.041994276132768446,5.910430842025338,6.128426025103242,3.885660499785387,0.14177800227666656,-0.34097288744848314,-0.00033462191322910606,0.007028452369436892,0.001681663744927786,0,1,164.44281315306966,0.684981684981685
9.9,3.8938565149674633,0.13851123327503415,-0.34088996534012833,0.4498349440743843,0.04330972806022737,5.904439383366597,6.130082589349448,3.894143633063158,0.13877193418041803,-0.3401660742906373,-0.0003415576837279266,0.007904620390040069,0.0016924017953811044,0,1,164.4827198305578,0.684981684981685
9.92,3.9023355551410117,0.1355073583564172,-0.3400097014720457,0.4497549133742678,0.04478005299674952,5.901633620892624,6.134546810286939,3.902629242476151,0.13577286297084656,-0.3393252448088331,-0.0003481194916025595,0.00672140479371462,0.0018278873278702035,0,1,164.52501268020802,0.7333333333333333
9.94,3.9108174283966104,0.13251101223389375,-0.3391003585270948,0.4497478279715174,0.046307911299802676,5.895138535025579,6.1370695303450535,3.91111742389574,0.13278107905054576,-0.3384504830853181,-0.00035435227008539247,0.006753200909282905,0.0017338836573990712,0,1,164.56732220236512,0.701098901098901
9.96,3.9192997418889033,0.12952333071270608,-0.33815766842085654,0.44950111000435566,0.04801956652083582,5.885989685709828,6.136131331114927,3.9196082721924657,0.12979687234978965,-0.33754187659553564,-0.0003602816849206801,0.006104892220374315,0.001585022190305041,0,1,164.60438148132903,0.6446886446886447
9.98,3.92777852233095,0.1265460268829121,-0.33718131460288586,0.4491207120681118,0.04979412929323574,5.875864470477247,6.136560129587726,3.928101881198805,0.12682053230583176,-0.33659951619937767,-0.00036589982139914774,0.011242552238163145,0.0016604130852527765,0,1,164.6394867504327,0.6769230769230768
10.0,3.936254227863674,0.12357926673839176,-0.33616588889025617,0.44905383291184986,0.05190135803335359,5.875819459006698,6.148032942018715,3.9365983436723004,0.12385234784201998,-0.33562349613209846,-0.00037118185619588827,0.010319510791903245,0.002187379713216586,0,1,164.6851262265926,0.8703296703296701
10.02,3.9447380237111926,0.12061953773156636,-0.33510771721708277,0.4494110298456632,0.05374742787352636,5.875434417936198,6.1524808917796285,3.9450977512590772,0.12089260734672196,-0.3346139139948913,-0.0003760605555046372,0.00973267973900047,0.0018130257418388918,0,1,164.73590372726454,0.7333333333333333
10.040000000000001,3.9532285846298825,0.11766765904762372,-0.3340213270854611,0.44942305087213796,0.05522166057072975,5.867030805142805,6.15598894329276,3.9536001944577635,0.11794159865205588,-0.3335708707451286,-0.00038051200796840844,0.011457910107846261,0.0017840043663803762,0,1,164.77845727038118,0.7172161172161171
10.06,3.9617203425983893,0.11472586444961254,-0.33289538503480115,0.44932434935282956,0.05753155558153753,5.861685352384556,6.163195603407092,3.9621057625838096,0.11499960901242239,-0.33249447068626625,-0.0003845536828946223,0.012917014774978058,0.0019843253422102136,0,1,164.8211311303,0.7897435897435896
10.08,3.970215806596646,0.11179370650910732,-0.33172452008431064,0.44938709708329666,0.05909691279503955,5.862658989146777,6.162779611032404,3.9706145437342406,0.1120669250828329,-0.3313848214574131,-0.00038808373835897325,0.014259624819865334,0.0015929603130760972,0,1,164.86564154651052,0.6527472527472528
10.1,3.9787150721822546,0.10887144712850513,-0.3305413961852481,0.44931424990087,0.05956772290691884,5.855655968077915,6.163769489363715,3.9791266247528396,0.1091438328970304,-0.3302420340225673,-0.00039112207261508266,0.017598234670004542,0.001650594449094045,0,1,164.90607516188254,0.6688644688644687
10.120000000000001,3.987215053776132,0.10596026563615042,-0.32933443948775876,0.44928351472856337,0.06156346656926739,5.851920198759858,6.1760835254861455,3.987642091195788,0.10623061784539875,-0.3290662226595199,-0.0003938475269638571,0.01851342395471134,0.002225691034736743,0,1,164.95166547155608,0.8783882783882783
10.14,3.9957226382622033,0.10305816695197227,-0.32807751203028296,0.4496014873574093,0.06366548793058517,5.854923690097342,6.1798732137321055,3.996161027297761,0.10332756465265656,-0.3278575049484276,-0.0003962160977433151,0.01730190202576333,0.0017925609656874175,0,1,165.0025856264719,0.7252747252747253
10.16,4.004239414614062,0.10016500178986926,-0.3267987510727184,0.4499720093545403,0.06454424144741713,5.857988561835758,6.19240340894545,4.004683515938508,0.10043495735533285,-0.3266160017600541,-0.00039816932404908116,0.014522932983127745,0.002194840441359147,0,1,165.0563391627012,0.8703296703296701
10.18,4.01276847016169,0.09727993987395782,-0.32549061411197966,0.450148176923939,0.0664809470528898,5.844738173004445,6.1911147850527595,4.013209638609919,0.09755307927902049,-0.32534183724368376,-0.0003998227933413225,0.012768140275746766,0.0015540520149688875,0,1,165.10069362551368,0.6366300366300366
10.200000000000001,4.021295504262193,0.09440817159644505,-0.3241415553215134,0.44969834307071316,0.06809467122573948,5.84192228528465,6.18935135036,4.021739475383588,0.09468221301540562,-0.32403513881470625,-0.0004011377260869659,0.011543365936876892,0.0015650206733963112,0,1,165.13585283646904,0.6446886446886447
10.22,4.029822230426167,0.09154940861670972,-0.3227739638760639,0.4497320366942915,0.06907485412628972,5.840671605663085,6.199264996515767,4.030273104878906,0.09182264039906925,-0.3226960371418757,-0.00040211199474577666,0.013491677418332204,0.0020886157603959288,0,1,165.1819296853102,0.8300366300366299
10.24,4.038357432702514,0.0887009130117951,-0.3213745248596222,0.4500655795760713,0.07067696420336206,5.842951282920079,6.204879011251856,4.0388106042316645,0.08897464248405995,-0.32132466613424343,-0.0004028417312294759,0.01262663263385002,0.0018717230691790987,0,1,165.23311905017408,0.7575091575091575
10.26,4.046901459426823,0.08586286697634454,-0.31995188863646246,0.45005054217715873,0.0720182820890454,5.8294513830376635,6.204492029448929,4.047352049063212,0.08613849952023479,-0.3199211629277674,-0.000403353719653667,0.014953907564023528,0.0016028864345922766,0,1,165.2737239773034,0.6527472527472528
10.28,4.055443468376418,0.08303914076703175,-0.31848901507198724,0.4498112583715035,0.07422326783669486,5.829418259924478,6.213019204045251,4.055897513450155,0.0833144909293671,-0.3184856678715987,-0.00040367755515546816,0.013831881264411941,0.002062761042918304,0,1,165.31605186835037,0.8219780219780218
10.3,4.063992427323975,0.0802271633279946,-0.3169893721104515,0.45009552420938065,0.0755645911725662,5.829767990324633,6.215916108623535,4.064447069894631,0.08050289528101941,-0.31701832451404655,-0.00040371992624952096,0.011330841312742906,0.001740911614596885,0,1,165.36510608119488,0.709157509157509
10.32,4.072548572568761,0.0774271255277674,-0.31547167409815,0.45013688482840786,0.07642178645503556,5.825436275713705,6.218797076138755,4.073000789295147,0.07770399026818106,-0.3155192795882242,-0.00040352485884621143,0.011120707475875619,0.001752756455542015,0,1,165.4086348650803,0.709157509157509
10.34,4.081108778248644,0.07464023209020385,-0.31393055295578964,0.4501588784661385,0.07768617970144825,5.824934754961864,6.223531107162705,4.081558740918018,0.07491805268266878,-0.3139886829973748,-0.0004032108363399032,0.009989045987731975,0.0018455804277891508,0,1,165.4532664658444,0.7413919413919413
10.36,4.089675060562951,0.07186605984586812,-0.31236665367428257,0.45018107055815015,0.0787732951697961,5.819114437875711,6.223482811829056,4.090120992369401,0.07214535839029032,-0.3124266877998821,-0.0004028433401238382,0.00890990572698534,0.0016132142467678023,0,1,165.4955830201152,0.6608058608058607
10.38,4.098242876384249,0.06910628697068992,-0.31077997170859556,0.4499362566178801,0.08005289060477709,5.81162034541487,6.224179240954543,4.098687609567943,0.06938618230577084,-0.31083345019396397,-0.00040250511357721854,0.008907297652315141,0.001667137238802907,0,1,165.53330692052376,0.6769230769230768
10.4,4.106811146339408,0.06636149137038147,-0.30916543978269734,0.4499432440014454,0.08116762400149792,5.817250970533453,6.23038850421857,4.107258656718043,0.06664079836744172,-0.3092091295020536,-0.0004022405432614747,0.010070434604833797,0.0019140452546626552,0,1,165.57970617569907,0.7736263736263734
10.42,4.115389023168398,0.06362894765406794,-0.3075394532377051,0.450152312987637,0.08152000657305963,5.812281637053359,6.2284599429571,4.115834196283768,0.06390947951169296,-0.30755388815486645,-0.0004021349020555115,0.00858110669268642,0.001493381485264067,0,1,165.62502747601903,0.6124542124542124
10.44,4.123969149116991,0.06091108665794149,-0.30590162201602583,0.44990425699328834,0.08273128744227642,5.803681959108389,6.233093432965976,4.124414288963391,0.06119249764718927,-0.3058678916751578,-0.0004023904817611734,0.008219194468307904,0.001858805865127322,0,1,165.66356808300725,0.7494505494505493
10.46,4.132550258448727,0.0582085277953193,-0.30422396830400084,0.44972104227944376,0.08514007735135724,5.794175277535653,6.235632330852716,4.132998993664604,0.0584901236288511,-0.3041513086611706,-0.0004030598108243469,0.008423565557624534,0.0017747678377520448,0,1,165.70304283462073,0.7172161172161171
10.48,4.14113220140978,0.055521736417479414,-0.3025003625556335,0.4497056056595817,0.08699001298906049,5.797802348665278,6.242960098324059,4.141588367480387,0.05580262723160189,-0.30240431076977603,-0.00040399856998253646,0.008117500928817143,0.001988299246801273,0,1,165.74921702048292,0.7978021978021977
10.5,4.149723101700831,0.05284851922037335,-0.3007519413790575,0.44979606190505217,0.08792102928427824,5.78840216820657,6.238789542794304,4.150182465665566,0.05313027712388362,-0.30062707269930716,-0.0004051478362539339,0.007580133685004878,0.001408158240507773,0,1,165.79141182108495,0.5802197802197802
10.52,4.158313234252107,0.050192090111207815,-0.29898350153888076,0.4495225811556885,0.08909059535896663,5.787372057223099,6.245564201567849,4.158781341614044,0.05047334084094209,-0.29881977217209016,-0.0004065942826905122,0.008624820491146682,0.001967520843696502,0,1,165.83183091690066,0.7897435897435896
10.540000000000001,4.166908740744603,0.04755076463863078,-0.2971858036741344,0.4495393177202316,0.09109102998115319,5.774191663179939,6.247998390475116,4.167385046836747,0.04783208475788464,-0.2969825899166714,-0.00040838942209106706,0.009843222855467806,0.0017532658689830005,0,1,165.87401764834004,0.709157509157509
10.56,4.175503621940453,0.04492674342223963,-0.295338791745848,0.44909632709669645,0.09319613092709825,5.767589631562039,6.2430689193719475,4.175993630940271,0.04520677406251289,-0.2951157096497458,-0.0004104438858276367,0.010283822565132106,0.001426576980050942,0,1,165.90806005827483,0.5882783882783882
10.58,4.1840953284022095,0.04232115878180748,-0.29346682806533864,0.44874990747666843,0.09462376636997347,5.7564422624120155,6.248661938985639,4.18460714160623,0.042597672727933335,-0.29321931805778423,-0.00041264412373657523,0.011436620419747797,0.001921222336959516,0,1,165.9449897401411,0.7736263736263734
10.6,4.192686713265741,0.039733413739189524,-0.2915477190465423,0.44840129439136917,0.09687304229986861,5.747110122901866,6.241728506820533,4.193225624571366,0.040005043484949446,-0.2912936047783654,-0.00041495763049430984,0.0102221405970765,0.0013224655831957643,0,1,165.9796962730975,0.556043956043956
10.620000000000001,4.201273706064475,0.03716509500302294,-0.28960184088846747,0.44803300582843536,0.09817234807211614,5.741505592361697,6.249462965141273,4.2018491236083735,0.03742914779423851,-0.2893387623812125,-0.0004172541334650237,0.01226211418134268,0.0020239704234580325,0,1,166.0179363599194,0.8058608058608059
10.64,4.209864691055336,0.0346139464679298,-0.2876160832770149,0.44812981610566816,0.10027247569655609,5.738826302337211,6.253482351988554,4.2104776805074655,0.03487024581831739,-0.2873549863489364,-0.0004195216977786988,0.01320937151627295,0.0018295899111276936,0,1,166.0635758198862,0.7413919413919413
10.66,4.218462217986112,0.03207958073880285,-0.2855978957143227,0.44825068912279015,0.10151909434243962,5.739836843166396,6.259183762406597,4.219111335058709,0.032328596393301386,-0.28534247505748717,-0.0004216642128982953,0.013861920666993975,0.0018994651326410539,0,1,166.11040119615146,0.7655677655677656
10.68,4.227068675998222,0.02956155030694903,-0.28355835742331115,0.44843688652480973,0.10244602708921817,5.738593991933353,6.262032387500615,4.227750125035119,0.02980445700046092,-0.2833014297563168,-0.0004237073071929496,0.014704423517946211,0.0017507973907849306,0,1,166.15704690998604,0.709157509157509
10.700000000000001,4.235682698522552,0.027060447913482617,-0.28149913940334415,0.4486492413473223,0.10404600080612161,5.736675575487381,6.276746461946001,4.236394086176513,0.027298083737580813,-0.28123205454825434,-0.0004257382980643664,0.01282534350493335,0.0023380031454646177,0,1,166.20788065447798,0.9267399267399268
10.72,4.244308664857978,0.024575325103483578,-0.27939059215036116,0.44886444338077375,0.10663796395803107,5.7291324430186,6.277246912162179,4.245043252174163,0.024809731290127462,-0.2791345563690965,-0.0004277296121543415,0.012826326694784953,0.0016678618793637412,0,1,166.25454573939106,0.6769230769230768
10.74,4.252937880825222,0.02210915211227457,-0.27724211182022707,0.44866497639267144,0.10819357670674702,5.7257975931932705,6.280151211802515,4.253697654656225,0.02233965290222944,-0.2770091449669131,-0.0004294965418787306,0.011828481821184667,0.0017895849182352208,0,1,166.29454305037393,0.7252747252747253
10.76,4.261571409898026,0.019661925163154684,-0.2750672905962323,0.4487722161131341,0.1091073462916189,5.729210438582016,6.284249148649112,4.262357323173959,0.019888100347477414,-0.2748560328810732,-0.00043098898260654267,0.013849415986886743,0.0018160742401416297,0,1,166.34124170849378,0.7333333333333333
10.78,4.270214602027367,0.017232310943071365,-0.2728811432333345,0.44903900308425454,0.10990028273226805,5.727017000330973,6.2921414682403105,4.271022285188767,0.017455323899549558,-0.2726754354209911,-0.0004322898138285259,0.013207721497514027,0.001990553314637822,0,1,166.39054017080133,0.7978021978021977
10.8,4.278867291898395,0.014820536569766335,-0.27066516577566424,0.44917987727194464,0.11188095807678347,5.721609111906177,6.29834353415424,4.27969256606002,0.015041572302668876,-0.2704675706445955,-0.00043349864931718806,0.011057512372378762,0.0019385057550344587,0,1,166.4370523513584,0.7816849816849816
10.82,4.287526919261056,0.01242768006861343,-0.268407752791092,0.4493100191168985,0.11367269743069916,5.723652642789094,6.304659259928263,4.28836818903372,0.012647092741899294,-0.26823265933652446,-0.00043452645173271424,0.012993042808295935,0.0019416128658883425,0,1,166.4849388789954,0.7816849816849816
10.84,4.2961969950378665,0.010053117995346302,-0.26612373503373876,0.44964787032808096,0.11507348730452269,5.722439166105743,6.31528331191212,4.2970491752319715,0.010272130813287563,-0.26597092498604635,-0.00043530414098656256,0.012770489816559753,0.0021344154774686763,0,1,166.5368506182978,0.8542124542124541
10.86,4.304879123268969,0.0076967143901782685,-0.26380256112645856,0.44997174878461293,0.11685183853294866,5.724005744473605,6.3210614482953185,4.3057355436432845,0.007916930493858424,-0.26368259376471126,-0.0004358200794499277,0.0138453923025584,0.0019060105162757024,0,1,166.58800629640982,0.7655677655677656
10.88,4.313572310741041,0.005359086282451618,-0.26145473602406866,0.45023800819958876,0.11838242003273663,5.720349772462712,6.331643563054314,4.314427311113716,0.005581734111470603,-0.26136789450373427,-0.0004360201365918645,0.01518832484272734,0.0021425992232648183,0,1,166.638254590229,0.8542124542124541
10.9,4.32227582726634,0.0030407571345611676,-0.2590633932817103,0.4504333962711813,0.1205229002626712,5.719022621489603,6.335489164278764,4.323124492338858,0.0032667823145417136,-0.25902705867111303,-0.0004358621323274502,0.015818622396019014,0.0018289399998184241,0,1,166.68623743582435,0.7413919413919413
10.92,4.330987675026468,0.0007426540574039816,-0.2566439056721518,0.45064123499805475,0.12114694130738221,5.725777094520756,6.339862616519837,4.331827099856648,0.0009723140416502537,-0.25666032034847974,-0.0004352264603376682,0.015071196323054049,0.0018305423925303876,0,1,166.7357588996543,0.7413919413919413
10.94,4.339711828481106,-0.0015361099973583508,-0.2542203785044817,0.4510249253502853,0.12193105066993945,5.72157869162079,6.351615812173869,4.340535144041055,-0.0013014335089767681,-0.25426791620769457,-0.000434225368563564,0.012655393385244119,0.0021793609354663346,0,1,166.7883285357094,0.8703296703296701
10.96,4.348446884246897,-0.003794974181920813,-0.2517559194112934,0.4510867630372136,0.12440280089312299,5.713377371051295,6.352033744512923,4.349248633096601,-0.0035542249100817447,-0.25185008548717763,-0.00043294705650635,0.01512088770220946,0.0016792356315621926,0,1,166.83217404170236,0.684981684981685
10.98,4.357184992466309,-0.006031477746353539,-0.24925188220285033,0.451112265069367,0.12589894163076462,5.719381986322111,6.362406897168475,4.3579675730537595,-0.005785826536090879,-0.2494070699679865,-0.0004312144139117627,0.013449491929593202,0.0021474533084232528,0,1,166.88075442536461,0.8622710622710622
11.0,4.365936316305096,-0.008247914771847966,-0.24672387617540437,0.45148836568872686,0.12710978100443696,5.713460220948039,6.365316609382338,4.366691967765201,-0.007996006593915741,-0.24693911394963716,-0.00042897581507569986,0.013732940729697954,0.0017595216241054756,0,1,166.9307039383417,0.7172161172161171
11.02,4.3746940085520105,-0.010442299536135805,-0.24416726161273425,0.4513919440263597,0.128384528124385,5.712495028196816,6.366619270130684,4.375421818902915,-0.010184535153832377,-0.24444646422567473,-0.0004262455568983991,0.01223247620480849,0.0017114408898084577,0,1,166.9726471957078,0.701098901098901
11.040000000000001,4.383456472590026,-0.012613999864429863,-0.2415927177317527,0.4512601505685819,0.12940657326757707,5.702069982585327,6.366385755021029,4.384157125956205,-0.012351184180428167,-0.24192937005899423,-0.0004230217559229551,0.014528538117061125,0.0016315321371556668,0,1,167.01173548559737,0.6688644688644687
11.06,4.392219538377472,-0.01476179637861546,-0.23898885706013465,0.4512340948568077,0.13064451886141318,5.711040065883234,6.37468276425702,4.392897886230542,-0.014495727563606283,-0.23938808315691518,-0.00041932323744820626,0.013041933396686977,0.0020446538788003177,0,1,167.05970514328504,0.8219780219780218
11.08,4.400996589402567,-0.016888742307995013,-0.23637500111617155,0.45181965014276176,0.13086728195645397,5.714345980400011,6.381102969824154,4.401644094847308,-0.016617941149637487,-0.23682285764600985,-0.0004151573523461661,0.011443501846576568,0.0018982890223234739,0,1,167.11601994423532,0.7655677655677656
11.1,4.40978677318357,-0.018994527601149575,-0.23375038044084187,0.45193039733510043,0.13198482155757457,5.704876428644452,6.383098955160263,4.41039574474441,-0.018717602772248702,-0.23423395004669167,-0.00041070371770961716,0.011452864512259074,0.0017249082059801468,0,1,167.1602066541036,0.701098901098901
11.120000000000001,4.418579505547969,-0.021076402772094858,-0.23109232027813637,0.45170295970275093,0.13358285903411568,5.702652151459014,6.383455607385459,4.419152826677778,-0.020794492283737556,-0.23162161924756292,-0.00040599157291093774,0.012163111277621914,0.001675467634676464,0,1,167.19975402813148,0.684981684981685
11.14,4.427375423922075,-0.023134250860677427,-0.22841262860738665,0.4516147833921131,0.13482176837342588,5.694333332065463,6.387889371612974,4.427915329223741,-0.02284839158610197,-0.22898612647952699,-0.00040095072956819987,0.01171447354127497,0.0018607834879090235,0,1,167.24122824254786,0.7494505494505493
11.16,4.436174240785584,-0.025167773814702647,-0.2256959820370074,0.45144195511048396,0.13652642299065218,5.690779986738286,6.386011427075153,4.436683238782291,-0.024879084662173562,-0.22632773528966418,-0.00039554609052832283,0.013861387501316281,0.0015688815519285804,0,1,167.2808905041968,0.6446886446886447
11.18,4.444974963866919,-0.027176465087460494,-0.22296175953293154,0.4512920631510121,0.13667169376920282,5.6917285940372855,6.3836039119370485,4.445456539581223,-0.026886357606743426,-0.2236467115148783,-0.0003896896186030685,0.01549045804000632,0.0015552032179328434,0,1,167.321062218352,0.6285714285714284
11.200000000000001,4.453780220950405,-0.029160890124532355,-0.22023281387277438,0.4514566514818713,0.13642248211690947,5.697451562786656,6.391662326474614,4.45423521368116,-0.028869998657668868,-0.22094332325531227,-0.00038353193919525916,0.014758012904988762,0.001997751401511927,0,1,167.37051899524857,0.8058608058608059
11.22,4.462598076688379,-0.03112287901653231,-0.21749866151614808,0.45173652562133404,0.1374691998061408,5.688737785902613,6.395641232140659,4.463019240981464,-0.030829798226949083,-0.21821784084753984,-0.00037730821419241606,0.01373924221758239,0.001817418826048578,0,1,167.41847435196374,0.7333333333333333
11.24,4.471420291603738,-0.03306040209647986,-0.21473051637427323,0.45147600037921953,0.13879316537894068,5.686412342954898,6.389310191068884,4.471808599227042,-0.03276554893175815,-0.2154705368375302,-0.0003710578801062673,0.012548880670741199,0.0013756267643965092,0,1,167.4558677871231,0.5641025641025641
11.26,4.48024243897868,-0.03497228099052439,-0.21195807345123685,0.4513177228026445,0.13875622562143125,5.685606515535834,6.393619652208261,4.480603264016002,-0.03467704562542295,-0.212701685953395,-0.00036475268119409986,0.011223671882035297,0.0018400682449031258,0,1,167.49726367694007,0.7494505494505493
11.28,4.48907077668213,-0.03685985644263158,-0.20917402825936085,0.45147789913056374,0.139782681673212,5.684419306404912,6.399103015316229,4.489403208808233,-0.03656408542833398,-0.2099115650779153,-0.00035854866180329314,0.011266726159330045,0.0018961175002431552,0,1,167.544556604271,0.7655677655677656
11.3,4.497907026080001,-0.03872331529540718,-0.20636736356053745,0.4514850326945583,0.14070284732489474,5.680571484524448,6.396117288864691,4.498208404934829,-0.038426467758776436,-0.20710045322085327,-0.0003524747522468257,0.011269137816431862,0.0014902229785634935,0,1,167.58655826852336,0.6205128205128204
11.32,4.506745053391884,-0.04056120164383703,-0.20354969310429047,0.45123957807199505,0.14134126755178023,5.674491284448417,6.397467314362489,4.507018821608411,-0.04026399436366934,-0.20426863149105254,-0.0003465623939898933,0.010398954344043775,0.0017156296703533247,0,1,167.6247707689117,0.701098901098901
11.34,4.5155846931722055,-0.042373368568295496,-0.20070938772051744,0.451162808473555,0.14281594691689714,5.6712749017624065,6.402731733824134,4.515834425934318,-0.042076469349199765,-0.201416383068326,-0.0003408580220525543,0.011429216478825922,0.001907041649044594,0,1,167.66773377289715,0.7655677655677656
11.36,4.52442986709265,-0.044160372189676174,-0.1978395074096173,0.45117253290958115,0.143842153357734,5.670187800466273,6.400293392695227,4.524655182922685,-0.04386369921133944,-0.19854399317513902,-0.0003352865550069068,0.010050868399765201,0.0015194624045913874,0,1,167.71048807523192,0.6285714285714284
11.38,4.533278381605899,-0.04592158867046556,-0.19496181769760235,0.4510462240745945,0.14430753818681313,5.664724596173956,6.403383388981052,4.5334810555013645,-0.04562549286623102,-0.19565174904808705,-0.00032984764307734726,0.010095549004825736,0.0017890978434898508,0,1,167.7511694658812,0.7252747252747253
11.4,4.542129691331956,-0.04765681587194475,-0.19206263569311316,0.45086287487562104,0.14538462655044404,5.659764009585971,6.398974398843909,4.542312004529735,-0.047361661680430885,-0.19273993990917315,-0.00032461072426974815,0.009144327936502395,0.0014371259930877067,0,1,167.78942110181427,0.5963369963369963
11.42,4.550980304675638,-0.04936521297455842,-0.18915041195147575,0.450579074204708,0.14629925751508718,5.652026953288098,6.403082950345721,4.551147988813369,-0.04907201950099529,-0.1898088569368844,-0.00031956497701225755,0.009291364392395711,0.0018552881433545054,0,1,167.8275756395676,0.7494505494505493
11.44,4.559831911730815,-0.05104695209766104,-0.18620547890208244,0.45031332176504946,0.14800324984179772,5.6432772720041715,6.398186274189626,4.559988965119556,-0.050756382685397075,-0.1868587932370755,-0.0003146876889326133,0.008446681066173444,0.0014300313292309186,0,1,167.86404223207214,0.5963369963369963
11.46,4.5686806146578585,-0.052701038702378515,-0.18323677494553148,0.45002283761317635,0.14895410796005784,5.642068383967867,6.402603491032391,4.568834888193687,-0.05241457013125944,-0.1838900438136577,-0.0003098484085461798,0.008832301291486915,0.0018711437018419375,0,1,167.9035453441596,0.7575091575091575
11.48,4.577533390783281,-0.05432861360909103,-0.18024816734275403,0.44993427000744485,0.14981141079176424,5.634423032200584,6.3968452172082735,4.577685710776474,-0.05404640330589353,-0.18090290553910005,-0.00030501017613142713,0.010703432298203443,0.0013649532327404401,0,1,167.94255603320366,0.5721611721611721
11.5,4.586383316501326,-0.055928278386577226,-0.17724522130541295,0.4493319383441354,0.15100328829754936,5.6178083296899235,6.394475135162999,4.586541383622028,-0.05565170627562672,-0.1778976771247404,-0.00030017890885998533,0.009876890648707554,0.0015630720165551448,0,1,167.97285549487452,0.6446886446886447
11.52,4.595225055041791,-0.05749890641411596,-0.17420411725560217,0.44873712633551477,0.15254040339694044,5.61445389311888,6.387759771468079,4.595401855516762,-0.05723030573490798,-0.17487465909091585,-0.00029526465605850185,0.009247652415224692,0.0013621798791724204,0,1,168.0048784843486,0.5721611721611721
11.540000000000001,4.604063583007091,-0.05904118920957831,-0.17115550615141742,0.4485925503507754,0.15262001738497924,5.614529243705514,6.393139917420091,4.604267073299141,-0.05878203103517732,-0.17183415373691033,-0.00029013626062266606,0.012429683121765484,0.0018951401525853506,0,1,168.04683025183664,0.7655677655677656
11.56,4.612909252223567,-0.06055690157344137,-0.16809414083408147,0.4489727844566732,0.15354091354590746,5.620644062062304,6.403623268530634,4.613136981880235,-0.060306714213485504,-0.16877646511072603,-0.0002848856460806697,0.014576929067727,0.0021261871094019336,0,1,168.10103137396368,0.8542124542124541
11.58,4.621769352260708,-0.062047102656992696,-0.1650145132040125,0.44929721612452395,0.15460384034670815,5.613964481599883,6.4046234067516306,4.6220115242651065,-0.06180419002085109,-0.16570189897867726,-0.00027953039705138364,0.014119792929550736,0.0016748097159737796,0,1,168.1492947092557,0.684981684981685
11.6,4.630633640088424,-0.06350984696600043,-0.1619082169244502,0.4492595125224008,0.15617349619691376,5.613945225354173,6.413840719612241,4.630890641575006,-0.06327429595034112,-0.16261076279481507,-0.0002740508967675337,0.012742066148417644,0.0021055771711036564,0,1,168.19479590008342,0.8461538461538461
11.620000000000001,4.639506486135245,-0.0649455621551975,-0.15877019678460505,0.44945638094972296,0.15722957870099818,5.613611142649785,6.411012541015743,4.639774273070359,-0.0647168722648623,-0.15950336567018164,-0.0002683190014207402,0.011510666954458893,0.001495939673268054,0,1,168.24093874867177,0.6205128205128204
11.64,4.648383749873447,-0.06635337999256281,-0.15562626564601334,0.4494727972729965,0.1575727723437836,5.613420162271344,6.41934048493978,4.64866235617456,-0.06613176202464927,-0.1563800183419005,-0.0002623047839245434,0.012860572237608319,0.0020389123521680763,0,1,168.2865121618596,0.8219780219780218
11.66,4.657269563416413,-0.06773385408365701,-0.15246217027693504,0.44973211564682497,0.15851687557619246,5.6159754799919845,6.420320570034869,4.657554826498541,-0.06751881111443662,-0.1532410331421014,-0.0002560661214960517,0.012927203851778007,0.0016737207463136672,0,1,168.33518433607978,0.684981684981685
11.68,4.666162308250442,-0.06908656366548245,-0.14929198099677182,0.4496309077099727,0.158811471917458,5.606382046346436,6.417387227713263,4.666451617866132,-0.06887786827030191,-0.15008672396668857,-0.0002496079622679621,0.01181873300918275,0.001498954704204969,0,1,168.3740483087517,0.6205128205128204
11.700000000000001,4.675052822353489,-0.07041005267198928,-0.14610395171385396,0.4493375743540155,0.16013602627034998,5.603157444233467,6.422325933108733,4.675352662340157,-0.07020878510616567,-0.1469174062439506,-0.00024299272772673673,0.010420069233290242,0.0019110256377729562,0,1,168.4133644582695,0.7736263736263734
11.72,4.683946285967068,-0.07170488944851783,-0.14288763973774876,0.44929160871940754,0.16132811720085416,5.598206893407549,6.419489758250439,4.684257890249325,-0.07151141613993638,-0.14373339690301928,-0.00023611212301734627,0.01005941753711045,0.001517780881213071,0,1,168.45427236596302,0.6285714285714284
11.74,4.6928396859652155,-0.07297044513883821,-0.13965655534957702,0.44902865112938445,0.16172474943430565,5.595559459802185,6.417389218414376,4.693167230215837,-0.07278561881928654,-0.1405350143421751,-0.00022888421794501766,0.009450425879014568,0.0015478378591756714,0,1,168.4918126795993,0.6366300366300366
11.76,4.701733588214983,-0.07420673922590594,-0.13641912538413814,0.44899292478181546,0.16232653235001449,5.59406040353743,6.42383467444909,4.702080609183748,-0.07403125354704751,-0.13732257839700884,-0.00022133785105895752,0.01160996007750531,0.0019526346553634943,0,1,168.53565731841735,0.7897435897435896
11.78,4.71063380676047,-0.07541446987645242,-0.13315971188475223,0.4491839218940502,0.16357691698655943,5.594021600605194,6.428266170411887,4.710997952448047,-0.07524818370621021,-0.13409641030843797,-0.00021347775988082388,0.011559963246855867,0.0018564266593950052,0,1,168.58344001078595,0.7494505494505493
11.8,4.719541048673257,-0.07659350480554691,-0.1298799637686038,0.449267225077172,0.16429925468952086,5.592792864857057,6.428339631255316,4.719919183684437,-0.07643627568451887,-0.1308568326905826,-0.00020522533801964105,0.011375612228864481,0.0016413888759677087,0,1,168.62774178190787,0.6769230769230768
11.82,4.728452079302976,-0.07774326962217792,-0.1265906130625362,0.4492352675151096,0.16471428603257854,5.591303685834306,6.42995213076528,4.72884422497985,-0.07759539889864564,-0.12760416949850545,-0.0001965722164471162,0.010995005768700774,0.001715427946096415,0,1,168.67024227968358,0.701098901098901
11.84,4.737367394575105,-0.07886374319905705,-0.12329116513580128,0.4494428280297769,0.1652000999467825,5.59776290888426,6.437864340363295,4.737772996863618,-0.07872542581793333,-0.12433874599581492,-0.00018755178863931642,0.010464770916106063,0.002008978507581527,0,1,168.72060735185534,0.8058608058608059
11.86,4.746294504834799,-0.07995575519924578,-0.1199844823274456,0.44981997968947357,0.16543726163786857,5.59827663724374,6.438831391789055,4.7467054183393325,-0.07982623198769459,-0.12106088872214009,-0.00017819937440587407,0.00889896235316397,0.0016592949835105286,0,1,168.77079199069965,0.6769230769230768
11.88,4.755227810445451,-0.08101854289202781,-0.11667491449139517,0.4497618014656041,0.16550160467660507,5.595797422137102,6.436238138102927,4.755641406917376,-0.08089769605205473,-0.11777092546047647,-0.00016860685286512457,0.007698982586099573,0.0015107540035603773,0,1,168.81159058039756,0.6285714285714284
11.9,4.764161578560577,-0.08205140922039203,-0.11336429072319838,0.4495456468708249,0.16567761022377156,5.591169057499282,6.434384422847766,4.7645808786481,-0.08193969977632713,-0.11446918520440921,-0.0001588705567514604,0.00755694775947267,0.0015544389002409842,0,1,168.84951343471212,0.6446886446886447
11.92,4.773093922236287,-0.08305412903617639,-0.1100468098582259,0.44926025130797853,0.16593271392923156,5.587062348402124,6.428959783001471,4.773523748155626,-0.08295212806890895,-0.11115599812521218,-0.0001490508737117598,0.009057236535395781,0.0013845167705777706,0,1,168.8856158229438,0.5802197802197802
11.94,4.782023455900961,-0.08402654207169723,-0.1067292855928765,0.44907924766204504,0.16597993033424752,5.587300843759862,6.432172006167389,4.782469928672302,-0.08393486900268586,-0.10783169553883233,-0.00013919128281666154,0.008565850478927349,0.0017974660370020379,0,1,168.92644167403196,0.7333333333333333
11.96,4.790956675872013,-0.08496935605046713,-0.10340475603158528,0.4491525419222144,0.16652072898880016,5.584803597806714,6.43271941332521,4.791419332073727,-0.08488781383593463,-0.10449660987275775,-0.00012935548431275355,0.0079722921722218,0.0016624755693043225,0,1,168.97032886046114,0.684981684981685
11.98,4.799892085962668,-0.08588232803832967,-0.10006904026858537,0.448991870449922,0.16703449137771498,5.580251846931441,6.429903851815142,4.8003718689144135,-0.08581085703271245,-0.1011510746327764,-0.00011955353445764334,0.007984939621014061,0.0015143650744477988,0,1,169.00902181323295,0.6285714285714284
12.0,4.808825580600544,-0.08676496492923372,-0.09672423051094775,0.4486698070047739,0.16753069691394942,5.57329582897434,6.426595598818667,4.809327448463997,-0.08670389628272189,-0.09779542436962405,-0.0001097790350033517,0.009964907627829147,0.0014940304929758064,0,1,169.04450745213458,0.6205128205128204
12.02,4.817755448897026,-0.08761704353982164,-0.09336708850845622,0.4485085434335234,0.16827832348136618,5.573885455288223,6.431971528243406,4.818285978744016,-0.08756683252064128,-0.09442999464553066,-0.00010001082877894804,0.012562881954624752,0.001916439723272434,0,1,169.0865579169955,0.7736263736263734
12.040000000000001,4.826690473444119,-0.08843928094009063,-0.08999246285139025,0.44879887901434323,0.16930592612500953,5.575146958746934,6.439599914000378,4.827247366565262,-0.08839956994490998,-0.09105512200066382,-9.018441612646541e-05,0.014444430772679484,0.0020029885719333174,0,1,169.13716775712888,0.8058608058608059
12.06,4.835634550656802,-0.08923182610725335,-0.08659489720746025,0.449118818789515,0.17042606972015303,5.57687087710405,6.445676596607972,4.8362115175656335,-0.0892020160359583,-0.08767114391947621,-8.021415572697231e-05,0.013317815982419826,0.0019259727092537648,0,1,169.18808842463562,0.7816849816849816
12.08,4.84458723793214,-0.08999440257153157,-0.08318028390847156,0.4493968865742438,0.17062330016077584,5.583548495770279,6.445949213091009,4.84517833624853,-0.08997408157387254,-0.08427839879695571,-7.000673890539152e-05,0.012429643205436927,0.001787677639074503,0,1,169.2376247575199,0.7172161172161171
12.1,4.853547102610548,-0.09072681366205396,-0.07977653063670669,0.4494581671966058,0.17000497884415333,5.579121646351263,6.443161916239576,4.854147726021743,-0.09071568065548527,-0.08087722590478728,-5.9620430065898795e-05,0.010753868355617601,0.0014780305409732297,0,1,169.28004193395137,0.6124542124542124
12.120000000000001,4.8625062372434025,-0.09142849795170702,-0.07637380384249098,0.449247523028588,0.17042184480377362,5.5761931137166405,6.444669706471974,4.863119589236811,-0.09142673071088173,-0.07746796535742553,-4.92295605417778e-05,0.011230041473976677,0.0017225544440930274,0,1,169.31930566214353,0.701098901098901
12.14,4.871465172223632,-0.09209945152269945,-0.072957673202168,0.44904882898325854,0.17120023622653954,5.568233956105941,6.440213985750846,4.872093827228868,-0.09210715251931338,-0.07405095807808476,-3.8830079764496446e-05,0.01383434404777266,0.0014391750650123991,0,1,169.35654981414484,0.5963369963369963
12.16,4.880419032252981,-0.09273921408081226,-0.0695291956300035,0.4486731867365299,0.17130611884679303,5.568535172766344,6.4349480169370255,4.881070340356934,-0.09275687022450985,-0.07062654576464511,-2.8349282661914453e-05,0.012897296292714109,0.001515113801836554,0,1,169.39222072241066,0.6124542124542124
12.18,4.889370334178228,-0.09334798247398643,-0.06610981804609632,0.4485391254947261,0.17106529996701744,5.56431100713214,6.437165527612039,4.890049028044625,-0.09337581134938075,-0.06719507085548425,-1.7804498291816244e-05,0.015150825860031032,0.0017458820824435284,0,1,169.4324841607762,0.709157509157509
12.200000000000001,4.898322233215151,-0.09392601688665088,-0.06267881990551698,0.4485927456825573,0.17194475382641494,5.566624072251127,6.441641453841817,4.899029788821296,-0.09396390681009956,-0.06375687649523325,-7.268039584345674e-06,0.01327904762029673,0.0018608601285601267,0,1,169.47823792285953,0.7575091575091575
12.22,4.90727999775744,-0.0944735140202024,-0.0592365833142977,0.44886617698290143,0.17203719807497045,5.572204025757715,6.443334058271489,4.908012520363574,-0.09452109092956153,-0.06031230650046358,3.3370552537968166e-06,0.013544180347420923,0.0017361925831715919,0,1,169.52763699715263,0.693040293040293
12.24,4.916244823676078,-0.09499049331467256,-0.0558003692503778,0.44908058405375695,0.17183668049824916,5.571989403540377,6.446723925151078,4.916997119537268,-0.09504730145020836,-0.05686170532530396,1.3962544809558578e-05,0.014347116921172094,0.0017747410379065354,0,1,169.57503597218906,0.7252747252747253
12.26,4.925215083705677,-0.09547685475804107,-0.05235998953474126,0.4494304537919712,0.17186556235516207,5.58493223257321,6.453890069501337,4.925983482439645,-0.09554247954621249,-0.053405418026996394,2.451407357246348e-05,0.013000242792463815,0.0020939204985003235,0,1,169.62949760029508,0.8300366300366299
12.280000000000001,4.934198979940586,-0.09593299469073495,-0.048929978309005445,0.45000611388784867,0.171544868248281,5.58487612965102,6.459571015403987,4.934971504442034,-0.0960065698350141,-0.0499437902313902,3.4916637480109135e-05,0.010956738913203957,0.0018681873002769356,0,1,169.68461130160475,0.7575091575091575
12.3,4.943190556414864,-0.09635859133061281,-0.04549003458943211,0.4501483552020324,0.17252076761572493,5.583419688466567,6.463517440967408,4.943961080232777,-0.09643952038820482,-0.04647716809838086,4.504279139084155e-05,0.009123436546904347,0.0018365070235354386,0,1,169.73108900168057,0.7413919413919413
12.32,4.952185193941245,-0.09675324316255517,-0.04203113996005377,0.45006955637425344,0.1730703395202412,5.579941603829571,6.457168119290611,4.952952103860461,-0.09684128274175138,-0.04300589828729252,5.4986692534135844e-05,0.009493535567783673,0.0013346880636965763,0,1,169.77081295731762,0.5641025641025641
12.34,4.9611767122318025,-0.0971165923867386,-0.038573300033417905,0.4500597399261722,0.17283049147298335,5.588107613797226,6.466264868391009,4.961944468777451,-0.09721181190555435,-0.03953032792221358,6.480336693446079e-05,0.01028083813905659,0.0020723318232865884,0,1,169.81844991668783,0.8300366300366299
12.36,4.970177502151554,-0.09744914854018513,-0.03511471269414109,0.4504465361188986,0.17316547264477034,5.583976576866112,6.465999214909803,4.970938067883681,-0.09755106637233565,-0.036050804557284245,7.443854231786761e-05,0.010052642154280743,0.0016019651968302018,0,1,169.86792060077704,0.6608058608058607
12.38,4.979179402539034,-0.09775053468454138,-0.0316446269331112,0.45027378737959933,0.17392686111404848,5.580547931898741,6.467162501012222,4.979932793570696,-0.09785900812585106,-0.032567676141941115,8.388406206785692e-05,0.010336432510247497,0.001717296584648087,0,1,169.90783390152097,0.701098901098901
12.4,4.9881800303813595,-0.0980205437004296,-0.028158378268957982,0.4501677879955313,0.17457982547185352,5.577969129993228,6.465269300274876,4.988928537765919,-0.09813560264842172,-0.029081290986123737,9.32458045390776e-05,0.009410288873320086,0.0015572426854322252,0,1,169.948210032138,0.6446886446886447
12.42,4.997178922690809,-0.09825906333442196,-0.024663763841692082,0.45010121897437627,0.1751075724264755,5.576392972069422,6.469831953596517,4.997925191977124,-0.09838081892778153,-0.025591997725442076,0.00010261928641930967,0.009379651248092674,0.0018657387843321604,0,1,169.99107993716623,0.7575091575091575
12.44,5.006180446254974,-0.09846610790783872,-0.021152563934557937,0.45043014333989134,0.17571265998422986,5.586629338552348,6.477474195804999,5.006922647337096,-0.09859462946323612,-0.02210014528631447,0.00011208875410545239,0.01231261724014841,0.001995015948479839,0,1,170.04475569564806,0.8058608058608059
12.46,5.015193412859573,-0.09864173913321686,-0.01764196700397416,0.4509481588360518,0.17535376937546307,5.590219817857076,6.479530570471408,5.015920794648466,-0.09877701027112996,-0.018606082851074644,0.00012171477910303311,0.011915509739609611,0.001699417767965783,0,1,170.09858173611167,0.693040293040293
12.48,5.0242131828258065,-0.09878585691057593,-0.014136092459803651,0.45120183026655936,0.17553463879652142,5.592204879038969,6.487501962523889,5.024919524428689,-0.09892794088961837,-0.015110159823055037,0.00013139523088352923,0.011427703317449326,0.002009235551393207,0,1,170.14875791550594,0.8058608058608059
12.5,5.0332397422763995,-0.09889838358581306,-0.010616870580111215,0.4514424006818664,0.1761946172892932,5.592384681160888,6.487112364998589,5.033918726955142,-0.09904740438274219,-0.011612725791644886,0.00014112606323966903,0.013443145051535824,0.001614049408062035,0,1,170.19631736777626,0.6688644688644687
12.52,5.042267673418695,-0.09897912231403116,-0.007091951892397634,0.45134299984049325,0.17651256553437591,5.587107954640789,6.486909294144392,5.042918292310346,-0.09913538734380226,-0.008114130497332808,0.00015098073696241784,0.012083706427455827,0.0016378097688047322,0,1,170.23666286632226,0.6688644688644687
12.540000000000001,5.0512923587666,-0.09902797137962159,-0.003554590287646827,0.45114419169575076,0.17694940635683964,5.586386576067321,6.483193510927955,5.051918110427257,-0.09919187989803227,-0.004614723796732438,0.00016101911231230788,0.012950704093504507,0.0014749344160462918,0,1,170.2755246628948,0.6124542124542124
12.56,5.060314206183659,-0.09904488668781777,-2.0129113754677603e-05,0.45113100272149503,0.17644208367508019,5.5910202132539775,6.484662386789721,5.060918071134643,-0.09921687570456826,-0.0011148556275982966,0.0001713156877682037,0.01162047581503991,0.0017195091708184784,0,1,170.3197239475048,0.693040293040293
12.58,5.069338348023088,-0.09902995733312314,0.0035029072799687734,0.45112503582367103,0.17582609495689,5.586766286688424,6.47715231062967,5.06991806420249,-0.09921037195771344,0.0023851240261695615,0.00018179680509455428,0.010038616416757452,0.0012893937197698824,0,1,170.36017895466964,0.5318681318681318
12.6,5.078356802799511,-0.09898331910643202,0.007014931084869658,0.450847498698739,0.1756654284567171,5.585481625607034,6.480258079022426,5.078917979387443,-0.0991723693874982,0.005884865169522399,0.00019234943700994507,0.00991849888431745,0.0017954258211666518,0,1,170.39925842315222,0.7333333333333333
12.620000000000001,5.0873739447804445,-0.09890499738926953,0.010533462746726643,0.45081999296790115,0.17589186182629274,5.584352874167652,6.474934762669914,5.087917706478249,-0.09910287225953425,0.009384017831262633,0.00020296875249731702,0.009332430347554106,0.001425926341668382,0,1,170.4404566077685,0.5802197802197802
12.64,5.096387280967,-0.09879500681155777,0.014046181217032527,0.4506069762808163,0.17562025045370536,5.581166477954001,6.474842044347863,5.096917135341202,-0.09900188837416377,0.01288223209903942,0.00021368991488767753,0.010922441566725276,0.001638329459069332,0,1,170.4791882416488,0.6769230769230768
12.66,5.105396391416729,-0.09865341141825107,0.017561599714671097,0.4502308773990508,0.17560407973822184,5.572916015989932,6.461023589618444,5.10591615596552,-0.0988694290649032,0.01637915815434146,0.00022450159613508677,0.011492525782045432,0.001102598950456224,0,1,170.51169529925312,0.4593406593406593
12.68,5.114392154360287,-0.09848043083282888,0.02106502503456228,0.449706434594573,0.1747956051108547,5.5749758470552795,6.460576966464039,5.114914658508702,-0.09870550919618329,0.01987444630747732,0.00023541770958196195,0.010291518102287742,0.0016279189056353505,0,1,170.54692551372048,0.6688644688644687
12.700000000000001,5.12338467349811,-0.0982760470161697,0.02455776295510411,0.44969884079466493,0.17481694966439992,5.568999329816852,6.46065514663791,5.123912533341788,-0.09851014716038636,0.02336774703254472,0.00024637000449052274,0.011439843065763405,0.0016350747669423016,0,1,170.5886109327523,0.6688644688644687
12.72,5.13237320509011,-0.09804030367726224,0.028061951503723807,0.4494444248357717,0.17524424418982062,5.5675632435221125,6.454747428538232,5.132909671094537,-0.09828336487418239,0.02685871100238162,0.000257380584233532,0.010403734786073295,0.0014192248244526695,0,1,170.62580123290903,0.5802197802197802
12.74,5.141356107357461,-0.09777321148177728,0.03155984139780569,0.44935536720043634,0.17445977277428443,5.573018775170798,6.4553424775770365,5.1419059627004655,-0.09802518777416606,0.03034698912350046,0.00026854416682977337,0.009424114142942044,0.0017683977644875615,0,1,170.66857840672466,0.709157509157509
12.76,5.150340163844821,-0.09747469898512512,0.03504115491759267,0.4494463415567205,0.17387187683764627,5.570052244131701,6.453312301981889,5.150901299441785,-0.09773564481179732,0.03383223257099603,0.0002797773475760943,0.009250698679218962,0.0015164244927683423,0,1,170.71192667405165,0.6285714285714284
12.780000000000001,5.1593212620798585,-0.09714500562143447,0.03852012317372223,0.4493204295322853,0.17410796582009308,5.569147158899166,6.454924308087477,5.159895572994154,-0.09741476844764829,0.03731409282342824,0.00029099996516815613,0.00823131282229762,0.0017183800684578143,0,1,170.75298247009806,0.701098901098901
12.8,5.168301352709646,-0.09678403306921216,0.04200491925062708,0.4495212431548388,0.1740743087738814,5.578024524143227,6.458421390222642,5.168888675471268,-0.09706259464495948,0.04079222169767277,0.0003022814003313248,0.009339691978363122,0.001904714822940634,0,1,170.8025056286092,0.7575091575091575
12.82,5.177286991352169,-0.09639150346747642,0.04547941025750744,0.44974115539977866,0.17370032095085514,5.572839600130881,6.457295468382083,5.177880499469251,-0.09667916286250956,0.04426627138374094,0.0003136414184414808,0.009583785370721864,0.0015529437482150743,0,1,170.84817035404595,0.6446886446886447
12.84,5.18626904037327,-0.09596785677296125,0.04895770932343306,0.44943655533724003,0.17381316393155458,5.5708113311854035,6.450302917457799,5.186870938110834,-0.09626451604680189,0.04773589447955917,0.0003250425530322762,0.009419328773775408,0.0013987956486606334,0,1,170.88408437170895,0.5721611721611721
12.86,5.19524370857593,-0.09551329310712701,0.05242555467801956,0.44930913225799934,0.17284414723046335,5.577072897942609,6.450208502425515,5.195859885089294,-0.0958187006235729,0.051200744025709226,0.0003365422020226143,0.008551517101411409,0.0018117230614843605,0,1,170.92629696582307,0.7252747252747253
12.88,5.204218836476458,-0.09502758523852803,0.055872166767296005,0.4494336106114744,0.17200931462658064,5.575597573402531,6.448566548996776,5.204847234712135,-0.09534176648862658,0.05466047354012416,0.0003480434601479143,0.008680736887167438,0.0015271107842334541,0,1,170.97059194745728,0.6366300366300366
12.9,5.2131911295467095,-0.09451105659526368,0.0593114716319407,0.44924184437982706,0.1719652321442615,5.571579217208843,6.4452149278153525,5.213832881944507,-0.0948337669980007,0.05811473705273502,0.000359439889881559,0.008051469047295973,0.001475881098914722,0,1,171.00861435479246,0.6124542124542124
12.92,5.222157318515738,-0.09396393291522752,0.06274994239028192,0.4491761778257872,0.17150521955736875,5.579814404880868,6.4449121589629375,5.22281672245232,-0.09429475895746978,0.0615631891400694,0.00037076869196197085,0.008759239955418847,0.0018958942561779213,0,1,171.0523706686632,0.7494505494505493
12.94,5.231125102059049,-0.09338583027293741,0.06616732119832969,0.4494235978949778,0.17044688651220005,5.581651380141211,6.44602705911184,5.2317986526450575,-0.09372480261139081,0.06500548495979225,0.000382010042927654,0.008238105846639133,0.0016435231010921147,0,1,171.10021383202894,0.6769230769230768
12.96,5.240093523907301,-0.09277696492478228,0.06957455356384161,0.4494174138332599,0.1704303792188292,5.57790394771778,6.444963930264215,5.240778569718238,-0.09312396163089824,0.06844128028519048,0.00039303313820100087,0.007965211484665592,0.0015731088849786912,0,1,171.14196836655128,0.6527472527472528
12.98,5.249058025281961,-0.09213765927776393,0.0729854857984748,0.4494700499048492,0.1702931017867655,5.587744685461372,6.447877692377125,5.249756371695557,-0.09249230310145452,0.07187023153959411,0.00040387541299143694,0.007477068042811489,0.001966490844239166,0,1,171.18912025845805,0.7816849816849816
13.0,5.258026859537661,-0.09146733845639086,0.07638126494204368,0.4498324561689773,0.1695266274039634,5.588555248335757,6.4495852009050045,5.258731957470633,-0.09182989750976271,0.07529199583073543,0.00041456997236247173,0.00614476424238884,0.001676374692144933,0,1,171.23911138723352,0.684981684981685
13.02,5.2669967756730856,-0.09076633559530681,0.07977185923540077,0.44989763941755473,0.16944578076979494,5.590327495418153,6.44951733110427,5.26761101145372,-0.09114414698822582,0.07870623098503679,0.00042493607425194384,0.005193372507044943,0.0016214620690044868,0,1,171.2835049463064,0.6688644688644687
13.040000000000001,5.27596435117375,-0.09003493419666392,0.08315754826902844,0.44959713324104134,0.16907523838498525,5.579285883304968,6.436150389800088,5.276308258250312,-0.09044259514664064,0.08211259558182828,0.0004344947792350308,0.007813715818290622,0.000989850700818029,0,1,171.31683497983894,0.43516483516483506
13.06,5.284912628750072,-0.08927464231047212,0.08653508317019906,0.44798724241853166,0.16873273688402954,5.543831095456781,6.400138611382405,5.284823701195946,-0.0897265423521155,0.0855107489874882,0.00044265388367660665,0.009559742715606204,0.0001406902513074737,0,1,171.32815722533363,0.056410256410256404
13.08,5.29381022685608,-0.08848841009314981,0.08990686900385604,0.4449188341699282,0.16810355243919914,5.5007421070240605,6.348378063279677,5.293157350481184,-0.08899728724245601,0.08890035138950808,0.0004489030588408611,0.011382236725298145,0.0007301543874003169,0,1,171.32834150670809,0.20146520146520147
13.1,5.30263679347697,-0.08767854283024151,0.09325550919481602,0.44120289942424756,0.16700558914395372,5.448735501992874,6.2960023963415,5.301309223105049,-0.0882561264440557,0.09228106383047242,0.00045279026432917075,0.009610386968123342,0.0008166748374308086,0,1,171.32834150670809,0.2498168498168498
13.120000000000001,5.311381400478786,-0.0868467213628756,0.09659333519155769,0.43651567828686233,0.1667168136704157,5.370328529700375,6.215221811731673,5.309279342824045,-0.08750435429087851,0.09565254824195464,0.00045386604068304117,0.011943850348580209,0.002064843961955276,0,1,171.33327523680586,0.709157509157509
13.14,5.320011461330023,-0.08599675856600879,0.09992409662669917,0.43029944226127204,0.16642406737954502,5.28452796322021,6.129405744997973,5.317067740096873,-0.08674326254461152,0.09901446747832253,0.00045185268853479747,0.010574443577070108,0.0023392722176427405,0,1,171.34694102192373,0.8139194139194137
13.16,5.328510012691472,-0.08513117731348939,0.10325172541152974,0.42324387169178657,0.16627508775819014,5.177519999776984,6.020667966607616,5.324674452024823,-0.08597414011606605,0.1023664853504544,0.0004466025003055693,0.011446595564776355,0.0033376050344566255,0,1,171.38131895647484,1.1846153846153844
13.18,5.336850381912215,-0.08425368208218906,0.10657402665214519,0.41492206225519557,0.16588652820394403,5.064783285075696,5.905050219116076,5.332099522287906,-0.0851982727879029,0.10570826665935631,0.0004380477125564897,0.011376761700470094,0.00356173618023925,0,1,171.43955047225174,1.257142857142857
13.200000000000001,5.34501824827435,-0.08336692901857637,0.10988685235619636,0.40609014186685594,0.16544018327738005,4.9416962330408465,5.780829270258066,5.339343001076811,-0.08441694293875787,0.10903947722968253,0.00042617752570057055,0.011543175898874887,0.004029289566090222,0,1,171.51535664591427,1.4424908424908423
13.22,5.353001192325598,-0.08247351688290502,0.1131929915710659,0.39668603110308037,0.1650975400340519,4.8154800818878805,5.651803131974792,5.346404945020691,-0.08363142926884136,0.11235978394315141,0.0004110164806417776,0.012926868434853137,0.004169328811440831,0,1,171.60817340832008,1.4908424908424907
13.24,5.360790780419411,-0.08157569419061135,0.11648976050416837,0.3867114722992899,0.16452994482670477,4.675118110046335,5.508096384237173,5.353285417110864,-0.08284300652708483,0.11566885477185881,0.0003926416870337951,0.010907905835307785,0.004864932998575877,0,1,171.72870428318237,1.7406593406593402
13.26,5.3683689596246955,-0.08067696386366977,0.11977447685017532,0.3757224430330678,0.163960575487341,4.523197783212864,5.354106945800294,5.359984486620469,-0.08205294523990629,0.11896635881147943,0.0003711367032965189,0.01177939610672455,0.005330099949508227,0,1,171.89014927904762,1.9260073260073256
13.280000000000001,5.375719592748099,-0.07978076464200362,0.12305117417675639,0.3642793774370791,0.16399872464631796,4.369288423241089,5.205445683743087,5.366502229020153,-0.08126251144166471,0.12225196631435749,0.00034665176604675957,0.010675342970530778,0.005422988011197005,0,1,172.06720021140583,1.966300366300366
13.3,5.382840637270573,-0.07888884233785404,0.1263379468186077,0.3526396776125419,0.16435627571377182,4.208947805329935,5.041036971121966,5.372838725889838,-0.08047296640687242,0.1255253487224801,0.0003194612759946378,0.01040580819830646,0.005789597164011062,0,1,172.26461272671614,2.087179487179487
13.32,5.3897200044549765,-0.07800422786828656,0.12961851004027317,0.3402888249566047,0.16361156526035742,4.0434987004723055,4.870881618112368,5.378994064826627,-0.07968556638423334,0.12878617870033462,0.00028987708650483044,0.008977560131892107,0.006058900997644945,0,1,172.49582197943525,2.1919413919413913
13.34,5.396347712257626,-0.07712991943728917,0.13288187987492137,0.3274779954447168,0.16261777816345716,3.8707957823846555,4.69204942041128,5.384968339348947,-0.07890156233257278,0.13203413016764054,0.0002581187902093993,0.009010097091050188,0.006471666764927664,0,1,172.75715922868903,2.3450549450549447
13.36,5.40271443540936,-0.0762689609595568,0.13612386720136713,0.3145248196284296,0.161697064965599,3.7046106286174925,4.5239595764694736,5.390761648796944,-0.0781221996587234,0.13526887833195775,0.00022439574889494547,0.010348044982804935,0.005956580138653855,0,1,173.01790299173388,2.1758241758241756
13.38,5.4088268067109615,-0.07542225310618325,0.13935376145904207,0.3017568163442026,0.16131480315212735,3.5284917742408584,4.346630374702127,5.396374098229264,-0.07734871795743077,0.13849009972116577,0.00018895066819064475,0.010424983415389942,0.006470120677234015,0,1,173.28546166580438,2.369230769230769
13.4,5.414677126282027,-0.07459260332949401,0.14257658321688135,0.2885329297291755,0.1607453202238525,3.356774787448625,4.16859936013766,5.401805798316227,-0.07658235075333975,0.1416974722158094,0.0001520680270275423,0.0091286480912086,0.006429588561383037,0,1,173.5728587637737,2.3450549450549447
13.42,5.420264148243195,-0.07378196318411705,0.145780921993007,0.2752783653369683,0.15971621093922542,3.178266260782138,3.986226028661785,5.407056865229533,-0.07582432524512155,0.1448906750813123,0.00011403790339818373,0.0140855968642859,0.006657493265787295,0,1,173.87187970047268,2.4336996336996335
13.44,5.42558323554589,-0.07299283895876738,0.14896830710520972,0.2619311240659471,0.1591137787187699,3.0052593808974803,3.81228103775062,5.412127420528525,-0.07507586205179981,0.14806938900004887,7.510822135571625e-05,0.019416060141215576,0.006305052542069783,0,1,174.17015611636413,2.3208791208791206
13.46,5.430639970358509,-0.07222618027827382,0.15214737649135693,0.24874175042067834,0.15858468563838535,2.827262477774033,3.628414515678639,5.417017591043106,-0.07433817496133244,0.1512332961032765,3.557527859208249e-05,0.02298155354706684,0.006741752016073632,0,1,174.47438390270528,2.4659340659340656
13.48,5.435429725547857,-0.07148445377117098,0.1553099321094958,0.2355561952433852,0.1578446704783923,2.6607243213931846,3.4617720233769917,5.421727508753405,-0.07361247068150384,0.1543820800029208,-4.275972115264353e-06,0.023976499808004762,0.006011383748001836,0,1,174.76519650572928,2.224175824175824
13.5,5.439965778254009,-0.07076733866025507,0.15846451464497557,0.22294822393360728,0.15735164030779097,2.4916696717686304,3.2860648770221155,5.426257310666258,-0.07289994859318114,0.15751542582321615,-4.416871621250491e-05,0.023040313743695667,0.006390169815428892,0,1,175.0413939009874,2.3450549450549447
13.52,5.444246726311118,-0.07007674326793233,0.16159961546423504,0.21014835516918115,0.15600063863599628,2.3286028707450677,3.11450343194782,5.430607138688569,-0.07220180050598521,0.1606330202321916,-8.385830829715476e-05,0.022914048739734225,0.006200719113933939,0,1,175.3228039368646,2.2805860805860805
13.540000000000001,5.4482766950679995,-0.06941372383516686,0.16470717784433506,0.19768603071005877,0.15530869608012315,2.1601849515379317,2.9528842209138806,5.434777139497701,-0.071519210416427,0.1637345514730045,-0.00012315414222687556,0.023375201232914693,0.006163507089490511,0,1,175.59103319720475,2.2886446886446885
13.56,5.452060598422596,-0.06877910518005659,0.16782037798527297,0.1854922804279483,0.15539939053515817,2.0064558208376653,2.7888955895741434,5.4387674644088895,-0.07085335426855636,0.1668197093951148,-0.00016183171373567373,0.02200023625449094,0.005850995411567611,0,1,175.84470533239812,2.1597069597069596
13.58,5.455606051692204,-0.06817315102485787,0.17091163059172804,0.173596135624367,0.15362546038758523,1.8521057426970635,2.625231993313934,5.442578269239857,-0.07020539971716998,0.16988818548530157,-0.000199643342746492,0.021574795960286757,0.00589257359946313,0,1,176.08954470439383,2.1838827838827837
13.6,5.458915089987035,-0.06759712960702909,0.17396962773857116,0.16173002646734722,0.15264496404287972,1.6929975029297777,2.470250687769658,5.446209714172664,-0.06957650589362228,0.17293967289851284,-0.00023647696666763245,0.019454580624574468,0.00575267057946674,0,1,176.33411729469105,2.151648351648351
13.620000000000001,5.4619909718821145,-0.06705201047117629,0.17702632053994385,0.15026832870819565,0.1526915179835514,1.549663901965769,2.32137156077804,5.449661963612898,-0.06896782317428214,0.17597386648855046,-0.00027217719458215374,0.019428692726501093,0.005176850066717392,0,1,176.5547957306273,1.9260073260073256
13.64,5.464846836016152,-0.06653688648546596,0.18007175318509597,0.13941572705315874,0.1519248661745285,1.4070165069156442,2.176751304065873,5.452935186046315,-0.06838049295167592,0.17899046283858333,-0.00030655268125987824,0.01944145076616089,0.005025103821378718,0,1,176.75318572303388,1.8857142857142855
13.66,5.467488931769531,-0.0660520280531807,0.18310373997226972,0.1286864147963689,0.1507602756614393,1.2714063183375648,2.0272460223258313,5.456029553892998,-0.06781564740835506,0.18198916029149054,-0.00033949543401584734,0.028992037178785665,0.00528741549760503,0,1,176.94904610582364,1.9743589743589742
13.68,5.469920138356036,-0.06559829039846767,0.18609833104115597,0.11827711905649226,0.1492946931895211,1.1364566467633195,1.8964882049644955,5.45894524335914,-0.0672744092935263,0.18496965898002576,-0.0003709392059344169,0.02586974293893151,0.004676878843234283,0,1,177.12773763342094,1.7648351648351646
13.700000000000001,5.472151583065793,-0.06517493019905796,0.1890878749377956,0.10830570384564363,0.14938724207880355,1.004016720811724,1.7597779185208848,5.461682434286552,-0.0667578917024781,0.1879316608568041,-0.0004008336632506653,0.02418554588508381,0.004705935951549944,0,1,177.29597881395432,1.7648351648351646
13.72,5.474185119193997,-0.06478282616611465,0.19206797762649996,0.09842388929291834,0.1484505965483685,0.8801420099623307,1.628953331774258,5.464241310000003,-0.06626719785883751,0.19087486972410567,-0.00042910560646647247,0.026979267519058207,0.004458002754039028,0,1,177.4576102696836,1.676190476190476
13.74,5.476029361149168,-0.06442153902947358,0.19502422149499185,0.0892208003522437,0.14706618062246452,0.7675697234955502,1.508614232208092,5.466622057152448,-0.06580342089968828,0.19379899126349673,-0.00045572266516515666,0.02646273531263308,0.004017307254905053,0,1,177.59250534570702,1.515018315018315
13.76,5.477698859280361,-0.06408938072303552,0.1979526327172883,0.0805540147294462,0.14598554424687873,0.6518795903222228,1.3920623948570416,5.468824865568298,-0.06536764366357976,0.19670373306526004,-0.0004806998172823371,0.027478855716196196,0.003925792048372546,0,1,177.71474825712525,1.4989010989010987
13.780000000000001,5.479197430922378,-0.06378667981354938,0.20086804646528036,0.07190941496459603,0.1452140547409471,0.5414577921649254,1.2723732637172231,5.470849928084796,-0.06496093848145401,0.19958880465763632,-0.0005040811244355218,0.023316435213326155,0.004072090586584254,0,1,177.83893023613177,1.539194139194139
13.8,5.480526493459552,-0.06351420295197915,0.2037560251104913,0.06330165668806269,0.14344430772293867,0.43023881173818607,1.1511673011729313,5.472697440391616,-0.06458436697051664,0.20245391753587003,-0.0005259098188593056,0.020642708503973654,0.004218527567451197,0,1,177.9672669916827,1.5875457875457872
13.82,5.4816864298373424,-0.06327293196501607,0.20660620154312168,0.05490969107882555,0.14143611450295374,0.3287709357338394,1.0388181162853,5.4743676008687725,-0.06423897983107567,0.2052987851910612,-0.0005462531547513271,0.018731381915425973,0.003871194112989265,0,1,178.08750700900202,1.4586080586080585
13.84,5.482688043104147,-0.06306163490411998,0.20941646957929183,0.04711798682665131,0.13986346131847624,0.22701744944763683,0.935143197093943,5.475860610422968,-0.06392581664636975,0.208123123138815,-0.000565177615237575,0.01882268478133053,0.003556304695116072,0,1,178.19389485463455,1.345787545787546
13.86,5.483538968094318,-0.06287964122173531,0.21220840888081202,0.039464648565042636,0.13924590850409604,0.1242017660984194,0.8282866219763255,5.4771766723224475,-0.06364590568540623,0.2109266489476903,-0.0005827670686315292,0.017218791670614336,0.0037998745325964825,0,1,178.30443360872763,1.4344322344322342
13.88,5.484239623632498,-0.06272775012081207,0.2149863343612882,0.03206972324088738,0.13857274158818905,0.03322354269806225,0.7349849970294995,5.478315992030495,-0.06340026370882702,0.21370908226744267,-0.0005991050837438795,0.017039937725941156,0.0032746693654308393,0,1,178.40655076208085,1.2329670329670328
13.9,5.484803876174922,-0.06260379336704637,0.21775291013294443,0.025345592101021892,0.13798524159911138,-0.05620233009571444,0.6413955402936575,5.479278777037666,-0.063189895777819,0.21647014485705837,-0.000614276328453334,0.028447804240332792,0.0034581224828287432,0,1,178.49886341486626,1.2974358974358973
13.92,5.485237053885724,-0.06250738400358233,0.22050510995711609,0.018790922393578418,0.13718449454109746,-0.13973134233313347,0.5536738716015922,5.480065236692844,-0.06301579506608311,0.21920956061257954,-0.0006284092842531781,0.028766871647624315,0.0033304359862675256,0,1,178.59081694949847,1.2410256410256408
13.94,5.48554571797526,-0.06243780448631464,0.22324042709217595,0.012458958078607798,0.13619679826499734,-0.2248627193622976,0.4617052673145385,5.480675582033253,-0.06287894267487557,0.22192705559471348,-0.0006416454543878562,0.04296301116325076,0.0037084547003669033,0,1,178.68788023625262,1.36996336996337
13.96,5.4857284645968045,-0.062396098748473856,0.225950616058018,0.005895461538096958,0.13448343568766782,-0.3097065686964528,0.3636640205913656,5.4811100256135195,-0.06278030745113183,0.2246223580562268,-0.0006541461688153435,0.041700029385457575,0.004172512774401428,0,1,178.80254768281662,1.5311355311355312
13.98,5.485781914797201,-0.06238377032489568,0.22861932441124497,-0.0006918450323018101,0.13283254745055517,-0.3981306267318301,0.27602718385261366,5.481368781333874,-0.0627208458086825,0.22729519846911891,-0.0006660635342485876,0.049455633842995894,0.003929767956979961,0,1,178.92577425107794,1.4505494505494505
14.0,5.485709748115524,-0.062400687135431766,0.23127221891798094,-0.0069782872619210175,0.13180610172069748,-0.4738326219181484,0.18461081837143803,5.481452064267636,-0.06270150155256916,0.22981334791940028,-0.0006769767402499128,0.04818111888747597,0.004219060687153654,0,1,179.04809950267844,1.539194139194139
14.02,5.485518510726566,-0.06244599831348972,0.2338778872697888,-0.012873169219619923,0.1279353824735156,-0.5350310907807142,0.09243630699391703,5.481452064267636,-0.06270150155256916,0.22981334791940028,-0.0006775335682769651,0.043358821526055226,0.0045018304258042634,0,1,179.16648286612676,1.6278388278388274
14.040000000000001,5.485218632053298,-0.062517842428269,0.23637425671733459,-0.017880357725415907,0.12000589337284147,-0.5591979924481131,0.004753973934367263,5.481452064267636,-0.06270150155256916,0.22981334791940028,-0.0006791777273491137,0.03936043881140185,0.004564213970346428,0,1,179.26677311152827,1.6358974358974359
14.06,5.484834773825675,-0.06261076952464216,0.23865755200353875,-0.02175417804075548,0.1070776932571996,-0.5710522037048535,-0.0840878160573281,5.481452064267636,-0.06270150155256916,0.22981334791940028,-0.0006822203855654482,0.038034243338106614,0.004897169882412049,0,1,179.35748650617867,1.7487179487179485
14.08,5.484379477306158,-0.06272202237423173,0.24065550813863118,-0.02508909636668153,0.09161125908510655,-0.5663525123696513,-0.16466910194342485,5.481452064267636,-0.06270150155256916,0.22981334791940028,-0.0006868336517300439,0.04239884122317858,0.004667225505245577,0,1,179.4460075149944,1.6600732600732597
14.1,5.483868077874512,-0.06284797937739112,0.24233249682389024,-0.02757751029509233,0.0759747343927517,-0.5607193584058507,-0.227655309793864,5.481452064267636,-0.06270150155256916,0.22981334791940028,-0.0006929844767609429,0.045551824238792324,0.003931837474070292,0,1,179.51645821921744,1.386080586080586
14.120000000000001,5.48331448825615,-0.06298522683290428,0.24372135223062522,-0.029422449971520208,0.06236440046686195,-0.5469093111574933,-0.28132083827158877,5.481452064267636,-0.06270150155256916,0.22981334791940028,-0.0007005181694726984,0.04358083601474061,0.0035258489875527217,0,1,179.56896246386603,1.2410256410256408
14.14,5.482731297496071,-0.06313059129001405,0.2448393690910113,-0.030613292420204576,0.04830724766503112,-0.5181541888754378,-0.33194822839343,5.481452064267636,-0.06270150155256916,0.22981334791940028,-0.0007092124438816383,0.0507273872855366,0.0034612017656585857,0,1,179.61646476685448,1.2168498168498167
14.16,5.4821308394793675,-0.06328088267170805,0.2456607402209565,-0.031260917486917186,0.03354663272195907,-0.490434031731948,-0.3719517977910543,5.481452064267636,-0.06270150155256916,0.22981334791940028,-0.0007187707005204656,0.05315816094576138,0.0030093275645841078,0,1,179.6588047383503,1.0476190476190477
14.18,5.481520634226271,-0.06343405842729835,0.24620413742955946,-0.031692252792734556,0.02035394546957791,-0.4644690540941908,-0.4095692313375434,5.481452064267636,-0.06270150155256916,0.22981334791940028,-0.0007289171184377009,0.051086868413163275,0.0028926891968009995,0,1,179.69377354065395,1.0073260073260073
14.200000000000001,5.480903159226592,-0.0635893349434804,0.2464933033359259,-0.031788996859475345,0.008397532817058656,-0.43147507646139915,-0.43006095720974696,5.481452064267636,-0.06270150155256916,0.22981334791940028,-0.0007394530480911746,0.04699382670068009,0.0020611061664968164,0,1,179.71998821074413,0.709157509157509
14.22,5.480291560841803,-0.06374325100669959,0.24655783413662086,-0.03126809000751182,-0.0027885947793357575,-0.3933390086192255,-0.45392072497346525,5.481452064267636,-0.06270150155256916,0.22981334791940028,-0.0007500029606334368,0.042615225597583184,0.002246131357424276,0,1,179.74242177468497,0.7736263736263734
14.24,5.479690726993751,-0.0638944292757128,0.2463876672151888,-0.030528771614613443,-0.014704760809831222,-0.348895708590208,-0.4682413601556201,5.481452064267636,-0.06270150155256916,0.22981334791940028,-0.0007603391745792163,0.04777787969096747,0.001795425843190132,0,1,179.76570766804804,0.6124542124542124
14.26,5.4791089278665925,-0.06404064439511788,0.2459866782014744,-0.029502343238847102,-0.025233384822862925,-0.31687776151231695,-0.4778435664321209,5.481452064267636,-0.06270150155256916,0.22981334791940028,-0.0007701787545724046,0.04772936484175202,0.0015415811272180072,0,1,179.782786197865,0.5238095238095238
14.280000000000001,5.478544751919681,-0.06418213538561736,0.24540004366217963,-0.028496006315244966,-0.03409552953190272,-0.27404992531459016,-0.48390163162474725,5.481452064267636,-0.06270150155256916,0.22981334791940028,-0.0007794328941993434,0.04907897648802033,0.00146411130558919,0,1,179.79657593883448,0.556043956043956
14.3,5.478004677017414,-0.06431719635076244,0.2446289060890197,-0.02713290963198866,-0.04321730001857249,-0.23499897968650788,-0.48671858149575753,5.481452064267636,-0.06270150155256916,0.22981334791940028,-0.0007879161770442412,0.054163057412130455,0.0012966991519717981,0,1,179.81021997977038,0.4915750915750915
14.32,5.477490709671792,-0.06444526250092608,0.24368845867874628,-0.02572331741511353,-0.050589612559676554,-0.20045220497942692,-0.4789289032983396,5.481452064267636,-0.06270150155256916,0.22981334791940028,-0.000795535737374755,0.05398925276899338,0.0010773756553179633,0,1,179.8191853481492,0.419047619047619
14.34,5.477005844356508,-0.06456556164018087,0.24262313478256722,-0.024190410159400894,-0.05644823153540414,-0.16373459838009763,-0.47541023134845484,5.481452064267636,-0.06270150155256916,0.22981334791940028,-0.0008022218095991487,0.0511897684480941,0.0011851512891667849,0,1,179.82637425393517,0.4593406593406593
14.36,5.476549682265422,-0.06467819576349222,0.24143507225400876,-0.02276220922452117,-0.062260151564388376,-0.13395370414288463,-0.468134072501152,5.481452064267636,-0.06270150155256916,0.22981334791940028,-0.0008079828607690665,0.04731487979221978,0.0008862526165710326,0,1,179.83255835763407,0.3465201465201465
14.38,5.476120313678131,-0.06478365057262056,0.24014676676804048,-0.021350195659293865,-0.06670208843143893,-0.1028516114080886,-0.45768422078376686,5.481452064267636,-0.06270150155256916,0.22981334791940028,-0.0008128567967724326,0.042321219260399626,0.0009629280017138227,0,1,179.8369828732367,0.37875457875457874
14.4,5.475719891697044,-0.06488143267784996,0.23877444007956203,-0.01975920276355036,-0.07058185039215549,-0.07131496093249913,-0.4429812908173825,5.481452064267636,-0.06270150155256916,0.22981334791940028,-0.0008168536672849783,0.04294120467553789,0.0010000291191033803,0,1,179.84148550287634,0.3868131868131867
14.42,5.475351469869261,-0.06497085205797873,0.2373329983241446,-0.018115197314251926,-0.07331357782284481,-0.04681824203829743,-0.4251895580789538,5.481452064267636,-0.06270150155256916,0.22981334791940028,-0.0008199971776521578,0.03969271363052133,0.0006742493750391044,0,1,179.84490390614624,0.2659340659340659
14.44,5.4750136856449485,-0.06505231282938971,0.23585342180536126,-0.016528765196136705,-0.07457295349351566,-0.022138740462128922,-0.4041827640887074,5.481452064267636,-0.06270150155256916,0.22981334791940028,-0.0008223704364992398,0.04028981689237881,0.0006994984977090613,0,1,179.84759707594833,0.28205128205128205
14.46,5.474707190359055,-0.06512574535024174,0.23435599179801223,-0.015035665478608441,-0.07498960484281782,-0.006841002203181984,-0.38692491835712917,5.481452064267636,-0.06270150155256916,0.22981334791940028,-0.0008240540042977684,0.03435241314454071,0.00027456539323440635,0,1,179.84950184587046,0.12087912087912088
14.48,5.474425480953382,-0.06519279269134348,0.23285997427736913,-0.013845699030564311,-0.07444235661319587,0.007294057388374734,-0.36696131016771644,5.481452064267636,-0.06270150155256916,0.22981334791940028,-0.000825166384535294,0.040162120149421665,0.0004676485244927975,0,1,179.8505531200743,0.18534798534798533
14.5,5.474167724409492,-0.0652537343843072,0.23138202413737136,-0.012559941771878823,-0.07321675800499773,0.021596132030115508,-0.34457215128806323,5.481452064267636,-0.06270150155256916,0.22981334791940028,-0.000825790001552096,0.038861865997545424,0.0006282144462236502,0,1,179.8522866670253,0.24175824175824176
14.52,5.473935799997224,-0.06530821043289665,0.22993357934419176,-0.011178474283017839,-0.07134905859037381,0.03468390057288744,-0.31827468721849156,5.481452064267636,-0.06270150155256916,0.22981334791940028,-0.0008260024135419407,0.03672110338490618,0.0008641938738019952,0,1,179.8550621139967,0.32234432234432236
14.540000000000001,5.473731146002813,-0.06535597302960852,0.2285304162228043,-0.009829365199808834,-0.06894429945208821,0.04563713365513464,-0.29631271413896293,5.481452064267636,-0.06270150155256916,0.22981334791940028,-0.0008258899636644633,0.038021732344834115,0.0007053285352833748,0,1,179.8578963142203,0.2659340659340659
14.56,5.473550360259516,-0.06539790171243734,0.22717488731746566,-0.008734630240407697,-0.06606318502070799,0.04751207450246551,-0.2722298538531715,5.481452064267636,-0.06270150155256916,0.22981334791940028,-0.000825534066683355,0.04575644553481486,0.000869396355354355,0,1,179.86059083530392,0.32234432234432236
14.58,5.473389170826263,-0.06543506084045947,0.22589266197042354,-0.007673707406743448,-0.06216771111041993,0.056620395110736514,-0.2463139874255482,5.481452064267636,-0.06270150155256916,0.22981334791940028,-0.0008249979683771886,0.05349459360451424,0.0010120234608071224,0,1,179.86431425677034,0.37069597069597066
14.6,5.473250994238018,-0.06546673378736778,0.2246828598293215,-0.006582404078117624,-0.05840726474625346,0.05518047310909732,-0.22442841991998005,5.481452064267636,-0.06270150155256916,0.22981334791940028,-0.0008243621555667918,0.054752586168748923,0.0008476528859072789,0,1,179.86805734882236,0.3142857142857142
14.620000000000001,5.473129620391897,-0.06549440512996188,0.223560192864283,-0.00574775287906972,-0.053146837254964004,0.05189055855000031,-0.19258995928624742,5.481452064267636,-0.06270150155256916,0.22981334791940028,-0.0008236575386929544,0.05282992389537531,0.0014014050110443248,0,1,179.87395147674383,0.5076923076923076
14.64,5.473026697264514,-0.06551775474825416,0.22255864358682798,-0.00490044804518148,-0.04719858173072211,0.04747391011493511,-0.17469193820549472,5.481452064267636,-0.06270150155256916,0.22981334791940028,-0.0008229478161875415,0.04906580217846313,0.0007662832086065777,0,1,179.87971867246122,0.28205128205128205
14.66,5.472936039189861,-0.06553823085818888,0.2216597227331478,-0.004213455568104194,-0.04226746879505747,0.04789272490498644,-0.14570383231235018,5.481452064267636,-0.06270150155256916,0.22981334791940028,-0.0008222340602191782,0.05142600877978665,0.0013164872157388503,0,1,179.88482975475634,0.4835164835164835
14.68,5.472863468314454,-0.06555455751896859,0.22086737471368745,-0.0033177459811360556,-0.03667782504223319,0.04070445953561771,-0.1237350614731376,5.481452064267636,-0.06270150155256916,0.22981334791940028,-0.0008216001362610138,0.05813522711512066,0.0010064031286750423,0,1,179.89094045547506,0.3626373626373626
14.700000000000001,5.472803369426241,-0.06556803115312806,0.2201860859954374,-0.002814952794181065,-0.03166702073070298,0.03877789685404462,-0.10795313136981063,5.481452064267636,-0.06270150155256916,0.22981334791940028,-0.0008210292608882975,0.055406431857218316,0.0007352018802788338,0,1,179.89473104151332,0.2659340659340659
14.72,5.472753139769231,-0.06557925852120824,0.21959128125711633,-0.0023044628413233987,-0.026938471003998488,0.028150188901077164,-0.08314740440254868,5.481452064267636,-0.06270150155256916,0.22981334791940028,-0.0008205193454206279,0.0530527006740546,0.0011867170018919609,0,1,179.89961228773657,0.42710622710622703
14.74,5.472712931452022,-0.06558822304341105,0.21911389434449516,-0.0017883092909545628,-0.02095180707711085,0.023806143946717456,-0.0645284643536571,5.481452064267636,-0.06270150155256916,0.22981334791940028,-0.0008200888956574233,0.05123742906822114,0.0009295178090813422,0,1,179.90521406762863,0.3384615384615384
14.76,5.472682507709559,-0.06559499244341549,0.21874162460399765,-0.0013793307203630919,-0.015656265540980825,0.010195938340282302,-0.04484855279190881,5.481452064267636,-0.06270150155256916,0.22981334791940028,-0.000819749920668785,0.04521211931888098,0.0009903797137562884,0,1,179.9104192622262,0.3545787545787545
14.780000000000001,5.472657789659561,-0.06560048396502213,0.21848865716974283,-0.0010668441632506525,-0.009524413359334766,0.0029675370653191777,-0.023977827173491083,5.481452064267636,-0.06270150155256916,0.22981334791940028,-0.0008194663967530783,0.04870573225265247,0.0010781456635124268,0,1,179.9164434959337,0.3868131868131867
14.8,5.472641416847541,-0.0656041180947828,0.2183505569585298,-0.0006608406829909687,-0.004239407634762898,-0.005594140072641668,-0.009337742131699005,5.481452064267636,-0.06270150155256916,0.22981334791940028,-0.0008192753238265276,0.05458824734506532,0.0007659974737184939,0,1,179.92099976755193,0.2739926739926739
14.82,5.472630710615771,-0.06560649339780567,0.21831149488028367,-0.0003491253200121459,0.0008528204916443463,-0.01408743914390954,0.012783945642163171,5.481452064267636,-0.06270150155256916,0.22981334791940028,-0.0008191493431468069,0.045534345290145384,0.0011458853497619578,0,1,179.92595848604742,0.4109890109890109
14.84,5.472628334148324,-0.06560702062238342,0.2183838145997032,5.421628280017532e-05,0.006461476792538072,-0.023788241114112485,0.02836824971862047,5.481452064267636,-0.06270150155256916,0.22981334791940028,-0.0008191213571644355,0.05136015979753137,0.0008457218555141259,0,1,179.93124239808213,0.3062271062271062
14.86,5.4726308252666875,-0.06560646755785422,0.21855924245426964,0.000131428793720969,0.010984430162189047,-0.034091068613633854,0.03551223615645615,5.481452064267636,-0.06270150155256916,0.22981334791940028,-0.0008191502995505435,0.04443576775505251,0.000601217208927589,0,1,179.93440815052296,0.21758241758241753
14.88,5.472632850300661,-0.06560601752401661,0.21881303538271932,0.0002211019688887897,0.014587179481268057,-0.037083832869870555,0.05098701137026336,5.481452064267636,-0.06270150155256916,0.22981334791940028,-0.0008191733917828001,0.037322734225724366,0.0008313597824400314,0,1,179.93697348739602,0.29816849816849816
14.9,5.472641002448999,-0.06560420325249534,0.21913942134310543,0.00048399431284906546,0.01822004370750759,-0.047776730355367024,0.05862210292440007,5.481452064267636,-0.06270150155256916,0.22981334791940028,-0.0008192638444114776,0.03763749468165894,0.0006054407850751503,0,1,179.93956010795767,0.21758241758241753
14.92,5.472649748951638,-0.06560225357185127,0.21953785917790383,0.0005562648544629279,0.021772665613014677,-0.05047401459663359,0.07343607948151029,5.481452064267636,-0.06270150155256916,0.22981334791940028,-0.0008193578393713855,0.03127307273017974,0.000814634640177554,0,1,179.9420800187585,0.29816849816849816
14.94,5.472664356401063,-0.0655989905805482,0.22000626698703815,0.0008091865391983995,0.02522378095508438,-0.060825959961295833,0.0803588733447238,5.481452064267636,-0.06270150155256916,0.22981334791940028,-0.0008195081509745164,0.037416438687974084,0.0005786151548295548,0,1,179.94449894426933,0.2095238095238095
14.96,5.47267894333473,-0.06559572482408099,0.22054143361037595,0.0007515903940648141,0.028142973987827426,-0.06399220445566822,0.08684712343002655,5.481452064267636,-0.06270150155256916,0.22981334791940028,-0.0008196510967092806,0.03884783587929375,0.00041477880549996553,0,1,179.9459294219307,0.1531135531135531
14.98,5.472694900743259,-0.06559214265120517,0.2211231120358859,0.0008898024098220634,0.03009415585002656,-0.0667627004532718,0.09332307847657763,5.481452064267636,-0.06270150155256916,0.22981334791940028,-0.0008197981333553928,0.045758112507592555,0.00039153886441621166,0,1,179.94671919809562,0.14505494505494504
15.0,5.472713123727029,-0.06558804052534242,0.22174025329333916,0.00090625321283953,0.031277235334038436,-0.06857065334204233,0.09025194929010853,5.481452064267636,-0.06270150155256916,0.22981334791940028,-0.000819954975619837,0.04002225242399052,0.00010637750002540167,0,1,179.94708082893965,0.040293040293040296
15.02,5.472729282387615,-0.0655843926786519,0.2223665011762158,0.0008150784487157305,0.03158665583108914,-0.07005962598292904,0.09405624982114036,5.481452064267636,-0.06270150155256916,0.22981334791940028,-0.0008200839094556793,0.03589497868243018,0.00023767567996285915,0,1,179.94725365810322,0.08864468864468862
15.040000000000001,5.472746154916514,-0.06558057222330646,0.22300689441292318,0.0009191657630268329,0.032462006818107236,-0.07045835815554892,0.09736668294987705,5.481452064267636,-0.06270150155256916,0.22981334791940028,-0.0008202073888940254,0.041983707039383734,0.0002155541627735704,0,1,179.94748288855294,0.08058608058608059
15.06,5.472764648042249,-0.06557637231839634,0.2236644252703082,0.0009040931082533689,0.03358790313717669,-0.07819110807568573,0.09937980503581578,5.481452064267636,-0.06270150155256916,0.22981334791940028,-0.0008203305600271381,0.03909080006627588,0.00038672461786622755,0,1,179.94795744894506,0.14505494505494504
15.08,5.472780517736674,-0.06557275719684776,0.22435206491692572,0.0007853412726260961,0.03498494805447658,-0.07861446937484078,0.10138793509419991,5.481452064267636,-0.06270150155256916,0.22981334791940028,-0.0008204255333532605,0.03965270266845279,0.00017161372908834627,0,1,179.9483843913399,0.06446886446886446
15.1,5.472796170488366,-0.06556917985308515,0.2250551391710045,0.0007464634658448438,0.034910024893435705,-0.07796038770446033,0.09440101981060971,5.481452064267636,-0.06270150155256916,0.22981334791940028,-0.0008205078726072788,0.03626240106917592,0.00029929170980190056,0,1,179.94859101028672,0.10476190476190475
15.120000000000001,5.472808738456352,-0.0655662984854661,0.22574228832106097,0.000605427400283206,0.03407986791102261,-0.07796527210939788,0.09551000973845827,5.481452064267636,-0.06270150155256916,0.22981334791940028,-0.0008205651893287685,0.0327613556067606,8.264842700686763e-05,0,1,179.94877312179062,0.03223443223443223
15.14,5.472821084986305,-0.0655634587444359,0.2264235356185635,0.0006640369087113586,0.033851139753556636,-0.07487922897255608,0.09400572137846659,5.481452064267636,-0.06270150155256916,0.22981334791940028,-0.0008206125955816605,0.034790279615065346,0.00015173747152269663,0,1,179.9488237960168,0.056410256410256404
15.16,5.472834175864692,-0.06556043858335614,0.22709129214730245,0.0006038735920774078,0.03260323667071825,-0.0727296704544982,0.08505020654806061,5.481452064267636,-0.06270150155256916,0.22981334791940028,-0.0008206538846552737,0.04254558373202594,0.00041972306840932973,0,1,179.94922073734116,0.1531135531135531
15.18,5.47284375624792,-0.06555822191630027,0.22772458663332343,0.00044017463888012696,0.03083496605923705,-0.0696562212110622,0.08235725202402708,5.481452064267636,-0.06270150155256916,0.22981334791940028,-0.0008206778670430447,0.03942806223989589,0.00019425232154524769,0,1,179.9496777952723,0.06446886446886446
15.200000000000001,5.472852675248838,-0.065556152231093,0.22832932727814462,0.0004750403419548198,0.02953437424537398,-0.06546914621628724,0.07898915944005629,5.481452064267636,-0.06270150155256916,0.22981334791940028,-0.0008206943068682841,0.04372710978639786,0.00022630479844469326,0,1,179.94990568939502,0.08058608058608059
15.22,5.4728622699363925,-0.06555391976792119,0.22890570394188595,0.0005126293662340397,0.027963598486442903,-0.06027700982020639,0.07494091233577248,5.481452064267636,-0.06270150155256916,0.22981334791940028,-0.0008207061669021701,0.053831184328258765,0.00027967860967463305,0,1,179.95026052172358,0.09670329670329668
15.24,5.472872552246722,-0.06555152124655922,0.2294474261637539,0.000544160195278047,0.026039908824436783,-0.054271824874943045,0.06976473108183028,5.481452064267636,-0.06270150155256916,0.22981334791940028,-0.000820712972161488,0.049978527112765986,0.0003330356157442132,0,1,179.95081031916044,0.12087912087912088
15.26,5.472883480517955,-0.06554896602357423,0.22994727569894524,0.0005797133201688109,0.023802258071854855,-0.04771107707686114,0.0641647187827353,5.481452064267636,-0.06270150155256916,0.22981334791940028,-0.0008207143428206347,0.047306608618957746,0.00036438493271902673,0,1,179.95154883278573,0.12893772893772892
15.280000000000001,5.472894705500081,-0.06554633583606481,0.23040187276179563,0.0004960358418207558,0.02180559667759759,-0.048476656929229915,0.05736817314315402,5.481452064267636,-0.06270150155256916,0.22981334791940028,-0.0008207103093430315,0.05749237400238867,0.00033648622482774625,0,1,179.95216529857453,0.12087912087912088
15.3,5.472902324288497,-0.06554454717641948,0.23082556476345287,0.0004247487043986735,0.020473806497314145,-0.04074612683804518,0.05781277781021984,5.481452064267636,-0.06270150155256916,0.22981334791940028,-0.0008207042033432431,0.0506082705738846,0.00040931501723762533,0,1,179.9526915157771,0.14505494505494504
15.32,5.472913395308341,-0.06554194293142014,0.23121932082966587,0.0006526925964096935,0.01838703061512143,-0.031176764530345173,0.049454495435299756,5.481452064267636,-0.06270150155256916,0.22981334791940028,-0.0008206903583608321,0.05511665231235571,0.0005025858806874907,0,1,179.95384869336687,0.17728937728937724
15.34,5.472925938680143,-0.06553898769517628,0.23155649052159477,0.0005603365794559758,0.01545702984653395,-0.02984453464868972,0.040450985144332645,5.481452064267636,-0.06270150155256916,0.22981334791940028,-0.000820670145635927,0.057197796948584165,0.00046334836447247795,0,1,179.95513140614727,0.1692307692307692
15.36,5.4729347798461765,-0.06553690182765662,0.23184472407826168,0.0004861222445294741,0.013162842814408679,-0.01914371033175193,0.03784782606879891,5.481452064267636,-0.06270150155256916,0.22981334791940028,-0.0008206530981406783,0.06616758498055417,0.0005790396153267801,0,1,179.95625586892484,0.2095238095238095
15.38,5.472946646706971,-0.06553409863504563,0.23208349794918415,0.0005967363873779161,0.010614731347727044,-0.016407585855458928,0.028003255243013406,5.481452064267636,-0.06270150155256916,0.22981334791940028,-0.0008206268253043221,0.059717417540449916,0.0005132912002200492,0,1,179.95750520894794,0.18534798534798533
15.4,5.4729558014754085,-0.0655319341426841,0.23227350476515637,0.0004036453125809746,0.008537526851116644,-0.013444330763605607,0.024720658442297965,5.481452064267636,-0.06270150155256916,0.22981334791940028,-0.0008206046574035831,0.05214701633418442,0.0002101599818607673,0,1,179.95820411802066,0.07252747252747252
15.42,5.47296340601378,-0.0655301347445604,0.23242983865333086,0.00030000216819810047,0.00670943684863304,-0.01023093646128987,0.013468718364747277,5.481452064267636,-0.06270150155256916,0.22981334791940028,-0.0008205848491514192,0.04729588240516758,0.0005646412920823326,0,1,179.9590470901926,0.20146520146520147
15.44,5.472966666452117,-0.06552936282482948,0.23253952570279998,9.300878618343151e-05,0.004396471513431637,-0.006938586106054648,0.009273012226787844,5.481452064267636,-0.06270150155256916,0.22981334791940028,-0.0008205759381187329,0.041742073615670304,0.00023286245672635424,0,1,179.9599304495961,0.08058608058608059
15.46,5.472968795311902,-0.06552885856738738,0.23261025824680673,0.0002042053207042222,0.0021988349987518392,0.006089555117952781,0.0045594336105314786,5.481452064267636,-0.06270150155256916,0.22981334791940028,-0.0008205698834251583,0.03557052748360426,0.0006702899629050859,0,1,179.96116283590396,0.24175824175824176
15.48,5.4729753752276755,-0.06552729970830362,0.23262452719491458,0.0004131749419361215,-0.0005525583873902221,0.010420156295408418,0.0010442472824191502,5.481452064267636,-0.06270150155256916,0.22981334791940028,-0.0008205508854775556,0.04516977644389168,0.0002633506866153676,0,1,179.9624000125816,0.09670329670329668
15.5,5.472983153221661,-0.06552545707517927,0.23259847598999664,0.0003069679818273005,-0.0018658707223536619,0.007460580712460421,-0.0041769513393595074,5.481452064267636,-0.06270150155256916,0.22981334791940028,-0.0008205284913765764,0.04952385211903841,0.00026572389503206776,0,1,179.96278942318972,0.09670329670329668
15.52,5.472986520125857,-0.06552465955469691,0.23255454960048946,9.824155848995004e-05,-0.0028468713053672965,0.011972543541238959,-0.009372706654411356,5.481452064267636,-0.06270150155256916,0.22981334791940028,-0.0008205189051371242,0.04770473084812294,0.0002602890095510155,0,1,179.96320771429143,0.09670329670329668
15.540000000000001,5.47298838765769,-0.06552421731206033,0.23248055627258832,9.296589924319991e-05,-0.004660584084076875,0.01664911048830876,-0.01428787866951593,5.481452064267636,-0.06270150155256916,0.22981334791940028,-0.0008205137054080954,0.04893824706463166,0.00027904582348228834,0,1,179.96375910265942,0.09670329670329668
15.56,5.472990139546892,-0.06552380262324531,0.23236962294985036,8.769853887272853e-05,-0.00644082754057455,0.020491493893863323,-0.01815178596492935,5.481452064267636,-0.06270150155256916,0.22981334791940028,-0.0008205089921774372,0.04340783343490692,0.00022540627045785624,0,1,179.96425689514854,0.08058608058608059
15.58,5.472991809239709,-0.06552340761466237,0.2322258801412568,8.371108017838029e-05,-0.008080018375341998,0.025153511008789955,-0.022920183947137535,5.481452064267636,-0.06270150155256916,0.22981334791940028,-0.0008205047177749015,0.03905501357466716,0.0002675987541658866,0,1,179.96473970244497,0.09670329670329668
15.6,5.472993383536099,-0.06552303543958685,0.23204661756238643,7.775053961038875e-05,-0.009989841052956876,0.030332559881419332,-0.02825874052634453,5.481452064267636,-0.06270150155256916,0.22981334791940028,-0.000820500945658349,0.046384980449333,0.0002991216514342545,0,1,179.96538210545438,0.10476190476190475
15.620000000000001,5.472994824790551,-0.06552269501636071,0.23183073447675956,6.997645292590133e-05,-0.010979230323809432,0.02692182224277689,-0.02506665868842717,5.481452064267636,-0.06270150155256916,0.22981334791940028,-0.0008204977842090286,0.04531951851662578,0.00013689354624142657,0,1,179.96577216569818,0.04835164835164834
15.64,5.472996155245806,-0.06552238107028782,0.23161789818547038,6.634872650880774e-05,-0.010915141441495262,0.03203388862404478,-0.03027360995381299,5.481452064267636,-0.06270150155256916,0.22981334791940028,-0.0008204951642101887,0.041322178719945986,0.0002629925991606825,0,1,179.96610264238646,0.09670329670329668
15.66,5.472997036915572,-0.0655221731921844,0.23138446029546597,-5.4427149612048715e-05,-0.012126615362034299,0.0276748344538661,-0.03445656052131708,5.481452064267636,-0.06270150155256916,0.22981334791940028,-0.0008204935920989782,0.03874288585005618,0.00022575797070021513,0,1,179.96652304211443,0.08058608058608059
15.68,5.4729936283745095,-0.06552297577602194,0.23114118280126453,-0.00015890427353805963,-0.01214288377883255,0.030766738543957582,-0.03025837194943891,5.481452064267636,-0.06270150155256916,0.22981334791940028,-0.0008204986238698143,0.03858781767919312,0.00019667429530832595,0,1,179.96679763590038,0.07252747252747252
15.700000000000001,5.47299304977386,-0.0655231119721601,0.23089869926580286,3.946421210958653e-05,-0.012409600073889755,0.03418186155015539,-0.03323972699839764,5.481452064267636,-0.06270150155256916,0.22981334791940028,-0.0008204994364780904,0.046610385791697136,0.00017461972295035582,0,1,179.96704348152159,0.06446886446886446
15.72,5.4729937346340325,-0.06552295105117895,0.23064279986515596,3.2387459689434535e-05,-0.012589258039307313,0.02932743376025365,-0.02846387260601683,5.481452064267636,-0.06270150155256916,0.22981334791940028,-0.0008204987545405891,0.050441837455900224,0.00022478895513880015,0,1,179.9673182572224,0.08058608058608059
15.74,5.472994351461965,-0.06552280628114837,0.23040344077645308,3.09117877029788e-05,-0.011860323826104443,0.03222370475478366,-0.03139900948409965,5.481452064267636,-0.06270150155256916,0.22981334791940028,-0.0008204983014706781,0.0514150332711504,0.00013240454194595125,0,1,179.96756014999937,0.04835164835164834
15.76,5.472994912896013,-0.06552267465159188,0.23016109830007547,2.501631084753744e-05,-0.011732602730376305,0.026195814033548644,-0.025660769795001134,5.481452064267636,-0.06270150155256916,0.22981334791940028,-0.0008204980249043356,0.06063456025250069,0.000289524777102887,0,1,179.96791214784403,0.10476190476190475
15.780000000000001,5.4729953698211675,-0.06552256763834208,0.22994265758231075,2.275021155326362e-05,-0.010671677777919672,0.028820624403536055,-0.028213672258372242,5.481452064267636,-0.06270150155256916,0.22981334791940028,-0.0008204979107705485,0.06573493681733192,0.00011117784090720244,0,1,179.9682501706945,0.040293040293040296
15.8,5.472995803213713,-0.06552246623548498,0.22972232744135526,2.1715806634313355e-05,-0.011362606826582774,0.030283162902997873,-0.029703807117860824,5.481452064267636,-0.06270150155256916,0.22981334791940028,-0.0008204978988972137,0.06893185682213411,9.062611403980007e-05,0,1,179.9683362482185,0.03223443223443223
15.82,5.47299621579275,-0.06552236980072877,0.22949268294741304,1.9679411327923415e-05,-0.010977763929485108,0.023926324946599024,-0.023530141190455618,5.481452064267636,-0.06270150155256916,0.22981334791940028,-0.000820497983278477,0.06230937304957596,0.0003109801869351674,0,1,179.96870566748535,0.11282051282051281
15.84,5.47299657150414,-0.06552228673994867,0.22929089784528262,1.7678072151475637e-05,-0.009717994741715844,0.025763854498838328,-0.025292221905831386,5.481452064267636,-0.06270150155256916,0.22981334791940028,-0.0008204981358096465,0.06350673159607632,6.819201433538847e-05,0,1,179.96906164765866,0.02417582417582417
15.860000000000001,5.472996908322701,-0.06552220816095934,0.22909288162388775,1.687428620677952e-05,-0.009980417858759888,0.025420772815717693,-0.02497058390522467,5.481452064267636,-0.06270150155256916,0.22981334791940028,-0.0008204983485936269,0.06958669649681486,6.611314065749002e-06,0,1,179.96908032095973,0.0
15.88,5.472997210287729,-0.06552213777544738,0.22889713328002895,1.3952664485409992e-05,-0.008969059361201966,0.017755886903125535,-0.017384130426608777,5.481452064267636,-0.06270150155256916,0.22981334791940028,-0.0008204985999519759,0.06675559677439735,0.00038638242537936845,0,1,179.9696381758867,0.13699633699633695
15.9,5.472997476096572,-0.06552207586879633,0.22874118307511773,1.3315284058339768e-05,-0.007074311365634327,0.017576146678656118,-0.017220908350719818,5.481452064267636,-0.06270150155256916,0.22981334791940028,-0.0008204988710265124,0.0603675301502329,3.923574910819614e-05,0,1,179.97020132753156,0.016117216117216115
15.92,5.472997719559379,-0.06552201920312398,0.228601888712665,9.557326248688985e-06,-0.006941476964285692,0.017939289783433607,-0.017824872465108416,5.481452064267636,-0.06270150155256916,0.22981334791940028,-0.000820499154955827,0.060549789406507015,2.7542137917538475e-05,0,1,179.97020772355827,0.008058608058608058
15.94,5.472997450676458,-0.0655220817226334,0.22846384011694673,-0.00011403902499164514,-0.006451618541984712,0.009057284690239926,-0.0174299404662743,5.481452064267636,-0.06270150155256916,0.22981334791940028,-0.0008204987803651753,0.05317299319625587,0.00043247214621745594,0,1,179.970571680689,0.1531135531135531
15.96,5.4729929038146015,-0.06552313867228639,0.22835055661338988,-0.00021580927533225148,-0.004821124950267078,0.00875345321590057,-0.009763219994947017,5.481452064267636,-0.06270150155256916,0.22981334791940028,-0.0008204921857258806,0.05596563295301961,0.0003995815162619701,0,1,179.9712464450584,0.14505494505494504
15.98,5.4729912415336015,-0.06552352495370961,0.22826821190929086,-1.3804233240801625e-05,-0.003520589749208243,0.007246817356380724,-0.00759698913796733,5.481452064267636,-0.06270150155256916,0.22981334791940028,-0.0008204896507959041,0.04757327331227082,0.00011294210024281816,0,1,179.97161106126157,0.040293040293040296
