time_s,x_m,y_m,yaw_rad,v_m_s,yaw_rate_rad_s,wl_rad_s,wr_rad_s,ref_x_m,ref_y_m,ref_yaw_rad,cross_track_m,estimated_slip,true_slip_speed_m_s,supervisor_active,drive_enabled,energy_j,current_a
0.0,0.0,0.025,0.03,0.0,0.0,0.0,0.0,0.0,0.0,0.0,0.025,0.00020751361889959159,0.0,0,1,0.0,0.0
0.02,0.0,0.025,0.02999345372772576,0.0,-0.001986084476350147,0.015876100159429023,-0.015876100159429023,0.00015749949355122722,3.7668306382369534e-07,0.003499941666958332,0.025000021437418283,0.0011442701283166327,0.0008133514614506487,0,1,0.0025147205168915923,0.2901098901098901
0.04,1.8815813238645606e-06,0.025000056318653992,0.02990534739618197,0.0005667910304542202,-0.00586237047602788,0.036187384732790824,0.0046051465898601755,0.000614992278631111,2.9057412954551336e-06,0.006999533342666578,0.025000829685048628,0.0049784887731868215,0.0010334124340597944,0,1,0.008766666834591949,0.37875457875457874
0.06,3.0456885640259854e-05,0.025000909111569408,0.02979033454823866,0.002783652534095444,-0.004333349367116714,0.06576868359840576,0.06360240108018436,0.0013724615480343344,9.686567658045746e-06,0.010498425070873481,0.02500393400524862,0.00878492829726179,0.002809863926670559,0,1,0.03253373022553836,1.0234432234432234
0.08,0.00011985173623104483,0.02500357046479046,0.02975755891013195,0.006702634203617409,0.002100882318601465,0.10933336756295142,0.15310152335176405,0.0024298794863436084,2.2817600671343013e-05,0.013996266965321955,0.025010636805153967,0.02414531320815253,0.004380812407230617,0,1,0.09969661543683139,1.5875457875457872
0.1,0.000304031222069027,0.02500906220871282,0.029882016870846843,0.012568115268365761,0.010692436725284306,0.18863345527857978,0.27526449990703133,0.0037872072890415454,4.439585344068817e-05,0.017492709244737413,0.02502177400151349,0.027439131073633643,0.0060451592468575704,0,1,0.24919336146308854,2.1999999999999997
0.12,0.0006277788978620327,0.025018783780983166,0.030175559346732498,0.020367951509911275,0.01887312997741632,0.28228328809795933,0.40763597308542543,0.005444395189174722,7.651644311233187e-05,0.020987402267805606,0.02503785520887196,0.036516355404041446,0.006618851775786531,0,1,0.481459284314496,2.4014652014652014
0.14,0.001115749206561408,0.025033617803241707,0.030626019203721502,0.02919199711017529,0.0264809557633935,0.3952526566599338,0.558504410849978,0.007401382491553221,0.00012127212089549675,0.02447999656813647,0.025058738354720132,0.0367670439633355,0.0076644521085283,0,1,0.7934224261937619,2.772161172161172
0.16,0.0017945555972381428,0.02505460923033086,0.03122833790998504,0.03963687076589175,0.03441884199199163,0.529642549360115,0.7384195598635743,0.009658097614464208,0.00018075280279118849,0.02797014288921044,0.02508404301037807,0.030650822632628402,0.009205016245397907,0,1,1.239453809384464,3.3282051282051275
0.18,0.0026995484093318162,0.025083214326983388,0.03200170118816246,0.05173190519151722,0.04354619470072572,0.6774737513745864,0.9362434112258297,0.012214458138873405,0.0002570451011672255,0.03145749221930386,0.025113152410710625,0.02901349366440155,0.010212573657282113,0,1,1.826892121555038,3.6827838827838826
0.2,0.0038572959970239206,0.025120809437183023,0.03296443265778752,0.06497123607651538,0.05302339813140865,0.8418715894518304,1.1461743901338004,0.015070370865083645,0.0003522318573183197,0.034941695826389854,0.025145182995411578,0.03418029235375955,0.010917397538552018,0,1,2.5337354359535236,3.9406593406593404
0.22,0.005290421098157807,0.025168855812659218,0.034112132586682886,0.07936602432159234,0.06245047730454257,1.01853799721754,1.3754112243720191,0.018225731876815015,0.0004683916751493013,0.038422405293011185,0.025179117440287346,0.038786415692231596,0.011924226818446002,0,1,3.3704547463726517,4.303296703296702
0.24,0.007022390940064031,0.025229073225350743,0.0354556205186776,0.09484262497009757,0.07183216957834551,1.212997893859337,1.6084721997755556,0.021680426612666406,0.0006075984561187341,0.041899272551121775,0.0252138471767864,0.03397569565112668,0.012144677793183442,0,1,4.323742390857744,4.3838827838827825
0.26,0.009072963266500653,0.02530329714870931,0.03696850285876197,0.11161504834668554,0.080179886693426,1.4306251620128865,1.8743855568200796,0.02543432994491389,0.0007719209355792277,0.045371949916893195,0.025248222663983952,0.03429508236402771,0.0137296899430695,0,1,5.458435625938439,4.956043956043956
0.28,0.011477213855016533,0.025394168942123003,0.03866203804157916,0.1299069113112218,0.08987151541779921,1.650555754999625,2.147747454377578,0.029487306265596397,0.0009634222206497007,0.04884009012548277,0.02528087939788549,0.035752604116881775,0.014098559837714686,0,1,6.750857687322538,5.093040293040293
0.3,0.014250459807348695,0.02550395437931872,0.04055717823693783,0.14877108265322525,0.09990003489320173,1.8878542267222604,2.4320655619114455,0.033839209579835085,0.0011841593297537043,0.05230334636575972,0.02531062762126894,0.033079869247219,0.014652827860424822,0,1,8.144221971213662,5.294505494505494
0.32,0.017410689309484032,0.025635352049970705,0.04264348154998352,0.16865053934257393,0.10905349023329394,2.137729743912783,2.7263438388813728,0.03848988360632781,0.001436182733956675,0.05576137231498609,0.025336353229450312,0.028683796224594587,0.015105085429203191,0,1,9.67336422142164,5.463736263736264
0.34,0.020976026660167225,0.025791350962007426,0.04490806787662994,0.18945280120171273,0.1178129472866562,2.4020915400026177,3.03493511785451,0.04343916188495615,0.0017215359002336343,0.05921382217344861,0.02535698060515826,0.026652125262714335,0.01578287265291084,0,1,11.346351308703143,5.713553113553112
0.36,0.0249660853043956,0.025975318225444008,0.047344146497665024,0.21108443121054307,0.12560584110590148,2.6788951943157095,3.340979163523351,0.04868686789143746,0.0020422548367974268,0.06266035069903846,0.025371474429796034,0.026475432269611545,0.015623896243586954,0,1,13.128979140814774,5.6652014652014655
0.38,0.029391654239091913,0.02619046517097768,0.04991665027967805,0.2332600682094033,0.13253984608937128,2.9597643314652116,3.667126305422651,0.05423281515895089,0.0024003676406160503,0.0661006132417752,0.02537896401167317,0.022113229219454314,0.016591833940314993,0,1,15.020254911579752,6.011721611721611
0.4,0.03426673510271807,0.026440391337470573,0.0526472644937678,0.2558560197535036,0.14052647663295592,3.2401175506715445,3.98094232606354,0.060076807406660805,0.0027978940472460074,0.06953426577827142,0.02537860296772978,0.020796858411541625,0.0160146241410003,0,1,16.953463078958144,5.818315018315017
0.42,0.03958907950436126,0.026728194696950838,0.05552286242572579,0.27850017531061455,0.1474680916559555,3.533211015516083,4.310993427825669,0.06621863867505808,0.0032368449831068967,0.07296096494613484,0.025370046668300176,0.022017285472655496,0.01680539436167905,0,1,18.949926255973477,6.108424908424908
0.44,0.04537216257933562,0.027057982103671507,0.05853993099844873,0.30182805151085135,0.15442234656455464,3.826581103472209,4.636643429036686,0.07265809346803442,0.0037192221203206648,0.07638036807830426,0.025352797971121933,0.023526624314918334,0.016579959819634726,0,1,21.031629371292535,6.035897435897436
0.46,0.0516174769789682,0.027433429692165178,0.06168748181746301,0.3248331281612861,0.16020705139115415,4.118388767066706,4.950153213566927,0.07939494690160202,0.0042470174342370375,0.07979213323731593,0.02532671238044919,0.02027633917378547,0.015989023091914134,0,1,23.068178535184686,5.834432234432234
0.48,0.05831629417340876,0.027857633342592725,0.06493629927711099,0.3474833090460297,0.16530047009389784,4.403972383932853,5.268206189258641,0.08642896485916482,0.004822212763764695,0.0831959192494971,0.025291908337420507,0.019455326381484176,0.016225065830527796,0,1,25.077002175627847,5.9230769230769225
0.5,0.06546510521642668,0.028334029699986548,0.06829715901909782,0.37004932314715544,0.17026556068891807,4.698083398170466,5.573497960585974,0.09375990415324605,0.005446779374625694,0.08659138573908302,0.025248524024134845,0.01817119083560016,0.015612567365898167,0,1,27.083435220944494,5.721611721611721
0.52,0.0730604093645851,0.028866106427823366,0.07172991767700052,0.3923027555224939,0.17369880838473592,4.9769032624037175,5.878802013631901,0.10138751269357071,0.006122677525648485,0.08997819316225429,0.02519680846930411,0.018101495289891634,0.015604621906798843,0,1,29.045267752249647,5.721611721611721
0.54,0.08109235884685183,0.029456791418485073,0.07524848220205269,0.4140627350707861,0.17790509918493,5.258222903382793,6.172944150105585,0.10931152966139916,0.006851856038212704,0.0933560028410909,0.02513710601489999,0.014789782067182733,0.015106107341996022,0,1,30.953826809924102,5.552380952380951
0.56,0.08955347492502637,0.030109260908707355,0.07883239639903983,0.43562315565342147,0.180546820309787,5.539939925679225,6.466547575272711,0.11753168569000333,0.007636251868956597,0.09672447699743981,0.025069926569699082,0.014675057857316678,0.015064016633172306,0,1,32.85228706456254,5.544322344322344
0.58,0.0984404157908033,0.030826822871485922,0.08246478045387673,0.4566984278176626,0.182595255777314,5.806475085412346,6.739551636212779,0.12604770305117402,0.00847778968585559,0.10008327878669243,0.02499561263998501,0.013958444980746165,0.014074846300606125,0,1,34.6591706386958,5.197802197802198
0.6,0.10773301551817452,0.03161126813285291,0.08612853140552267,0.47687859216568756,0.18358519066015866,6.075902537808779,7.009248240995222,0.13485929584764356,0.0093783814477781,0.10343207233146884,0.024914794170697096,0.01418169956369316,0.013933839683523908,0,1,36.38203330403342,5.157509157509158
0.62,0.11742431518494809,0.0324651965824279,0.08980414579705137,0.4968391621909243,0.18444882451873307,6.3303440341996255,7.275500412820047,0.14380954951230765,0.010323307004304713,0.10677052275520522,0.024827616997583395,0.01384214929995783,0.013778092112019968,0,1,38.06848322216736,5.109157509157509
0.64,0.12750121992777888,0.03339056435232459,0.09351124445724061,0.5155285721613312,0.18600455535233085,6.560399781204081,7.507187353569005,0.1527566041828293,0.01129805731667925,0.11009829621564121,0.024733704247276746,0.015482253608616624,0.012169613839401405,0,1,39.56064995583752,4.536996336996337
0.66,0.13792477087773275,0.03438683398150322,0.09723390893719666,0.531853185744781,0.185886269001713,6.761644125699688,7.70083720212987,0.16170037137653376,0.012302524502048155,0.11341505993820392,0.024633160706949167,0.01497728447952976,0.010588514793021087,0,1,40.75992808864024,3.9567765567765565
0.68,0.14864561102512341,0.035451725007024794,0.10094103802681378,0.5456831704659112,0.1851562089855137,6.92528298292331,7.866838063513927,0.17064076395797112,0.01333659748664073,0.11672048224928504,0.024526113379624542,0.014362478936688286,0.00915000459038573,0,1,41.688714988534834,3.457142857142857
0.7000000000000001,0.15961471115978393,0.036582308383174965,0.10464506821042337,0.5571734258015524,0.18491338279674613,7.065003296556979,7.999382243295199,0.17957769617412367,0.014400162026534958,0.12001423260940798,0.024412683750115554,0.016102781504281943,0.007835364171602799,0,1,42.39734965119992,2.9655677655677652
0.72,0.17078736144873521,0.0377756192243891,0.10832887036205709,0.5663892039949967,0.18291047192873897,7.176981303290811,8.092861606328386,0.18851108368900818,0.015493100728928528,0.12329598164628147,0.02429309589373434,0.013673669173354356,0.006637383418274578,0,1,42.91284303036225,2.522344322344322
0.74,0.1821144702116422,0.039027343696753466,0.11195564387662732,0.5729763247936244,0.17991047916202135,7.247823886712725,8.153084566829174,0.19744084361765826,0.016615293073903848,0.12656540118773668,0.024167396929381395,0.011765407643980676,0.004793457750614016,0,1,43.24384451234237,1.8534798534798536
0.76,0.1935421978493496,0.04033184876286606,0.11553292776304461,0.577015061625543,0.17777723493813244,7.29009577844003,8.18537092022427,0.20636689455947324,0.01776661543667571,0.12982216429454393,0.024035602436423165,0.010862058785825416,0.003519796395704433,0,1,43.438898662490686,1.386080586080586
0.78,0.20502605768133614,0.041684155181073004,0.11907035528336804,0.5790617580528686,0.17603866348461783,7.30594875190866,8.194926444825212,0.21528915663091955,0.01894694111030984,0.1330659452931065,0.023897854476445733,0.00908499377961296,0.0023317444023581713,0,1,43.55065914919534,0.9509157509157509
0.8,0.2165279680768084,0.04307967067852468,0.12257641013906423,0.5791499782110678,0.17405260920841475,7.29855333433469,8.169980432700868,0.22420755149757113,0.020156140328900653,0.13629641980802767,0.02375439985492304,0.008805341599357527,0.0013115176136326845,0,1,43.60112216409789,0.5721611721611721
0.8200000000000001,0.2280067086045595,0.04451293481589301,0.12602579557660454,0.5772429101465134,0.17065161439522905,7.269273513175781,8.12203597560048,0.23312200240547704,0.02139408029119606,0.139513264794548,0.023605565609292473,0.010493501493151638,0.0005140187115708628,0,1,43.6138735137929,0.22564102564102562
0.84,0.23942783636391143,0.045978638669641865,0.12940501195743434,0.5739094493870226,0.1673009321241064,7.223540298579786,8.062412220129193,0.24203243421184203,0.022660625184657345,0.14271615857084954,0.02345140439923214,0.013672817585995428,0.0010157099809133818,0,1,43.61420835630111,0.25787545787545785
0.86,0.2507680391750783,0.047472580903813615,0.1327250916579202,0.5694845799025349,0.164745232051732,7.159997198458773,7.988597875720528,0.25093877341500936,0.023955636209941567,0.14590478085022376,0.023291894325436376,0.015199427592608285,0.001641333313324389,0,1,43.61420835630111,0.4915750915750915
0.88,0.26200389912722105,0.048990481150179385,0.13599829166360783,0.5637700316689173,0.1621174399973584,7.081908184783923,7.891307679703777,0.2598409481837326,0.025278971605794266,0.14907881277309987,0.023127251938392542,0.01553002949802013,0.0027242692906321864,0,1,43.61759857239871,0.8945054945054943
0.9,0.27310869964863344,0.050527364913774034,0.13920407524900238,0.5568202716299744,0.15789456831585882,6.996230717898089,7.777622409626375,0.2687388883857268,0.02663048667433963,0.15223793693893056,0.022957806643798408,0.0156982946178591,0.0034985588880094287,0,1,43.63524677229226,1.1765567765567764
0.92,0.28406268247189026,0.052078678069479946,0.14231335543374662,0.5489530410604827,0.153269943316699,6.890944472689195,7.656709180444346,0.27763252561548535,0.028010033806755576,0.1553818374379319,0.022783563506096484,0.01580715156259855,0.003821141757329505,0,1,43.67094294372388,1.3054945054945055
0.9400000000000001,0.294846622016664,0.05363970187081462,0.1453477070577455,0.5400878134051081,0.1500528650994146,6.772872535117199,7.522927355217885,0.28652179322135435,0.029417462509320765,0.1585101998826739,0.022604526819215143,0.014705477098001858,0.004378306132655663,0,1,43.73048526541072,1.506959706959707
0.96,0.30544222680191946,0.05520597310928554,0.14831939353837903,0.530500622981019,0.1470137988042388,6.649901602982029,7.385206025811162,0.29540662633185255,0.030852619429820736,0.16162271143951898,0.02242103889320196,0.013224126069575199,0.004542792817987196,0,1,43.80895876274587,1.5714285714285714
0.98,0.31584060948252307,0.05677437648369297,0.1512311781354887,0.5205446444409876,0.14388272646522923,6.52208191375719,7.239200460277001,0.30428696188122717,0.03231534838429996,0.1647190608599053,0.022233450291085418,0.014999320433949748,0.004942327948606162,0,1,43.90230374953808,1.7245421245421244
1.0,0.32603387622021524,0.05834188486032672,0.15407783439704958,0.5103809631531441,0.14114634981962887,6.3917372942842645,7.103583589624311,0.3131627386342367,0.03380549038414683,0.16779893851147104,0.022042132665307645,0.014176997162454519,0.0044300003970503266,0,1,43.99953994571536,1.539194139194139
1.02,0.33602347527382265,0.05990699169997881,0.156887527417694,0.5000594314024728,0.13949892358494276,6.251741753340146,6.950992391214611,0.32203389721015074,0.03532288366349839,0.17086203640901762,0.02184745352407791,0.01523464752693687,0.005239797542516134,0,1,44.11231682282275,1.8373626373626373
1.04,0.3457964151647981,0.06146610890250605,0.15965555852725083,0.48919091163016537,0.13731447215001796,6.1146536588416325,6.8048460174106316,0.3309003801059573,0.03686736370695138,0.17390804824530784,0.02165019737083744,0.013369290367741255,0.0049172100328714885,0,1,44.23834439850081,1.7245421245421244
1.06,0.35535421146351925,0.06301785665434989,0.1623840101183548,0.4786252398543814,0.13537188373342954,5.979504717106235,6.658697446256608,0.33976213171877256,0.03843876327756659,0.17693666942169642,0.021450913991257363,0.013298100710568842,0.004943589294487405,0,1,44.35683560380599,1.7406593406593402
1.08,0.36470043942292707,0.06456125527125883,0.1650706612185184,0.4683200187049713,0.1330839211818927,5.853849157473829,6.519738633887459,0.3486190983674406,0.040036912445152874,0.17994759707858957,0.02125014352432154,0.01475448236856547,0.004625566187971497,0,1,44.46439823990156,1.6197802197802196
1.1,0.3738457487461988,0.06609651415933515,0.16770813145186061,0.45875300043769907,0.13058739844621337,5.739155747016258,6.3931390362488685,0.3574712283133181,0.04166163861481775,0.18294053012573072,0.02104824821799046,0.013344757171330364,0.0040791784238145,0,1,44.54755874245127,1.4263736263736264
1.12,0.3828064687183262,0.0676248862773603,0.1702979397306042,0.449977106986085,0.12839543614023832,5.631479784724125,6.276271466066405,0.3663184717802373,0.043312766555771064,0.18591516927230917,0.02084542060368288,0.013711158660479474,0.003651879897749899,0,1,44.60941887301511,1.2732600732600732
1.1400000000000001,0.3915961687086899,0.06914735292398053,0.17284975935008043,0.4418481100934308,0.12703048844664322,5.529396649025888,6.172681643324634,0.3751607809736381,0.04499011843036831,0.18887121705688925,0.020641892259085727,0.015813510193360622,0.0030327796489454384,0,1,44.65510537142297,1.0556776556776555
1.16,0.40022773552957414,0.07066504603139863,0.1753842505981938,0.4341839353670087,0.12597853811893475,5.433305198415141,6.064489296171286,0.3839981100988648,0.04669351382338039,0.19180837787715574,0.020437995478984443,0.01581108668070467,0.00328316039675991,0,1,44.69338998853733,1.1443223443223443
1.18,0.4087057504015884,0.07217777592517702,0.17788681625679215,0.42686446169535397,0.12500894156846806,5.338845980030503,5.978774787018163,0.39283041537862184,0.048422769771476235,0.1947263580194743,0.02023420539079931,0.01694399131923215,0.00269931429505732,0,1,44.72298974148487,0.9428571428571427
1.2,0.41704471791762876,0.0736872444924101,0.18039642457239394,0.4204317825625743,0.12522473024260752,5.264741630753639,5.893027133025491,0.4016576550695805,0.05017770079290532,0.19762486568826237,0.020030835359460458,0.015388311976331432,0.0022474463317578852,0,1,44.73850091984728,0.7655677655677656
1.22,0.4252600923730144,0.07519558691032761,0.18288387161400343,0.41467390284167405,0.1237738481057027,5.193146389471857,5.8197050908206585,0.41047978947813396,0.05195811891736644,0.20050361103516845,0.019828250227753974,0.01480678376130076,0.0017130521702081736,0,1,44.745793423537336,0.5721611721611721
1.24,0.43336368405384396,0.07670417179141317,0.18535330280419796,0.4094753953761377,0.12286694259286923,5.132915039281066,5.750378626208596,0.4192967809752951,0.053763833716049675,0.20336230618805676,0.019626606947832515,0.012241744794811507,0.0015417175031381958,0,1,44.748128805973046,0.5076923076923076
1.26,0.44136754029634034,0.07821455569670732,0.18779705326217938,0.4050805533398171,0.12192465260547929,5.082171082140201,5.702992422266623,0.4281085940107312,0.05559465233183848,0.2062006652797943,0.0194260499236408,0.013554238435521594,0.0007520381842609503,0,1,44.74833718924258,0.23369963369963365
1.28,0.44929179144127457,0.07972995982185843,0.1902392172226087,0.4016105281893498,0.12212150441143763,5.039982924993706,5.658811310977081,0.43691519512593435,0.05745037950965861,0.20901840447683723,0.019226525861294863,0.011930108208469414,0.00040872297664867885,0,1,44.74833718924258,0.10476190476190475
1.3,0.45714804982059354,0.08125225772986407,0.19267891522331226,0.39859973334942317,0.12190821773291143,5.00445136560447,5.623416265742337,0.445716552966522,0.05933081762696104,0.21181524200761384,0.01902821580472425,0.013219638471719895,0.00010331955983478025,0,1,44.748638336321235,0.04835164835164834
1.32,0.46494755328500653,0.08278330575852028,0.19511885918000874,0.3963453433819941,0.1224363887358795,4.978571220507694,5.605947067087954,0.4545126382936643,0.06123576672432595,0.21459089819070182,0.018831224479222818,0.015922916352412466,0.0008377727897853626,0,1,44.75486071690102,0.3545787545787545
1.34,0.47270843740913315,0.08432652315683127,0.19757863658208322,0.39498627798133634,0.1229032859141841,4.969651523280859,5.587965153225914,0.4633034239946369,0.06316502453617474,0.2173450954627959,0.01863556251498656,0.014577486675665106,0.0010892105884230951,0,1,44.77051110040369,0.4432234432234432
1.36,0.48044483394399634,0.08588463545261886,0.20002275307956635,0.3943593968585311,0.12150568486085532,4.972180437204035,5.584536929349819,0.4720888850924962,0.06511838652157785,0.22007755840646398,0.018441229806301,0.013913592207711527,0.0016402160553339873,0,1,44.79948416588001,0.6446886446886447
1.3800000000000001,0.48817368769598934,0.08746080054292481,0.20244467953461479,0.3944941468193889,0.12129372528410627,4.971702046506016,5.5938599316031565,0.4808689987548741,0.06709564589514526,0.22278801377768878,0.018247866532215707,0.014446893849936436,0.0019995402468676593,0,1,44.84215220056153,0.7816849816849816
1.4000000000000001,0.4959046071111054,0.08905694646904935,0.20488497379612433,0.3950371138147846,0.12252665391529252,4.982601822321169,5.606409792458519,0.48964374430189195,0.06909659365798766,0.22547619053319187,0.018055367096339908,0.014428923681488178,0.0021635563756987053,0,1,44.895888869968125,0.8461538461538461
1.42,0.5036468164135325,0.09067520169191141,0.2073399604763223,0.39594200122585094,0.1230190038389592,4.993127317058968,5.619969053423905,0.4984131032131923,0.07112101862873578,0.2281418198575378,0.017863803826647345,0.011904631481037391,0.002182067051539671,0,1,44.95648920552908,0.8542124542124541
1.44,0.5114036178437175,0.09231643279497391,0.20980509773707157,0.397133407412279,0.12339195701547805,5.015631412563718,5.642324343676447,0.5071770591340868,0.07316870747460588,0.23078463519001557,0.0176732767499404,0.012942004826159889,0.002596446530513663,0,1,45.029316977661395,1.0073260073260073
1.46,0.5191868550245863,0.09398333275587913,0.21227220351002468,0.3990139126787113,0.12309187563979694,5.046934229383513,5.668351028961761,0.5159355978808208,0.0752394447424993,0.23340437225129423,0.017483654375051366,0.010895196249397903,0.0028936108966136076,0,1,45.12187559865412,1.1040293040293039
1.48,0.5270064323913063,0.09567815973526171,0.21472633963219814,0.4011917881071218,0.12253754517094212,5.075400547036962,5.698205048217197,0.5246887074449529,0.07733301289012419,0.23600076906985076,0.017294713163675878,0.010190853602130862,0.0028914569266889623,0,1,45.22243694796614,1.12014652014652
1.5,0.5348648909351769,0.09740159877692865,0.21717928260961927,0.4035254852954952,0.12291766214982683,5.107787421956777,5.73500040631454,0.5334363779968547,0.07944919231712805,0.23857356600816693,0.01710634180516261,0.008919939089327186,0.003245189369628143,0,1,45.3314928778976,1.249084249084249
1.52,0.5427692292560845,0.09915547967925471,0.2196452681717251,0.40646506483102346,0.12366128170434489,5.1528648413700315,5.783099929165682,0.5421786018883222,0.08158776139622938,0.24112250578869293,0.016918456118184523,0.008482571023909093,0.0037717863325771317,0,1,45.467616679947554,1.4424908424908423
1.54,0.5507335810609206,0.10094335115746705,0.22212415815537717,0.40982430495368743,0.12425431566895227,5.192076751797773,5.825290417582579,0.5509153736543103,0.08374849650433751,0.24364733351957482,0.01673085296959804,0.008720201892545652,0.0034641563879050374,0,1,45.61173240815389,1.3296703296703296
1.56,0.5587548598554344,0.10276494392092342,0.2246130764085123,0.4129106184534879,0.1242842254405005,5.23786860939219,5.865021398046305,0.5596466900137846,0.08593117205364906,0.24614779672014359,0.01654368501369375,0.010256908275507301,0.0035435300846213824,0,1,45.74952661725647,1.3538461538461537
1.58,0.5668339669417904,0.10462079305805387,0.2270906174724696,0.4163102292945051,0.12379660092241189,5.28559252806236,5.916346406462756,0.568372549869696,0.08813556052271067,0.2486236453461627,0.01635694427070771,0.011868942188297177,0.0038943970149433182,0,1,45.90321902883192,1.4908424908424907
1.6,0.574978669964077,0.10651296570491567,0.22957206650745823,0.4199694232294527,0.12438630594632698,5.33102942302082,5.965071188531855,0.5770929543080763,0.09036143248743728,0.25107463181483297,0.01617040140924407,0.009964813349292384,0.0037775177806342874,0,1,46.06372440125424,1.4505494505494505
1.62,0.5831883815312614,0.10844177437305816,0.23206565306941662,0.42358348181555144,0.1249679223574315,5.3802475271360946,6.016658353702492,0.585807906596265,0.09260855665207537,0.2535005110295499,0.01598415665510103,0.011455839162266538,0.003921989464223452,0,1,46.22633749119325,1.506959706959707
1.6400000000000001,0.591465686085442,0.11040830115556578,0.2345693633123686,0.42733405325792734,0.1253520986675321,5.428974848839722,6.066169100480489,0.59451741218026,0.09487669988010138,0.2559010404044135,0.015798268697713384,0.011755442129162203,0.003811730531278257,0,1,46.392787848638804,1.4666666666666666
1.6600000000000001,0.5998099463617033,0.11241284212527325,0.23707643926067345,0.4309991987051228,0.12499837611921907,5.4815877635954395,6.111057126744764,0.6032214786812026,0.09716562722504482,0.25827597988848694,0.015612844961923202,0.010324658868907204,0.0038695750271867113,0,1,46.55670456835071,1.4747252747252744
1.68,0.6082188804050349,0.11445516356224252,0.2395652507745831,0.4342358891724362,0.12420581117036127,5.5143009288947304,6.146089200246102,0.6119201158910001,0.09947510196122722,0.2606250919898007,0.015427922621555143,0.008396476734942622,0.003121696723652756,0,1,46.69611222555302,1.2087912087912087
1.7,0.6166774644016858,0.11653182212562552,0.2420527414592527,0.43717356290448783,0.12471487486484882,5.561476977341377,6.198369042601341,0.6206133357670844,0.10180488561440669,0.2629481417991024,0.01524378541126632,0.008758475991594773,0.004008289066291415,0,1,46.84053218059363,1.539194139194139
1.72,0.6251973748623398,0.11864608234246381,0.24455333036061827,0.4405496539756663,0.12481315869181533,5.601223868450127,6.229308482255834,0.6293011524263173,0.10415473799231965,0.2652448970133469,0.015060345121173139,0.00848885681109652,0.0032566363095381523,0,1,46.98664231022355,1.249084249084249
1.74,0.6337672124095912,0.12079543929469634,0.2470363564428502,0.4430507281873876,0.12365262366225563,5.633932594801856,6.259885402107466,0.6379835821380434,0.10652441721511026,0.26751512795892674,0.01487794934157046,0.007530694331048148,0.0029882149185801454,0,1,47.1036627872219,1.1523809523809523
1.76,0.6423788311269155,0.12297794087349852,0.2495045964426826,0.44552795394245587,0.12316912403269824,5.670574286610496,6.2943948666519125,0.6466606433162961,0.10891367974563945,0.2697586076146392,0.014696728446768293,0.006594720058496458,0.003167251119543968,0,1,47.22337079084891,1.2249084249084248
1.78,0.6510347083149892,0.12519437058530955,0.25196389645877015,0.4479269684848402,0.12271270813816532,5.697566491705226,6.318647321081744,0.6553323565111614,0.11132228041966491,0.2719751116343883,0.014516678992096644,0.007132978864846531,0.0027059329393031573,0,1,47.33421422669445,1.0556776556776555
1.8,0.6597249410504734,0.12744233900899135,0.2544130875627363,0.4497849011340491,0.12219382083288301,5.723247463224315,6.3419307155149705,0.6639987443993077,0.11374997247588402,0.2741644183696192,0.014338081634847302,0.006334570860172967,0.002675484566022235,0,1,47.43011694544506,1.0395604395604394
1.82,0.6684445629059336,0.1297206635705889,0.2568515030692302,0.4513866440075344,0.12139325390057708,5.743234480440791,6.354166960514552,0.6726598317736826,0.11619650758583208,0.27632630889148263,0.014161129274096558,0.0069494362179874794,0.002420660266634511,0,1,47.51475316709602,0.9509157509157509
1.84,0.6771848259528944,0.13202706404184497,0.2592642535057606,0.45274531569241055,0.11954548120934447,5.772457730332773,6.369565395540996,0.6813156455323869,0.11866163588362842,0.2784605670127281,0.013986050768698346,0.006572282329839557,0.0029026555123228825,0,1,47.59808440349438,1.1282051282051282
1.86,0.6859495607263081,0.13436236481444094,0.26163219149543526,0.4542795486455232,0.11745383588834853,5.791747130716534,6.383629034540409,0.6899662146667315,0.12114510599556289,0.280566979309322,0.013812658935987576,0.007176340721090639,0.0024177149770029938,0,1,47.681988040453085,0.9509157509157509
1.8800000000000001,0.6947340237547424,0.1367250621388821,0.26397121228258297,0.455335614894678,0.11661650505710658,5.802317519356476,6.393627700499307,0.6986115702484809,0.1236466650695164,0.28264533514179,0.013640895710669261,0.009090675788508,0.0020293266819197964,0,1,47.75114225546315,0.8139194139194137
1.9000000000000001,0.7035302188982967,0.13911293882965423,0.26629936454298747,0.4563210725546152,0.11573380062661764,5.826726125202363,6.406198737846983,0.7072517454162948,0.12616605880420836,0.2846954266762808,0.013470979493751135,0.010906438482278319,0.00267280895461941,0,1,47.82409337672583,1.0395604395604394
1.92,0.7123444221178915,0.1415276222523514,0.2685937920719474,0.4574524671693683,0.11367687669106726,5.839940434610551,6.410015961354594,0.7158867753613711,0.12870303147826537,0.2867170489053494,0.013302853202526844,0.01013299132472916,0.002141671997725747,0,1,47.89461777199498,0.8461538461538461
1.94,0.7211682103818903,0.14396653056007538,0.2708503565240993,0.4580692613814028,0.11205966733266934,5.851713478796842,6.416244532132689,0.7245166973123001,0.13125732597910444,0.2887099996684575,0.013136562781118168,0.01404212615014501,0.0021005863215675102,0,1,47.95427780392677,0.8300366300366299
1.96,0.7299987831086682,0.14642864997219368,0.27308171749721255,0.4586103397774499,0.11126313542915661,5.855664941964891,6.4200955465780165,0.7331415505191367,0.13382868383162602,0.29067407967218967,0.012972120087742952,0.012568883185249345,0.0017568304843615379,0,1,48.00975623825811,0.7172161172161171
1.98,0.7388312771239933,0.14891251189089216,0.2753048037534447,0.4589950849949034,0.11085064183302062,5.865913154440065,6.425227738307611,0.7417613762366987,0.13641684522671066,0.2926090925101822,0.012809723771230984,0.012464198558281289,0.002010023536375416,0,1,48.064231263883755,0.7978021978021977
2.0,0.7476676480595894,0.15141861459606104,0.2775105691614582,0.45939464571407557,0.10921409433163907,5.874822581786819,6.418151413766011,0.7503762177071,0.13902154904951516,0.29451484468276373,0.012649517861970912,0.012833401607145127,0.0019677258429472433,0,1,48.11605476082338,0.7816849816849816
2.02,0.7565011668333048,0.1539447713790206,0.2796681833474276,0.4592612796447901,0.10671767778079871,5.873057636267033,6.408703048124567,0.7589861201415261,0.14164253290756262,0.2963911456163053,0.01249160280715032,0.011121082368342272,0.0014944018535891779,0,1,48.15547787798889,0.6124542124542124
2.04,0.7653232744312622,0.1564880757533656,0.28178691740944256,0.45896525444157943,0.10511116136889029,5.87637315955409,6.404364720561692,0.7675911307012626,0.14427953315862252,0.29823780768227703,0.012335984279317402,0.014487545919328139,0.0017338531850664696,0,1,48.19415130930224,0.701098901098901
2.06,0.7741375062103005,0.15904920753338583,0.2838741281261271,0.45884684196309733,0.10338448710613304,5.878084424433081,6.3947616891461125,0.7761912984779828,0.14693228493837718,0.30005464621601113,0.012182586930496389,0.012960814085537642,0.0016525424195490412,0,1,48.23420151668938,0.6688644688644687
2.08,0.78294131771415,0.16162707647684257,0.28592278697515056,0.45839233323879947,0.10171178302288973,5.870285749109524,6.383867546439343,0.7847866744733076,0.14960052218786987,0.30184147953516843,0.012031427586320115,0.01360155362749453,0.0012043367187638543,0,1,48.26657826112164,0.5076923076923076
2.1,0.7917279150002074,0.16421934176872444,0.2879461341238974,0.457705444538094,0.09980947778828954,5.873147986587453,6.364409785916078,0.7933773115776419,0.15228397768073232,0.30359812895790594,0.011882620457688958,0.012933940448719481,0.0017444552357399612,0,1,48.296601783498836,0.701098901098901
2.12,0.8004963966422045,0.16682530394518139,0.2899073981128599,0.45687979875788437,0.09689881332946959,5.858443140249345,6.347531790467617,0.8019632645483024,0.15498238305018727,0.3053244188207452,0.011736123978638269,0.012230159931303261,0.0009142112934156787,0,1,48.32200513029429,0.3948717948717948
2.14,0.8092398474225556,0.16944232089761468,0.29183574016362274,0.4558904123562272,0.09537145152951988,5.858670126675803,6.331398263048793,0.8105445899869436,0.15769546881582486,0.30702017649613855,0.011591868675777208,0.011689623161652047,0.001630422935066822,0,1,48.347634837410084,0.6527472527472528
2.16,0.8179642438875503,0.17207178309108928,0.2937173992972368,0.45520487529253917,0.09322494649214369,5.84743356676328,6.318591040599433,0.8191213463162934,0.16042296441014908,0.3086852324097316,0.011449758591684116,0.01098342358868602,0.0010653820482141585,0,1,48.37562775556122,0.45128205128205123
2.18,0.8266675687113846,0.1747126348409245,0.29557307446886816,0.4542403367131626,0.09155378132102611,5.844000587839507,6.29426928251661,0.8276935937562067,0.16316459820489282,0.31031942005732055,0.0113097670279994,0.009086434797181683,0.0014549258257953723,0,1,48.39944129444201,0.5882783882783882
2.2,0.8353468489685828,0.17736355611080293,0.29737050560990436,0.45328285160927057,0.08855231174589394,5.836454565220298,6.280323800606083,0.8361424261350795,0.16588173641144888,0.31192257602150236,0.011171921954679693,0.008953467742659687,0.0012761800139716173,0,1,48.424502533488784,0.5238095238095238
2.22,0.8440004338321638,0.180023430500537,0.29912632799703665,0.4509917160129484,0.08672984908576935,5.778510154915418,6.209347247752551,0.8427577162110086,0.16802099368902684,0.31349453998801663,0.011034223512720629,0.008606457210935092,0.0017693437578032434,0,1,48.436473860373226,0.5721611721611721
2.24,0.8525663321414739,0.18267262220753017,0.3008375073916575,0.44432741605324005,0.0842230882338876,5.657346345879788,6.07263169567863,0.8501789962951336,0.1704336304270778,0.31503515476177674,0.010896939994106498,0.007867557709071873,0.004882425641781485,0,1,48.483345800081246,1.6117216117216118
2.2600000000000002,0.8609666585348293,0.18528613214027023,0.30249759758955325,0.4356944227407187,0.0820019181400628,5.571562022349603,5.983326453369004,0.8583750038332617,0.17311192756556892,0.3165442662825891,0.010762609572881799,0.009880684239077077,0.0025253031846553253,0,1,48.53879620331945,0.8461538461538461
2.2800000000000002,0.8692289387313156,0.18787160324865643,0.30412622587786625,0.43093019918145703,0.08066418293639335,5.553149474216575,5.956115954891569,0.8672953840568816,0.17604165879608494,0.31802172364055914,0.010632142529286124,0.00921989038528192,0.0008822061427007921,0,1,48.55332667894099,0.37875457875457874
2.3000000000000003,0.8774419347627569,0.1904562287950244,0.305721524645259,0.4310658396722152,0.07842139221646795,5.602384689632577,5.98639730980144,0.8768719479639676,0.17920238763606397,0.3194673790911824,0.010505418037932476,0.008077873027232027,0.004013076571356966,0,1,48.630752406882635,1.4586080586080585
2.32,0.8856942251766051,0.1930674760047101,0.30726002569495015,0.43557725954381576,0.0755977212923331,5.710973242083988,6.083738285222345,0.8870203669282336,0.18256792581318926,0.3208810880701184,0.01038189980286737,0.008374882516761663,0.007109300658026618,0,1,48.887619536148804,2.3289377289377287
2.34,0.8940663707244743,0.1957306243228563,0.3087550292738488,0.44417838946676,0.07418473822192345,5.892576442699729,6.267590876802858,0.8976422618748305,0.18610694246026493,0.32226270920764744,0.010260799772884025,0.011062900837218781,0.011859943997885092,0,1,49.44154913773477,3.231501831501831
2.36,0.9026344215744618,0.19847012848857234,0.31023580551510677,0.45632768752409225,0.07367412899854645,6.173584766682361,6.503343874906318,0.9086276353359765,0.18978370962502752,0.32361210434280707,0.01014133420572486,0.01244324749460813,0.02068925448680864,0,1,50.33830829559259,4.06153846153846
2.38,0.9114463723351299,0.2013019373144891,0.31169935309428376,0.4700510045983497,0.07277455161786366,6.5809885823974135,6.824418179324518,0.9198575863536267,0.19355896595405858,0.3249291385372083,0.010023017313636907,0.018963703276483994,0.03735030388885041,0,1,51.51178740856121,4.432234432234432
2.4,0.9205192559498293,0.20423219206993085,0.313151819289711,0.484094302259948,0.07249085153036755,7.01030661320483,7.220503591371818,0.9312072413305789,0.1973908772134302,0.3262136800885292,0.009905578794378474,0.03220514653842442,0.05545195552118404,0,1,52.77562752707479,4.271062271062271
2.42,0.929855242808461,0.207262377273934,0.3145995889288315,0.49815062169711405,0.07227674030844065,7.266241680437997,7.508189454240268,0.9425488287123684,0.20123606964782692,0.32746560054368506,0.009788893080357412,0.048077075874005906,0.06055008499433939,0,1,53.85278831431203,3.65054945054945
2.44,0.9394540387218643,0.21039320795596836,0.31604310348590847,0.5121984527613775,0.07206317803182934,7.302172579980385,7.578871607023124,0.9537548219354932,0.20505071012787554,0.3286847747116736,0.009672772932901075,0.05550673137328799,0.04915649456319887,0,1,54.6778818410772,3.239560439560439
2.46,0.9493150719757891,0.21362530472001331,0.3174820242957733,0.5261965525008456,0.07175822946238208,7.222589455119343,7.497598576281374,0.9647010734849516,0.20879160564984048,0.3298710806760941,0.009556935845451905,0.05678898093288427,0.02913172023095767,0,1,55.36021685680892,3.0219780219780215
2.48,0.9594289488467951,0.21695631295247766,0.3188972513271262,0.538723713064052,0.06934297692206415,7.1622921705724805,7.502403074575215,0.9752698632024157,0.21241729407298288,0.3310243998073386,0.009441082079512749,0.052634878495655076,0.011623365344076153,0,1,55.98923526116556,2.98974358974359
2.5,0.9697516102516326,0.22037206257066508,0.32028244665676925,0.5487152162286595,0.06915651552282819,7.25476165980623,7.600015120675948,0.9853527861659513,0.21588909802958645,0.33214461677445517,0.009325042940404218,0.04575778965433539,0.008531646206145105,0,1,56.54862166448009,2.6271062271062267
2.52,0.9802411909307351,0.22385912410708353,0.3216552197277775,0.5564705131011982,0.0678568119195441,7.325934689369801,7.661200236517394,0.9948534094674912,0.21917211472365603,0.3332316195566805,0.009208813969546543,0.037878982411091826,0.005867382866250215,0,1,56.941263847151056,2.0227106227106226
2.54,0.990843330402443,0.22739958905437418,0.3229932817708963,0.5603647000664543,0.06557318163251494,7.336473674029956,7.657612137409762,1.0036896329451699,0.22223611583007613,0.33428529945464225,0.009092445639004389,0.03510525263234229,0.0023297299959701423,0,1,57.11614254591233,0.9267399267399268
2.56,1.0014666061767423,0.2309626139251531,0.32427705215328534,0.5589796816918146,0.0628602121705605,7.282670836623774,7.593550975370976,1.0117956962420214,0.22505633388112076,0.3353055511012287,0.00897622501273043,0.02992487328515914,0.001406798851397828,0,1,57.143964210219444,0.4109890109890109
2.58,1.0120141982726225,0.23451503957527997,0.32551382016005703,0.5527808838417303,0.06069825215634694,7.168873667132271,7.467121245364008,1.0191237832798534,0.22761411432814208,0.3362922724721254,0.008860454782175987,0.02610057112342818,0.0042794583491355676,0,1,57.17108767759291,1.3941391941391938
2.6,1.0223997001723375,0.23802693021138302,0.3267063557158119,0.541974052085645,0.05842967354697252,6.974808799591679,7.254410156895126,1.0256451851427122,0.22989741582278442,0.33724536489601753,0.008745471492982253,0.022677471701780298,0.008994928292435311,0,1,57.3479114989242,2.5948717948717945
2.62,1.0325313325582322,0.24146618393875677,0.32785188251108954,0.5266336019087968,0.0561328153583089,6.711614688942307,6.967413352509105,1.031350993214826,0.23190114508902013,0.3381647330644569,0.008631738934710649,0.021498927597550666,0.014742835388692699,0,1,57.78049267776408,3.4168498168498163
2.64,1.042340951258733,0.24480844173699212,0.32895852627933525,0.5084609191973418,0.054709013633538965,6.3207912757617315,6.534968211833207,1.0362523059471562,0.2336273169567663,0.3390502850413928,0.008519561810503545,0.023542385276207292,0.028733015900223702,0,1,58.554626930051434,4.327472527472527
2.66,1.051790359748113,0.24803954408923,0.33004973500081936,0.4892061844798728,0.05445282471819485,5.709848558163739,5.852985011364875,1.040379944552209,0.23508503459170285,0.3399019322723656,0.008409176648965865,0.028095988268668104,0.06057834532396422,0,1,59.70672491716,4.956043956043956
2.68,1.0608714158107964,0.25115574467355006,0.33113728133329656,0.46991594744220144,0.054294243910714815,4.886795659331218,4.953063779993943,1.0437836849567745,0.2362902895686764,0.3407195895933618,0.008300777753554044,0.054227151079202576,0.1087520702856915,0,1,61.18663415477536,5.447619047619046
2.7,1.069584400775994,0.2541562197459268,0.33222166702355,0.45063683900323614,0.0541365150140259,3.9762805566603636,4.000208444765143,1.0465310251827697,0.23726558607787018,0.34150317523933066,0.00819457459102049,0.09929471391405165,0.16090714349851537,0,1,62.77992634106695,5.189743589743589
2.72,1.0779297984900094,0.25704022066293436,0.33330290249232775,0.43136897363227034,0.053979244400383215,3.150014735646355,3.218717432271558,1.0487055186881993,0.23803939810268224,0.3422526108523607,0.008090837219517776,0.15612297860386729,0.20022122264797632,0,1,64.20704960445643,4.867399267399267
2.74,1.085908092948774,0.2598070035360169,0.33438099689142964,0.4121123448545207,0.053822430669604765,2.4682925394900845,2.6419957685314834,1.0504047148062927,0.23864547274687647,0.34296782148951493,0.007989897917384702,0.22171066427962616,0.22418892404188437,0,1,65.41798958168738,4.520879120879121
2.7600000000000002,1.0935197679344009,0.2624558290869417,0.33545595934589745,0.39286694625485924,0.05366607249440945,1.953465681107734,2.1800896853856684,1.0517377570126802,0.23912199690209876,0.3436487356303259,0.007892147404913796,0.2910239086573448,0.2395567736248719,0,1,66.46664442060803,4.126007326007326
2.7800000000000002,1.1007653070060393,0.2649859626266904,0.33652779895426393,0.37363277158128144,0.053510168551374346,1.5296231648520267,1.7271537694720211,1.0528226980945832,0.23951064802945865,0.3442952851839468,0.007798026890284214,0.3600183592244504,0.254263170895641,0,1,67.4800556827578,4.246886446886446
2.8000000000000003,1.1076451934932872,0.2673966740352888,0.3375965247886298,0.35440981492895757,0.05335471752092112,1.0480800457671366,1.1787091543289399,1.0537835981895431,0.23985555288572144,0.34490740549596105,0.007708016323573291,0.43046738876462476,0.2761440246832621,0,1,68.61554578151272,4.657875457875457
2.82,1.1141599104948585,0.2696872377435419,0.3386621458947409,0.33519807113659955,0.053199718087304976,0.4831539324994164,0.5152164861871801,1.0547474769369916,0.2402021804743821,0.3454850353548476,0.007622619354149599,0.509214196886108,0.306664781109149,0,1,69.89861403822013,4.819047619047619
2.84,1.1203099408883879,0.2718569327187905,0.3397246712920643,0.31599753663967495,0.053045168938603414,-0.011573451619197556,-0.052496534598793415,1.0558411945162278,0.24059619727882733,0.3460281169981019,0.007542345582335439,0.6000547029510813,0.3300133588329191,0,1,71.06337200640331,4.126007326007326
2.86,1.1260957673640537,0.2739050424592508,0.34078410997386477,0.29680821130618623,0.05289106876670516,-0.19515121738928656,-0.2275590275497056,1.057188338044153,0.24108231389070614,0.3465365961180122,0.0074676907714845975,0.6881143570441055,0.32392444143808813,0,1,71.81790331088968,3.054212454212454
2.88,1.1315178725092465,0.275830855006787,0.3418404709072812,0.27763010238469527,0.052737416267299136,-0.04376369759001293,-0.01013111752434689,1.0589061896350493,0.2417031524520673,0.34701042186709025,0.007399115739494276,0.7589803793287975,0.2884100452898081,0,1,72.23834395383128,2.361172161172161
2.9,1.1365767390028028,0.2776336629993303,0.3428937630334023,0.25846323299081686,0.05258421013986335,0.2649956129859616,0.3390763251793288,1.0611028503881779,0.24249816387488837,0.34744954686315593,0.007337024677855183,0.8026178024894816,0.24302350852894125,0,1,72.55432962433869,2.3450549450549447
2.92,1.1412728500444342,0.27931276380865594,0.34394399526734193,0.2393076603397355,0.052431449087653945,0.5058284926007635,0.5874232750755475,1.063874590717736,0.2435026225963317,0.3478539271940757,0.007281743651065896,0.817060641009435,0.20521289003572368,0,1,72.93990846631978,2.8285714285714283
2.94,1.1456066902889632,0.28086745986191336,0.34499117649831523,0.22016351489280656,0.052279131817694204,0.6059638563353011,0.6417404266528329,1.0673034918688686,0.2447467247020731,0.3482235224221533,0.007233500009793163,0.8143175175318356,0.18196601793920597,0,1,73.45226037057297,3.150915750915751
2.96,1.1495787478633823,0.28229705935856,0.3460353155897133,0.20103108433888867,0.05212725704075783,0.7049887315117767,0.7094099950947133,1.0714554363098021,0.24625481265194973,0.34855829558817397,0.007192403408780423,0.802872659975527,0.1577295135445292,0,1,73.94043270770621,2.6673992673992672
2.98,1.1531895187044472,0.28360087783733834,0.3470764213791362,0.18191099354078127,0.05197582343852933,1.0487326584353636,1.0227763338768443,1.0763784961292036,0.2480447466382249,0.3488582132151002,0.007158429057620552,0.7744058710288054,0.11507817495333854,0,1,74.23733058759714,1.8937728937728937
3.0,1.1564395192712225,0.28477824280251923,0.3481144878765699,0.16280866499328622,0.05180819402076722,1.6923224037042597,1.6299785937969653,1.0821017588091724,0.25012743887919575,0.34912324531141903,0.0071314037475441044,0.7123371759084091,0.05040382732245961,0,1,74.36492572953159,1.2087912087912087
3.02,1.1593638666203971,0.2858410064020333,0.34906885890427714,0.15029811792323378,0.0440782856046896,1.8554520740877953,2.082875792112341,1.08863461902659,0.2525065629957331,0.3493533653741418,0.0071109154960745866,0.5769337414266206,0.002764338101758107,0,1,74.42301187611986,1.0234432234432234
3.04,1.162128899051917,0.2868487127855595,0.34995365682088947,0.14343150395023307,0.043252941247387766,1.7689242012601563,1.9707652043236814,1.0959665537208554,0.2551784461430045,0.34954855039145405,0.007096221103693966,0.4697508303479577,0.003842172462960647,0,1,74.4819567025132,1.3780219780219778
3.06,1.1647618684742203,0.2878108639520505,0.35077763228525677,0.13758949318769115,0.038884793380668074,1.7400191338376885,1.9204118565597597,1.1040673858332526,0.2581321468899989,0.3497087808450166,0.007086939092344896,0.3911806933894539,0.0009467146880361155,0,1,74.51480555870776,0.37069597069597066
3.08,1.1673273706273255,0.28875064272944173,0.3515122641494871,0.13677997419492763,0.034218288594134935,1.7899765839451838,1.941919829510962,1.1128880301612727,0.26134971707688986,0.34983404071191765,0.007082597552727606,0.3147705186067184,0.003969744433846789,0,1,74.55742974313463,1.3538461538461537
3.1,1.1699271459150535,0.28970501264735155,0.3521470755438082,0.14144592130834793,0.028942405820982085,1.9284809815765342,2.039397206016177,1.1223617029722244,0.26480664115843033,0.34992431746627495,0.007082792424672767,0.25574777464238097,0.008689209415878724,0,1,74.77873663467125,2.5948717948717945
3.12,1.1726600784406678,0.29071007624635753,0.35267194173029415,0.1510077389780095,0.02361346899273793,2.1783423984161727,2.224699488493471,1.132405565672387,0.2684724419831576,0.3499796020804882,0.007087169520917612,0.2193438671083547,0.016854500011823648,0,1,75.33930858488716,3.7311355311355308
3.14,1.1756078054912835,0.2917957379532205,0.3531085181167289,0.16410804370119464,0.020485425098140553,2.6504490025928873,2.528343091349896,1.1429227622077358,0.27231143768175337,0.3499998890261421,0.007095394474134953,0.19182318585782238,0.038567862261918606,0,1,76.37022563655349,4.827106227106226
3.16,1.1788133711418216,0.2929778789731992,0.3535138802574147,0.17829416935942882,0.02017510499248662,3.4544401424809252,3.107924454785029,1.153804800239045,0.2762836304546923,0.349985176274559,0.007107170490518863,0.1977118737827784,0.08462211127521302,0,1,77.94062198115553,5.52014652014652
3.18,1.182285414929679,0.2942598833307115,0.35391681927913793,0.19253268445153598,0.02011615027236078,4.45336650071867,4.003282744341564,1.16493421772299,0.28034570466034975,0.34993546529700176,0.007122272041770661,0.22943640388197653,0.14529187165411278,0,1,79.93633390739983,5.802197802197802
3.2,1.186023959791303,0.29564199839079913,0.35431858683209505,0.2067617289357834,0.02005771134838581,5.437401323906186,4.999793982856715,1.1761874695470065,0.28445210879819105,0.3498507610645268,0.007140517541079888,0.275134848278639,0.20485433551337384,0,1,82.02128957729116,5.6490842490842486
3.22,1.1900287537847867,0.2971243698659112,0.35471918722033136,0.2209817678202596,0.019999442201005968,6.205952994842053,5.876939262974858,1.1874379634794663,0.28855619383048886,0.34973107204748666,0.007161778799741705,0.32187564235475663,0.2482646008110855,1,1,83.84552542197083,5.076923076923077
3.24,1.1942995530327083,0.29870714517217056,0.35511862383456294,0.23519311348975622,0.019941342329845003,6.4429236508240555,6.1894542506567305,1.198559171039814,0.2926113788460765,0.3495764102146834,0.007186000040043555,0.36043198421089845,0.25181501536471845,1,1,84.90418715941566,2.675457875457875
3.2600000000000002,1.1988361184988998,0.3003904722524467,0.35551690005564,0.2493959447819278,0.019883411243142884,6.175021584461553,5.9293090159337805,1.2094277370548756,0.29657231437822124,0.34938679103217135,0.0072132164714581335,0.38333648572189566,0.2175085221888858,1,1,85.39289467246873,2.5948717948717945
3.2800000000000002,1.203638214049712,0.3021744988696755,0.3559140192545913,0.2635903649968151,0.019825648450568164,5.916069768392917,5.681192904622031,1.2199265116927174,0.3003960137635288,0.34916223346171077,0.007243571801998791,0.3892925676252001,0.18388174083826164,1,1,85.88847719901166,2.6673992673992672
3.3000000000000003,1.2087056053574514,0.3040593722089638,0.3563099847926521,0.2777764347017158,0.019768053463125348,5.673922347139682,5.441447247299757,1.2299474306537408,0.3040429237675837,0.3489027599588716,0.007277334018559579,0.38602810561243944,0.1515236714917541,1,1,86.38789470312369,2.6673992673992672
3.3200000000000003,1.2140380592799491,0.30604523865448263,0.35670480002114485,0.2919541902695967,0.0197106257375105,5.43409257280954,5.204033710241541,1.2393941729043116,0.30747790728356916,0.34860839647078784,0.0073149088247457805,0.37042125254089514,0.11934777158124582,1,1,86.8841863174667,2.6673992673992672
3.34,1.219635343489723,0.30813224365791086,0.35709846819550994,0.3061236465069092,0.0196533325542136,5.196848060761439,4.96901238614318,1.248184530771029,0.3106711131908165,0.34827917243356304,0.007356850200006355,0.3433538016029266,0.08737409123549927,1,1,87.37752606856586,2.6673992673992672
3.36,1.2254972152458448,0.31032052750729533,0.357490944357461,0.32028044315247556,0.019578318002066934,4.961857452019346,4.7369666706325315,1.2562524342414263,0.3135987113812836,0.34791512076932657,0.007403867485105756,0.3110458391826382,0.05557874616936809,1,1,87.86782979285854,2.6673992673992672
3.38,1.2316201789280934,0.31260899491352995,0.3578681707641467,0.33366275544252466,0.0164768128230713,4.731898965551524,4.619247753349767,1.263549579768311,0.31624347444686945,0.3475162778829414,0.007456776344340228,0.26640047638896186,0.024360261410223183,1,1,88.35532129536165,2.6673992673992672
3.4,1.2379689758707237,0.3149842475183972,0.358136252605586,0.3442563968127323,0.011758463773376764,4.682871314754424,4.739457010416547,1.2700466235441021,0.3185951914781122,0.347082683658364,0.00751578130826591,0.21784342685066707,0.009193059910791057,1,1,88.84181350718809,2.6673992673992672
3.42,1.2445007246682516,0.31742975939765045,0.35836988997875185,0.35365479867059,0.011646144902721294,4.805503805753247,4.864422966756769,1.2757339098627074,0.3206509037518198,0.3466143814546553,0.007580819576288422,0.17529211729616098,0.008970754292420557,1,1,89.3295403060784,2.6673992673992672
3.44,1.2512075377385097,0.31994259781416884,0.35860237265804484,0.3630205984767042,0.011600819089380945,4.930270584722911,4.988941996485962,1.2806217165599354,0.32241495666869013,0.3461114181016455,0.007652791026768586,0.14124634530809002,0.008953851004496527,1,1,89.81884882162214,2.6673992673992672
3.46,1.258088991630545,0.3225226899791269,0.3588339893458235,0.37236717937853736,0.011558980157526077,5.054760614610152,5.1132825824660655,1.2847400113416698,0.3238988670225742,0.34557384389525075,0.007732858044438913,0.11522662173159914,0.008936072947153983,1,1,90.30977290437153,2.6673992673992672
3.48,1.2651447005486112,0.32516997707120227,0.35906475037227026,0.381695295156463,0.011513982267994131,5.179046030374784,5.237262790687934,1.288137724783608,0.32512100941794864,0.3450017125924437,0.007822283681597061,0.09621393636115742,0.008920813752564705,1,1,90.80223999705576,2.6673992673992672
3.5,1.2723742867331966,0.32788440217071185,0.3592945955051319,0.39100432075632835,0.011469287357557914,5.303078688906997,5.361129017282361,1.2908815576248267,0.3261061302784197,0.3443950814058779,0.00792241218821117,0.07755011129845116,0.008905745509632412,1,1,91.29636197352677,2.6673992673992672
3.52,1.279777374756921,0.330665908381582,0.3595235867556103,0.40029511564990955,0.01142778934057351,5.426811863909109,5.484645390568102,1.2930543513905601,0.32688470228682664,0.34375401099816644,0.008034648554241325,0.06678261112801472,0.008887054117982573,1,1,91.79199863521016,2.6673992673992672
3.54,1.2873535839315349,0.3335144365856915,0.35975176029423583,0.4095668620341406,0.011386837413546961,5.550380616813189,5.607981697683706,1.294753062088335,0.3274921361530442,0.3430785654758159,0.008160436537475332,0.05686139773457553,0.008875183335422476,1,1,92.28927107416364,2.6673992673992672
3.56,1.295102181738512,0.3364297931245921,0.3599774505704309,0.4186941856343945,0.010808942694917174,5.673447571224218,5.7160402322168045,1.2960863864638732,0.3279678702144373,0.34236881238281563,0.008301226859623355,0.048301883477533676,0.0088680813194561,1,1,92.77169277541371,2.6673992673992672
3.58,1.3030173598575956,0.33940977295297264,0.3601758058732552,0.4273302405184803,0.008220317214026518,5.795361298628803,5.804340186654807,1.297172098840459,0.32835436144350294,0.34162482269388345,0.008458266221254066,0.0396976697098064,0.008883717149344939,1,1,93.21734358162084,2.6673992673992672
3.6,1.311086707798452,0.3424493083340414,0.36029129519160713,0.43523199675247465,0.002569521666425773,5.915103450476421,5.883250895670562,1.2981341636882435,0.3286960038892779,0.3408466708073683,0.008632260507923229,0.037613843023678116,0.0088889711498778,0,1,93.62174980489192,2.6673992673992672
3.62,1.319295039011607,0.34554171324124083,0.36027327071619614,0.44125936369474117,-0.004851003421778606,5.9584281339036895,5.902283592263332,1.2990996946033082,0.32903800235167296,0.34003443453781035,0.008823218625049166,0.031456746399168095,0.004701055697897638,0,1,93.8817676574021,1.652014652014652
3.64,1.3275749070396634,0.34866022593926543,0.36010291507043973,0.4425766280184037,-0.013263939347025697,5.962451191711633,5.855350688703249,1.3001958341837856,0.3294252301369971,0.3391881951081597,0.009029473198222508,0.02716037111538996,0.0020870628840338745,0,1,93.96408956521971,0.7978021978021977
3.66,1.3358383389667565,0.35177011127198055,0.3597399569079982,0.43911639953424764,-0.023312178242406046,5.900403042484873,5.742913671840944,1.3015466312776485,0.32990110004359374,0.33830803714165414,0.009248295755919823,0.02314798133485537,0.0039685602801196596,0,1,93.99311143641904,1.3216117216117214
3.68,1.3439942490814936,0.3548352905014538,0.3591835048245734,0.4308122984305157,-0.03261897336481125,5.773082225070225,5.558441003728322,1.3032699921938498,0.33050647727339194,0.3373940486533568,0.009476249495211682,0.02041552020507848,0.007731618211577418,0,1,94.09946889124842,2.3531135531135527
3.7,1.35195622641897,0.3578217443279738,0.35844398167309405,0.41821807544120826,-0.04162223893875992,5.5875896817205915,5.2946376531337425,1.3054747807110416,0.33127866177265686,0.33644632104135497,0.009709772937452205,0.017190754766257067,0.013212026057813187,0,1,94.39736278199295,3.2798534798534793
3.72,1.3596522351813232,0.3607012136902184,0.3575290394091143,0.4021715476148166,-0.04954715970392327,5.329442135350006,4.915648083433184,1.308258138127385,0.33225046560699556,0.3354649490776199,0.009945467810287895,0.018213987488790138,0.02408398101358239,0,1,94.9748796739048,4.1179487179487175
3.74,1.367027440693023,0.3634524451927935,0.35649845260503465,0.3838420960130002,-0.052864945386196516,4.958443618586008,4.307762024167157,1.3117030892572588,0.33344940842374227,0.33445003089853037,0.010180394823013025,0.02719154614675493,0.05071560457708607,0,1,95.9166062428693,4.875457875457875
3.7600000000000002,1.3740525213153174,0.36606467070652887,0.3554389741997072,0.36467281413848807,-0.05295729683413898,4.397745963031325,3.489344525844384,1.315876493324888,0.3348970509181444,0.3334016679950583,0.010412717468124878,0.054700731061454254,0.09291008830167286,0,1,97.1892436101018,5.181684981684982
3.7800000000000002,1.3807201540250673,0.36853594939107326,0.3543812648542193,0.34545545760913005,-0.0528049990705443,3.625520950642078,2.5733684989151646,1.3208273902996035,0.3366084825822773,0.33231996520262064,0.010641420246028467,0.10229038309700499,0.14241987036708928,0,1,98.712380957309,5.407326007326006
3.8000000000000003,1.3870299563331505,0.3708670269779365,0.3533266229293469,0.326248937935405,-0.05265159712110811,3.032063147859526,1.966745672551482,1.3265857835668493,0.33859197597407753,0.33120503069059504,0.010865534384038915,0.17993722807142504,0.1687392090410333,0,1,99.87923755371477,3.5699633699633697
3.8200000000000003,1.392981842359368,0.37305875757575113,0.35227504481570365,0.3070536269047477,-0.05249864084944793,3.173713120660684,2.2465926726841197,1.3331618891679502,0.34084881540525575,0.33005697595150363,0.01108391129116268,0.24104580439557408,0.1285844346920436,0,1,100.2615392236473,1.539194139194139
3.84,1.39857611173853,0.3751121317042357,0.351224840884497,0.28835311399163177,-0.054342865471843915,3.951070090109509,3.3090078366987696,1.340545870429838,0.3433733034254081,0.3288759157898637,0.011295245341593117,0.2424705915160679,0.029852381799573724,0,1,100.30046256552868,0.3142857142857142
3.86,1.4039347820019956,0.3770722249890105,0.3500255151593602,0.2836122375331209,-0.060105882216197615,3.929213571808514,3.6296075356957997,1.3487080649218344,0.34615294389395934,0.3276619683107071,0.011500665186599947,0.1943533295545358,0.00034133726855989366,0,1,100.3034873517757,0.11282051282051281
3.88,1.4092391160739044,0.3790052046756864,0.3488259500291047,0.2805346262311624,-0.062165919930239094,3.904259276788781,3.555055955594299,1.3575996986105132,0.3491687959013924,0.3264152549077701,0.01170282270805528,0.15646937287920046,0.002093904774844557,0,1,100.30972353127926,0.7413919413919413
3.9,1.414484322863851,0.3809092302513231,0.3474992948438871,0.27832196903444006,-0.07096103552570043,3.9344917023621058,3.538330274846076,1.3671540701307145,0.352395988444256,0.32513590025135425,0.011900295886120425,0.12809192837149241,0.0032823118928347883,0,1,100.34276778993886,1.1684981684981683
3.92,1.4197314273397001,0.38280555955221446,0.34599604897828595,0.28078726824548667,-0.07952983998583385,4.039861485859539,3.5940197779857566,1.37728817654362,0.35580438168734524,0.3238240322758589,0.01209261250150483,0.11073552899028963,0.007091673596670345,0,1,100.49783161520446,2.272527472527472
3.94,1.4250730667406137,0.38472648849476404,0.3443295664953784,0.28810774856209515,-0.08710583262958002,4.234525662936222,3.726236334304809,1.3879047410946979,0.3593593569657927,0.32247978216698836,0.012280151153304197,0.09052292394496854,0.012931567958501256,0,1,100.92100451660275,3.3282051282051275
3.96,1.4305952769671828,0.3867015281305344,0.3425244714122977,0.2994379571606372,-0.09319565295718803,4.566801662528935,3.9313661808911156,1.398894593581794,0.36302271448342327,0.32110328434863344,0.012463368761827498,0.08169617115312287,0.02536499346716714,0,1,101.71904512627817,4.319413919413919
3.98,1.4363570275716144,0.38875019763220026,0.34063236656983337,0.31295742814645033,-0.09539020368985916,5.200146900669625,4.293680698449155,1.4101393452405266,0.3667536550322229,0.3196946764694288,0.012642401723787495,0.08383631932511254,0.05892945070269828,0,1,103.02144931689891,5.318681318681318
4.0,1.4423850418067738,0.39088062660409884,0.33872618255253756,0.32709932710709966,-0.09517625888304171,6.105207283032736,4.942105649830342,1.4215142927649214,0.370509820056542,0.3182540993889886,0.012817208005733976,0.10534433935938999,0.1127077299325776,0,1,104.80186077732317,5.6490842490842486
4.0200000000000005,1.4486841097655894,0.39309337326445026,0.3368252846935358,0.34124826259422036,-0.09489980575952911,6.979014622076574,5.758990209965335,1.4328914803863912,0.3742483630631417,0.31678169716382026,0.012987774464221249,0.13500037561196337,0.16414687096721214,0,1,106.6903700800696,5.286446886446885
4.04,1.4552544546867816,0.39538741464220806,0.3349299089763541,0.35538895348932176,-0.0946241147494117,7.510227109931604,6.433275788749527,1.4441428449751927,0.3779270247647697,0.3152776170329195,0.013154280488323993,0.17074791175972096,0.1898994979531603,0,1,108.20236710999099,4.44029304029304
4.0600000000000005,1.4620962379687903,0.3977617120928204,0.3330400394669803,0.36952139609222223,-0.0943492246389587,7.546981667781109,6.672836408562505,1.4551433670047977,0.3815051844521625,0.3137420094030459,0.013317175337348327,0.20010498423227804,0.1785758763099588,0,1,109.11031992814412,3.1186813186813183
4.08,1.469209616614672,0.4002152313097486,0.33115566016947756,0.3836455960081496,-0.09407513310525722,7.179653968825664,6.416236009682829,1.465774149985633,0.38494486090975777,0.31217502783368284,0.013477187565395482,0.21596522501506232,0.13695417636377627,0,1,109.5682134965932,2.0227106227106226
4.1,1.476594743282113,0.40274694232359104,0.329276755105832,0.39776155300164323,-0.09380185997006761,6.6420805086290144,5.87919031220794,1.4759253526387615,0.38821163769777467,0.3105768290216814,0.01363532742997139,0.211565625304465,0.08257213175121997,0,1,109.85466443627864,1.9018315018315017
4.12,1.4842513490203773,0.4053556764264577,0.3274015116878543,0.411625885346257,-0.09452099099511115,6.171978797774834,5.379635496692551,1.4854989016041487,0.3912754897736017,0.30894757278559093,0.01379287357054171,0.19338642324277594,0.03331353619778443,0,1,110.16678955936078,2.361172161172161
4.14,1.4921426496381645,0.4080275280077864,0.3254053992977872,0.42149608692831136,-0.10368195970819831,6.00199503082571,5.461001819597086,1.4944109177784266,0.3941114911578685,0.30728742204967735,0.01395026841399078,0.15753002754934858,0.00895396803905918,0,1,110.57794574730474,2.6271062271062267
4.16,1.500210939184206,0.41074084272011235,0.323314146832387,0.4298924154249694,-0.10658350173177639,6.118649912974799,5.53660880711568,1.5025937963261242,0.39670038658949913,0.3055965428276307,0.014106840215166058,0.12986655329127073,0.008755462719102991,0,1,111.00323023640529,2.651282051282051
4.18,1.5084295841803568,0.41348522476883576,0.3211170910227518,0.4359104643955934,-0.11379903923571376,6.163913030477858,5.553143297651786,1.5099978888382262,0.39902901377093264,0.3038751042059644,0.014263155498306439,0.10747003759215913,0.004761195435460386,0,1,111.26311308001857,1.668131868131868
4.2,1.5167250914430834,0.4162343978017461,0.3187721318253142,0.4369639617765153,-0.12045529819097661,6.144569062509178,5.514315428908336,1.5165927458180188,0.4010905667805973,0.3021232783271058,0.014418540256316115,0.08632724563378336,0.000992211255387454,0,1,111.33348938075842,0.419047619047619
4.22,1.5250012548763499,0.4189551462461404,0.31631524208184975,0.4330872426126392,-0.12586034514891248,6.073968319958115,5.407856810832737,1.52236788842035,0.40288469541798905,0.30034124037218307,0.014571995149888084,0.06999904541239223,0.003584516221890599,0,1,111.35081151244157,1.2087912087912087
4.24,1.5331691446303568,0.4216175959844632,0.31373537712870814,0.42454271681231215,-0.1324925351447813,5.933383940319877,5.220587881920825,1.5273330898945943,0.40441743953580805,0.29852916854350664,0.014722925753412504,0.05627175830013163,0.007825043990741798,0,1,111.46566596284966,2.3853479853479853
4.26,1.541136865695795,0.42419153589477615,0.31102010924634393,0.41144202098277627,-0.1388448537527084,5.725564081937685,4.971526915945521,1.5315181592021638,0.4057010016901768,0.2966872440467494,0.014870621707869049,0.04756576865934197,0.012196980073847563,0,1,111.78328230543,3.150915750915751
4.28,1.5488298788012713,0.42665324778960995,0.3081987668407805,0.3949259464910991,-0.14299727851098645,5.429697487688896,4.600119992037915,1.5349722315021017,0.4067533655918167,0.294815651072826,0.015014790237712692,0.039467871598029114,0.02274746417116802,0,1,112.4051065310903,4.1098901098901095
4.3,1.5561907560960366,0.42898557540471177,0.3053248677449694,0.3761314254760911,-0.1440053731371991,4.99465441388158,3.9944087247925295,1.5377625823234715,0.4075977717601307,0.2929145767794742,0.015155797166001265,0.04552873316055481,0.04918975022058353,0,1,113.42039509988466,4.883516483516483
4.32,1.5631944118412602,0.4311825645819058,0.3024479895887278,0.3569186610803871,-0.1436340938339532,4.295767106825325,3.172436399269793,1.5399729939730051,0.40826206536737375,0.29098421127253904,0.015294853329575461,0.0715470500407517,0.09169545330670154,0,1,114.80429290894347,5.205860805860804
4.34,1.5698373063966355,0.43324544599520637,0.29957927311035576,0.3377054630245216,-0.14321686428583502,3.3935603494525513,2.2859597806753404,1.5417017137722164,0.4087779344200636,0.28902474758696284,0.015433517408766237,0.12052601849047279,0.1390472752595624,0,1,116.39893138793124,5.3428571428571425
4.36,1.5761188822645253,0.4351764155697418,0.29671889036582627,0.318503465300615,-0.142800808616106,2.47618398413303,1.4572784996904287,1.5430590538074969,0.40918005908005517,0.2870363816674809,0.01557316611510836,0.1974679096528698,0.18207542418677275,0,1,117.98405274031303,5.205860805860804
4.38,1.5820386406410023,0.43697767585161773,0.29386681724649283,0.2993126764536316,-0.14238596161693026,1.7059636228056512,0.765735501825332,1.5441646907602455,0.409505195012878,0.28501931234902855,0.015714892041977208,0.2999989316571889,0.2148291811095149,0,1,119.37990829448383,4.617582417582417
4.4,1.5875960955683277,0.43865142129173246,0.29102302961228,0.28013310242043676,-0.14197231977922656,1.1477608338218388,0.24061177425782673,1.5451447318415803,0.409791215116268,0.2829737413368565,0.01585947273876294,0.4130602974707074,0.2351124785930467,0,1,120.53874852469669,4.222710622710622
4.42,1.5927907739799436,0.4401998382685092,0.2881875033932355,0.26096476349586,-0.14155987960191102,0.8154505626975231,-0.08434355071677894,1.5461286187020626,0.41007613479446076,0.2808998731863615,0.01600734631283076,0.5256414836957781,0.24039415267525532,0,1,121.4431814838848,3.5941391941391942
4.44,1.5976222159875548,0.44162510518028925,0.2853602145893321,0.24180771083398458,-0.14114863759407048,0.7497201813226634,-0.16998854507177763,1.5472459452747909,0.41039714608850497,0.27879791528263026,0.016158593521472975,0.6309858170440663,0.2277386105714945,0,1,122.083617034948,2.98974358974359
4.46,1.602089975637217,0.44292939266903175,0.28254113927026436,0.2226620618797094,-0.14073859027493338,0.8698696841271217,-0.05186686836379644,1.5486232677367024,0.4107896854522478,0.27666807781970165,0.01631292701488503,0.7164057264324839,0.1998117448547568,0,1,122.5497129973858,2.6271062271062267
4.48,1.6061936226720146,0.4441148641220024,0.2797302535752464,0.203528076389749,-0.14032973417383987,1.0596923290194153,0.13538476384945036,1.5503809850801562,0.4112865587980609,0.2745105737795469,0.016469688209923936,0.766583637845425,0.16671156960801067,0,1,122.96378960199137,2.691575091575092
4.5,1.609932746453988,0.4451836767625173,0.27692753371280854,0.18440631934828353,-0.1399220658304755,1.1707009126557173,0.22680759569542316,1.5526303671639545,0.4119171456631317,0.2723256189107724,0.016627852077665463,0.7917226658402756,0.14081055716333646,0,1,123.45759609695868,3.134798534798534
4.5200000000000005,1.613306964511489,0.44613798398790855,0.27413295596052595,0.16529800939599348,-0.13951558180971751,1.1733022761493974,0.21713158047515996,1.5554708035965743,0.4127067020193802,0.270113431707044,0.01678603992271447,0.8169739965804452,0.12250518031651016,0,1,124.03222496446614,3.142857142857143
4.54,1.6163159409679868,0.44697994034153826,0.27134649666123745,0.14620576145874914,-0.13911027991584346,1.257926365426094,0.3647458708870089,1.5589873414777038,0.413675778435234,0.2678742333852387,0.016942540027297323,0.8155646364753382,0.09241886795821322,0,1,124.48910698882487,2.5384615384615383
4.5600000000000005,1.6189594293359775,0.4477117129437253,0.26856812127242125,0.12713831540362136,-0.13871616513926865,1.662095419883688,0.820974821325038,1.563248573015156,0.41483976707538783,0.2656082478633226,0.017095335849357664,0.7526610919907804,0.03920913242778248,0,1,124.72118224991472,1.6197802197802196
4.58,1.6212684543613642,0.44834396600269016,0.2657569038855941,0.11431229233514234,-0.14251738150728288,1.8505820478669823,1.1247520837374314,1.5683049255123855,0.4162085874852015,0.26331570173795976,0.017242217773017102,0.6218615571196708,0.0028775835684512335,0,1,124.81290146758221,1.0717948717948718
4.6000000000000005,1.6234146943335812,0.44892507173613616,0.2629026387291508,0.10783968910312879,-0.14288687430353428,1.7704961111675848,1.0438218686085858,1.5743081630484683,0.4178187728151661,0.260996824261852,0.01738119593564679,0.5086545599471003,0.0024045428398133395,0,1,124.85845774442645,0.9186813186813186
4.62,1.6254479685335943,0.4494693538963487,0.26004019625819214,0.10334748677589255,-0.14386258029428345,1.7519914924228854,1.0125171052111746,1.583006207710555,0.42013047824855154,0.25865184732081475,0.017507291486115205,0.4147902925412579,0.0007179848999099847,0,1,124.87567880994082,0.22564102564102562
4.64,1.6274377524801413,0.4499958397255175,0.2571375578581766,0.10367928991698387,-0.1471551328193174,1.8198160388089502,1.0491842577670918,1.5917096804625324,0.4224216622631317,0.25628100541058796,0.017617064976187945,0.34361083546063703,0.004847437758017076,0,1,124.93699928786876,1.6278388278388274
4.66,1.6294867850069106,0.4505315304227141,0.2541493502380585,0.10937100529224211,-0.1509294735391864,1.9525845249956768,1.177898785559479,1.6004185913331959,0.42469208794068086,0.2538845356133868,0.0177101971734604,0.28519303391679635,0.008396234109988215,0,1,125.19609329712462,2.5304029304029307
4.68,1.6316924769101693,0.45110106170041114,0.25112142072432253,0.11972684778070185,-0.15197403204846044,2.213997262334361,1.4032797552458516,1.6091329481811047,0.4269415201388285,0.25146267757419416,0.01778642996284156,0.2323348327977215,0.01744788080516771,0,1,125.82184273475433,3.819780219780219
4.7,1.6341366679310123,0.4517242479368462,0.2480734415708153,0.13341970425272734,-0.15258866773948881,2.6793304337692234,1.7737259702823402,1.617852756690111,0.42916972552178806,0.2490156734767955,0.017845667193649613,0.19490829145520763,0.038538231409461526,0,1,126.91670568482121,4.722344322344322
4.72,1.6368557097653387,0.4524086915654282,0.2450251812032858,0.14768569491579528,-0.15218944431960746,3.4606454494632164,2.4425304857497374,1.6265780203657498,0.4313764725911714,0.24654376801956163,0.0178879326668293,0.19179987163151963,0.08294671937322051,0,1,128.5261329915229,5.536263736263735
4.74,1.6398537722782531,0.45315368115686283,0.24198559423620297,0.16194904043876063,-0.1517473439795637,4.450339154651409,3.3862601635159826,1.6353087405324975,0.433561531716879,0.2440472083909782,0.017913370128332346,0.22097561497592255,0.14299440080397788,0,1,130.53644961430018,5.737728937728937
4.76,1.6431310159762456,0.453957497676949,0.23895483744365262,0.17619982591098704,-0.15130650662815168,5.326433566195087,4.335553075988923,1.6440449163318998,0.4357246751680576,0.24152624424492772,0.01792218865755641,0.27588507926263384,0.19453445529429567,0,1,132.4571546232406,5.278388278388278
4.78,1.6466875900101063,0.45481842929230104,0.23593288522561937,0.1904398973633461,-0.15086694994189226,5.817874863919284,4.943845622536284,1.6527865447215724,0.43786567714411156,0.23898112767572388,0.017914650008934243,0.32636147539026883,0.2172359969416407,1,1,133.8321539843221,3.9970695970695966
4.8,1.6505236617762786,0.45573477840825366,0.23291971200415798,0.20467030462881283,-0.15042867020058878,5.855576016118489,5.0225687004369215,1.6615336204750812,0.43998431380576264,0.2364121131929028,0.017891067747907895,0.3706199418641861,0.20591644924196195,1,1,134.60299314011522,2.6673992673992672
4.82,1.6546394050402327,0.4567048585021332,0.22991529227562876,0.21889164371404773,-0.14999166369462089,5.566660791547408,4.729350794326306,1.6702861361826982,0.4420803633061424,0.2338194576957718,0.017851806531846367,0.3922244905229948,0.17010949955002988,1,1,135.04696546498536,2.4175824175824174
4.84,1.6590349932438249,0.45772699235567443,0.22691960061048158,0.2331042538735783,-0.14955592672519563,5.2799631620863074,4.43611064363599,1.6790440822530375,0.44415360582191044,0.23120342044772024,0.017797281371238035,0.3901836081877764,0.13447735720510756,1,1,135.49819807530628,2.6673992673992672
4.86,1.6637105957578329,0.45879951107211026,0.2239326116529685,0.2473083291295086,-0.14912145563088397,5.044105453882352,4.208737875602901,1.6878074469155728,0.4462038235843851,0.22856426305029268,0.017727956872963586,0.37490415772642854,0.10266650334179983,1,1,135.9855940686804,2.6673992673992672
4.88,1.6686663757855005,0.459920753528043,0.22095430008503425,0.26150397518539087,-0.1486882597832411,4.810673206466354,3.9836443858848174,1.6965762162240379,0.44823080091067624,0.22590224941702977,0.01764434646791794,0.3477592146644338,0.07104574594076984,1,1,136.47009419231333,2.6673992673992672
4.9,1.6739024809052063,0.4610890642129522,0.2179846236633826,0.2756881443625066,-0.1482624405756115,4.579684822366518,3.7610957583272993,1.7053503740607114,0.4502343242348096,0.22321764574707625,0.01754701165181132,0.30820753465101164,0.03961835360561605,1,1,136.9516902668413,2.6673992673992672
4.92,1.6794160972765226,0.46230214309528733,0.21501896100761142,0.289065127118925,-0.14878850032298863,4.393716517075984,3.6179000104384835,1.7141299021415863,0.4522141821388282,0.22051072049856227,0.017436571034440046,0.2597583816500067,0.012193796600405982,1,1,137.43063248919137,2.6673992673992672
4.94,1.6851595451904813,0.46354792146885254,0.212040010573788,0.29890448605995984,-0.14877746059532673,4.482762099018939,3.7298521457118583,1.7229147800224176,0.45417016538386284,0.2177817443617566,0.017313803700020128,0.20911193235359832,0.009102142381541611,1,1,137.9091208856347,2.6673992673992672
4.96,1.6910935949873065,0.46481656918837794,0.2090697538703991,0.3083805446415906,-0.14821845960045663,4.607303390262167,3.8573832379205064,1.7317049851056614,0.456102066941157,0.2150309902319991,0.017179370578359207,0.1697256853046766,0.00908470552653412,1,1,138.38911393987397,2.6673992673992672
4.98,1.6972166337100139,0.4661066506239452,0.2061106999955836,0.31783620225851006,-0.14765859951650115,4.731764313058545,3.9846651591628452,1.740500492648289,0.45800968202303444,0.21225873318241015,0.017033797553553297,0.14121071244801903,0.009068818586838556,1,1,138.87071058273105,2.6673992673992672
5.0,1.7035284494558702,0.46741704874440637,0.20316281773602388,0.3272735285314007,-0.1471019506592768,4.855973871639622,4.111641107978821,1.7493012757704889,0.45989280811379896,0.20946525043638475,0.016877635814812456,0.12023859928081844,0.00904892519227346,1,1,139.35394594330006,2.6673992673992672
5.0200000000000005,1.7100288352503867,0.4687466572162161,0.2002260452231941,0.3366918750634348,-0.14654729789236665,4.979924786614176,4.238457569911516,1.7581073054652419,0.4617512450005512,0.20665082133986942,0.016711466329781734,0.10137424542801264,0.009036429279478564,1,1,139.83877617152578,2.6673992673992672
5.04,1.7167175686754774,0.4700943762969423,0.1973003762421314,0.3460909042229243,-0.14599252842421223,5.103608447997404,4.364901482507246,1.7669185506087817,0.46358479480391146,0.20381572733342865,0.016535899491516556,0.08403775252749404,0.009015287365719493,1,1,140.32517182731627,2.6673992673992672
5.0600000000000005,1.723594419734475,0.4714591145536562,0.19438575546654255,0.35547180113309923,-0.14544256956095652,5.227095340812621,4.491188813477727,1.7757349779719267,0.46539326200863707,0.2009602519241003,0.016351574478628186,0.07445184851146872,0.009001448094312026,1,1,140.81321129761196,2.6673992673992672
5.08,1.7306591707438037,0.47283979233996426,0.1914821010521484,0.36483348318149156,-0.14489581482402245,5.350337657909977,4.617192168978808,1.7845565522322824,0.4671764534941183,0.19808468065704596,0.016159158103434254,0.06720906944949231,0.008986134308483273,1,1,141.3028819309256,2.6673992673992672
5.1000000000000005,1.7379115839965154,0.47423533537720547,0.18858938258195654,0.3741768409922094,-0.14434930439657181,5.473287024203312,4.742893940093037,1.7933832359873187,0.4689341785647429,0.1951893010869958,0.015959344426830693,0.05484369635042329,0.008966572350116997,1,1,141.79404442145278,2.6673992673992672
5.12,1.745351416092369,0.4756446779215573,0.18570756986942535,0.3835009836472403,-0.14380420086328408,5.596037355130307,4.868425695308826,1.8022149897683115,0.47066624898011483,0.19227440274949428,0.015752854288489302,0.05049820672803318,0.00895374166494567,0,1,142.28690756330224,2.6673992673992672
5.14,1.752984259159122,0.4770678443072979,0.18283556059088413,0.3945597980772528,-0.14348917667752736,6.139531502480705,5.332383428656211,1.8110517720551436,0.4723724789851146,0.18934027713194598,0.015540397504998395,0.045699711248932615,0.038642121040069866,0,1,143.54802889462837,5.802197802197802
5.16,1.7608776676085878,0.4785161553453234,0.17996956959182617,0.4086654709333085,-0.14308211532838414,7.1554460041971675,6.180109599377524,1.8198935392919693,0.47405268533978734,0.1863872176444674,0.015322388724156023,0.0640477886918986,0.10080737746908602,0,1,145.606914322892,5.737728937728937
5.18,1.7690528049916172,0.4799919888566615,0.1771118780944838,0.4227668418800656,-0.14266645175781528,7.898893143957839,6.845791697711769,1.8287402459037256,0.475706687349046,0.1834155195905466,0.015099746208007475,0.09182068190514048,0.14254351808278742,0,1,147.28548503190686,4.367765567765567
5.2,1.7775097262872799,0.4814937868692916,0.1742624884024008,0.4368599893440161,-0.14225199507721356,8.04129360642975,7.022952864776999,1.8375918443134982,0.47733430689217704,0.18042548013751245,0.014873586646521181,0.1212866388156689,0.13920915207354456,0,1,148.22796104385665,2.9655677655677652
5.22,1.7862484693778056,0.4830199968814508,0.17142137639909427,0.4509449178997118,-0.14183874286550135,7.694286422315865,6.740640818861056,1.8464482849607238,0.47893536845213414,0.17741739828681868,0.014645062331847536,0.13304682734326964,0.09917720262953278,0,1,148.69039785887352,2.111355311355311
5.24,1.795269061638673,0.48456907306959873,0.1685885064188327,0.4650198495390929,-0.14143342090018,7.207974862644694,6.292130111493551,1.8553095163202329,0.48050969914460623,0.1743915748441435,0.014415360142707438,0.13190417753178243,0.04870591518822481,0,1,149.03777474387306,2.2483516483516484
5.26,1.8045661965301514,0.4861385512078067,0.16574673287198174,0.4780617097791022,-0.14387067293629432,6.957825703138337,6.166899961476411,1.8641754849221228,0.4820571287468486,0.17134831238930984,0.014185696740036979,0.11121673718732476,0.01643979009837715,0,1,149.5728764037567,3.1750915750915745
5.28,1.8141103613879883,0.4877215921057145,0.16285397728812273,0.4901929952112194,-0.14488812743117183,7.140791444112117,6.39769885681931,1.8730461353724512,0.4835774897262616,0.16828791524602688,0.013956988171581407,0.09129084174552904,0.017837618885266693,0,1,150.42158946231658,3.8036630036630035
5.3,1.8239119897996627,0.4893181767129125,0.15995798905064124,0.5036648613711945,-0.1447898778741647,7.433834020455884,6.62343927858558,1.8819214103747481,0.4850706172687045,0.16521068945145892,0.01372996183196801,0.07872593681150818,0.026362613366905485,0,1,151.43754622313207,4.085714285714285
5.32,1.8339876484255258,0.49092945034057184,0.15705747408816803,0.5173537103487948,-0.1455068281842303,7.683757971086501,6.750625860266105,1.8908012507523375,0.48653634930653095,0.1621169427256208,0.01350565364876053,0.07007646176627445,0.031281840127688865,0,1,152.38221041357696,3.6747252747252745
5.34,1.844333220220006,0.49255299634336186,0.15412044773424063,0.5302942540096184,-0.1490789344166091,7.728391737315311,6.83626907085355,1.8996855954714582,0.4879745265463327,0.15900698444060726,0.0132850855202,0.06472804014412294,0.02101012874987418,0,1,153.12577987574727,3.0461538461538455
5.36,1.8549230856824954,0.49418259248693536,0.1510967496444205,0.5412597467228093,-0.15247295588139428,7.731779314300602,6.95149803499757,1.9085743816651775,0.48938499249637846,0.1558811255896549,0.013068825633723405,0.05241602790571408,0.009653840232270894,0,1,153.7200859610465,2.78021978021978
5.38,1.8657153987834412,0.4958097522569069,0.14804331162674203,0.550466964857358,-0.15346148445431562,7.852505997253924,7.049337613808485,1.9174675446580867,0.4907675934937348,0.1527396787560442,0.0128573647267533,0.04676465122639086,0.009313302890366248,0,1,154.24437273786725,2.7882783882783877
5.4,1.876687241729078,0.4974295367405421,0.14494360816744944,0.5588739938300059,-0.15655659135948846,7.957550862228393,7.144882346446171,1.926365017991777,0.4921221787310547,0.1495829580818404,0.012651360796304491,0.039135030202464303,0.008196568478820776,0,1,154.71198543153764,2.570695970695971
5.42,1.8878213874312746,0.4990377253758554,0.1417865577757745,0.5660382512034561,-0.1596660499288176,8.038997285419299,7.205875445284025,1.9352667334510727,0.49344860028302245,0.14641127923648062,0.01245106948843626,0.03354893415344331,0.006549995716515933,0,1,155.08127964130398,2.2080586080586078
5.44,1.899084054390644,0.50062781394476,0.13855474105497306,0.5715328868966675,-0.16337947496828498,8.109175571855404,7.265992982024903,1.9441726210910253,0.49474671313244045,0.14322495938520605,0.012256635382889788,0.02905361912826545,0.005613180748513691,0,1,155.36387362012448,1.9743589743589742
5.46,1.9104523682434755,0.5021950081649346,0.13526157364818106,0.5758469015114761,-0.1661071608676808,8.153544781501015,7.297694159190489,1.95308260926465,0.49601637519594527,0.1400243171573468,0.012067943345003804,0.023531159791331156,0.004108596536240627,0,1,155.57315922644298,1.5311355311355312
5.48,1.921892398120537,0.5037334215589941,0.13191324569730076,0.5782696154124987,-0.16877433751624168,8.17797840503151,7.311052487484808,1.9619966246513962,0.49725744734934135,0.13680967261445826,0.011885010265327449,0.021800027787167414,0.0030116408367787395,0,1,155.70222120564927,1.1846153846153844
5.5,1.9333712215391707,0.5052376652037482,0.12851498243077966,0.5791921166313698,-0.17120528321401812,8.184597210759962,7.305252378098234,1.9709145922863425,0.49846979345253667,0.1335813472183161,0.011707771090389143,0.018677897011027022,0.002123670364963859,0,1,155.77951426468576,0.8783882783882783
5.5200000000000005,1.9448603149595314,0.5067032925788776,0.12506734991959612,0.5788149431192874,-0.17358252949911473,8.176220675994536,7.286564839642081,1.9798364355901,0.4996532803740713,0.13033966379876935,0.011536091647541312,0.01608098188727801,0.0014209269754709153,0,1,155.82278603067837,0.6285714285714284
5.54,1.956337206085272,0.5081269247819766,0.1215750113152241,0.5774241693746938,-0.1759381366514471,8.157293984141361,7.252839484808068,1.9887620763994205,0.5008077780152237,0.1270849465214589,0.011369751902378149,0.015643196682993556,0.0009446334721333605,0,1,155.8456553376442,0.45128205128205123
5.5600000000000005,1.9677819727577355,0.5095057281659815,0.11803030666365491,0.5749726286743397,-0.1783675961353288,8.118500127758443,7.206656768257452,1.9976914349984862,0.5019331593336842,0.12381752085539993,0.011208456529167193,0.013891920291946844,0.000583527789318472,0,1,155.85280990863552,0.12087912087912088
5.58,1.9791719731038313,0.5108367719338495,0.11444766069410796,0.5715177404124758,-0.18003945754350065,8.072565087962582,7.151136271075901,2.0066244301508807,0.5030293003667815,0.12053771354043649,0.011051870656552495,0.011581149073608323,0.0009750231485181615,0,1,155.85280990863552,0.25787545787545785
5.6000000000000005,1.990491439641045,0.5121182984041085,0.11082999192392454,0.5671251364432208,-0.1816963100174366,8.004215858216023,7.076285944349984,2.0155609791322155,0.5040960802542522,0.11724585255456663,0.0108997121474564,0.010723312233649888,0.0018813917136590863,0,1,155.85280990863552,0.5882783882783882
5.62,2.0017145522025936,0.5133476548160956,0.10718222231581344,0.5616375552801178,-0.18340813905756698,7.936414358788153,6.995371937985234,2.0245009977634103,0.5051333812605409,0.11394226708114599,0.010751733854938576,0.012307890141568687,0.0021371135102876693,0,1,155.85288519604285,0.684981684981685
5.64,2.012831983406138,0.5145241976360201,0.10349347527654926,0.5560786258392414,-0.18503346126992087,7.8619287127942,6.921994856703895,2.0334444004446093,0.5061410887966173,0.11062728747596882,0.01060751066568979,0.011025664479580727,0.0017726539451642376,0,1,155.8536371069721,0.556043956043956
5.66,2.0238419470030657,0.5156482176060186,0.09979095780278278,0.5501025808989972,-0.18552870226144616,7.775686748020083,6.8279024508833945,2.0423911001897097,0.5071190914413043,0.10730124523423303,0.01046660306905337,0.01041516816279892,0.0027594436530677946,0,1,155.85926547103264,0.9025641025641025
5.68,2.0347260744501514,0.5167186034346432,0.09606773983751406,0.5431636156116979,-0.18680920071986185,7.6825568179666135,6.729067418011867,2.051341008661512,0.5080672809620963,0.10396447295739134,0.0103288630048356,0.012044085969945854,0.0029898111240341807,0,1,155.8752558308376,0.983150183150183
5.7,2.045473032920591,0.5177349925550759,0.09232229823554215,0.536070032283304,-0.18749676863322398,7.589447284457184,6.637769873574854,2.0602940362074467,0.5089855523354675,0.10061730431989054,0.010193923072557155,0.011571974051550736,0.002612905724877379,0,1,155.89209729166194,0.8622710622710622
5.72,2.0560843231337156,0.5186984341098414,0.08857440202787754,0.5289751090717641,-0.18720674903146498,7.488410354331896,6.5397815681843,2.0692500918958947,0.509873803766653,0.09726007403580536,0.010061410616265164,0.012689384672812434,0.002922209141963339,0,1,155.91166017087417,0.967032967032967
5.74,2.0665533992648037,0.5196094569318417,0.0848337534263977,0.5216210919443264,-0.18717396063704694,7.395947152305032,6.441514547891798,2.0782090835530522,0.5107319367088916,0.09389311782536626,0.009931198460085068,0.012913917294523207,0.002944448331402616,0,1,155.93395585690376,0.9750915750915748
5.76,2.076881686983318,0.5204692759997122,0.08108218383424372,0.5143736225941044,-0.1879175190638317,7.297381313561051,6.341125916138936,2.0871709178003592,0.511559855882124,0.09051677238138879,0.009803023001928072,0.011825638310747502,0.003084850261556138,0,1,155.95711042319797,1.0234432234432234
5.78,2.087066079682626,0.5212785997628443,0.07732057842533935,0.5069551264732851,-0.18811802808615427,7.198532351123303,6.243994575246542,2.096135500092449,0.5123574692911339,0.08713137533560339,0.00967651939373583,0.009987752335747967,0.0029131079934252013,0,1,155.98243264250632,0.967032967032967
5.8,2.0971068641355135,0.5220385121340618,0.0735595877777361,0.49971812501603513,-0.18815243650442248,7.106147549086518,6.148303414469374,2.105102734755612,0.5131246882431206,0.08373726522489384,0.009551360732539567,0.012339444642958823,0.0028464059949918075,0,1,156.00471067463505,0.9509157509157509
5.82,2.1070086156355052,0.522750436027074,0.06979374239450488,0.49268351508750724,-0.18797242720515786,7.007652933537709,6.059368926246846,2.114072525026762,0.5138614273646986,0.08033478145744247,0.009427208117191398,0.010494248020913689,0.002824306241159147,0,1,156.02484664943412,0.9267399267399268
5.84,2.1167727920873056,0.5234155907628404,0.0660480834483573,0.48566533264966916,-0.18678073399651626,6.913306612354408,5.966588518458794,2.123044773092883,0.5145676046183097,0.07692426427879093,0.009303812613126928,0.011647306490107524,0.0026828543059215226,0,1,156.04520862018876,0.9025641025641025
5.86,2.1264002804903006,0.5240352931111245,0.06231652742256615,0.4789232358930091,-0.1864196237568664,6.829536282699902,5.883531263520449,2.1320193801309397,0.5152431413180406,0.0735060547378147,0.009181075868175237,0.01597405968525055,0.002238662615170861,0,1,156.06015201436497,0.7494505494505493
5.88,2.1359024335620624,0.5246113533786564,0.058589953323895015,0.4728217171780471,-0.18621680928211695,6.75049099887156,5.805778105570191,2.140996246348234,0.5158879621448385,0.07008049465261969,0.009058663299246322,0.015306251077605542,0.002007165496680563,0,1,156.06778348219243,0.6688644688644687
5.9,2.1452877919605493,0.5251452576815071,0.054869990766371626,0.46691889887599314,-0.18536915639714743,6.6651784013954485,5.731610139723283,2.1499752710231967,0.516501995161116,0.06664792657635946,0.008936252698408951,0.013605040668709946,0.0022506584867925117,0,1,156.07443359060082,0.7333333333333333
5.92,2.1545575724718597,0.5256381162072322,0.05118021690702222,0.46136818620543374,-0.18381130837465648,6.599691801143021,5.669083136766829,2.1589563525465816,0.5170851718247346,0.06320869376298152,0.008813720149321753,0.01275254047356696,0.001315449710891925,0,1,156.07808015269273,0.40293040293040294
5.94,2.163728708060354,0.5260919016842196,0.047513017233068756,0.45665546151649566,-0.1824428576839179,6.530503234744031,5.614051785838511,2.1679393884630653,0.5176374270023624,0.059763140132900856,0.008690874748384864,0.012784108973039209,0.0015318618706378073,0,1,156.07808015269273,0.4835164835164835
5.96,2.1728089085891256,0.5265079736872432,0.0438859351009522,0.4522567006004986,-0.18071475643898935,6.477911324014487,5.560850902107799,2.1769242755132145,0.5181586989821982,0.05631161023860951,0.008567660919952898,0.011544470211639422,0.0008570792190056853,0,1,156.07808015269273,0.25787545787545785
5.98,2.1818090478020142,0.5268877550164396,0.04027424006594026,0.448424116192673,-0.18020369731804872,6.425610374659624,5.51511136846102,2.1859109096758167,0.5186489294860521,0.05285444923022034,0.008444020968998097,0.012880442461643975,0.0007420405836304766,0,1,156.07808015269273,0.20146520146520147
6.0,2.190737409480182,0.5272322752419086,0.03668196852456906,0.44515643954595596,-0.17891949088154807,6.387245839038357,5.48410244407762,2.1948991862105443,0.5191080636807796,0.049392002820953525,0.008319778703583802,0.011544018690417077,0.00014594702735970522,0,1,156.07899493506378,0.10476190476190475
6.0200000000000005,2.1996106540709177,0.527542859217053,0.03311708540180276,0.4424951591568161,-0.1774860219069886,6.345175289461954,5.449608101731472,2.203888999700943,0.5195360501890592,0.045924617252564325,0.00819477937693966,0.009296956259769737,0.00032935660949739987,0,1,156.08027562165444,0.04835164835164834
6.04,2.208429778188009,0.5278201980523629,0.029582332601655333,0.4399105070853029,-0.17576653052214572,6.3120450270437605,5.427656664839759,2.212880244097723,0.5199328410995128,0.04245263926072041,0.00806912789664206,0.010541412355704514,0.0005593835768867295,0,1,156.0838733151002,0.25787545787545785
6.0600000000000005,2.2172064267182137,0.528065303175459,0.026085760968110723,0.4381791085843404,-0.17413693832879273,6.294048965095442,5.412378350248379,2.2218728127623284,0.5202983919761555,0.03897641604032735,0.00794284530859059,0.011513003620182743,0.0008352859667586365,0,1,156.0967119459746,0.3626373626373626
6.08,2.22595619172444,0.5282791397431504,0.02261076613407717,0.4370123355303607,-0.17303402548420566,6.274173119830732,5.402873293281055,2.2308665985107687,0.5206326618671788,0.03549629521081065,0.007815925798809978,0.010482721119927634,0.0010796263077175183,0,1,156.11591643579104,0.4432234432234432
6.1000000000000005,2.2346842628032255,0.528462220281516,0.01916654370237564,0.43593888159812383,-0.1717149164267921,6.2605038413019445,5.389155719570084,2.239861493657701,0.5209356133130514,0.03201262478135286,0.007688459075890445,0.00969484336714486,0.0009730723784314721,0,1,156.13655467892974,0.42710622710622703
6.12,2.2433928681863637,0.5286149535756116,0.015735881590488318,0.43515589882357847,-0.17084863935543143,6.249241228516253,5.390466007274266,2.248857390060729,0.521207212353945,0.02852575311609419,0.007560585980050525,0.010586145244767628,0.0015902931995234182,0,1,156.1643062439163,0.6285714285714284
6.140000000000001,2.2520924209090816,0.5287377924456913,0.012337886961046807,0.4349401425107202,-0.16938949143409654,6.249980512835388,5.389615850733581,2.2578541791649083,0.5214474285364703,0.02503602889929514,0.007432315695645982,0.012868937767811211,0.0016243925794555136,0,1,156.20240139280153,0.6608058608058607
6.16,2.2607905137782693,0.5288311154674238,0.008951595315559344,0.4348308028639812,-0.16877017408454129,6.240440168275792,5.390988084956796,2.2668517520474394,0.5216562349197276,0.0215438011004696,0.007303787564824189,0.011034008394118836,0.0015596365838413395,0,1,156.2405117430145,0.6205128205128204
6.18,2.269485182486629,0.5288950542003648,0.005592918463943921,0.4348931657877128,-0.16735132949905043,6.2495427836125135,5.401540138852893,2.2758499994625208,0.5218336080806625,0.01804941893948712,0.0071751709170644745,0.01200078526144324,0.0020257903784061115,0,1,156.28837672819938,0.8058608058608059
6.2,2.2781902137419183,0.528929910427235,0.002252275970806693,0.4355716564594098,-0.1662714937498781,6.249846777231178,5.414439448353838,2.2848488118863446,0.5219795281187268,0.01455323185165167,0.007046546989955468,0.011025802955563416,0.002102885979604896,0,1,156.34572669172988,0.8139194139194137
6.22,2.2869068072535192,0.5289358237827549,-0.0010551904307024575,0.4362144077415451,-0.16508239977010225,6.2654404228006495,5.42390667795635,2.2938480795622276,0.5220939786598425,0.011055589452758863,0.006918165294957373,0.011326131331042575,0.0023279680121842117,0,1,156.40577994905553,0.9106227106227106
6.24,2.2956404933622596,0.528912886116694,-0.004363344411853144,0.4372395944694479,-0.16548980404136346,6.279469906066564,5.44051510015195,2.302847692545835,0.5221769468596639,0.0075568415041335855,0.006790210070719924,0.012698334220733146,0.0022775857176853265,0,1,156.47525067217472,0.8945054945054943
6.26,2.3043966063619123,0.5288609183573304,-0.007667071189662917,0.4385077688445627,-0.16436929115467927,6.2914609419098,5.466319948047459,2.311847540750491,0.5222284234061397,0.0040573378776553965,0.006662671234605761,0.013062715307728793,0.00269639257838572,0,1,156.55243981932287,1.0395604395604394
6.28,2.313180937782124,0.5287799014002807,-0.010932582121891814,0.4401320997714426,-0.16244951406134572,6.315025576440425,5.493376348704268,2.320847513992558,0.5222484025213691,0.0005574285207703898,0.006535771432171678,0.012672948859358314,0.0027365340530332016,0,1,156.64212536511727,1.0637362637362635
6.3,2.322000956428618,0.5286698673278712,-0.014176017430225103,0.44195481450291996,-0.1623355429150863,6.340788835351647,5.51185272121002,2.3298475020368556,0.5222368819627546,-0.002942536578502016,0.006409868800917535,0.013684645933484348,0.0027605949945871955,0,1,156.7349144513978,1.0798534798534798
6.32,2.3308544198274492,0.5285306558277016,-0.017433914179061566,0.44352869332521877,-0.1633760437373451,6.36191548013276,5.529849064632629,2.338847394642099,0.5221938630234505,-0.0064422074265688325,0.00628516926426391,0.012577981284625084,0.002573519374642619,0,1,156.82043224895392,1.015384615384615
6.34,2.3397375876992377,0.5283619555607706,-0.02070682558835611,0.4450735699544343,-0.1637584658378188,6.3840496046663215,5.552991503173861,2.347847081606347,0.5221193505321039,-0.009941234059261325,0.006161679509556767,0.010927240788543824,0.0026160418863542256,0,1,156.907114441927,1.0315018315018314
6.36,2.3486534997644863,0.528163425759119,-0.02398047788357059,0.4468725481310768,-0.16353877097461397,6.408932164545469,5.579994880595072,2.356846452812428,0.5220133528518918,-0.013439266576832382,0.006039413555693929,0.011086483998973154,0.0027249977246567303,0,1,157.00221888580003,1.0717948717948718
6.38,2.357606385543074,0.5279347726368973,-0.027246661383808008,0.44873190483681136,-0.16287627075667122,6.4284028497701176,5.605859192212918,2.3658453982733327,0.5218758818788519,-0.01693595517894495,0.005918492973366925,0.011451385961853557,0.0026540260229250268,0,1,157.09683548752955,1.0315018315018314
6.4,2.3665938680989944,0.5276759336834265,-0.030495691299315307,0.45057742352074354,-0.16252489375680176,6.460431494039259,5.630606314905839,2.3748438081775407,0.5217069530395128,-0.02043095019965303,0.005799192501452769,0.010688085818730765,0.003075208718408551,0,1,157.19568317701908,1.2007326007326007
6.42,2.3756204362274405,0.5273865851098738,-0.03375734927685007,0.45245102921805547,-0.16364908321328056,6.481503582014854,5.646723902619406,2.3838415729342737,0.5215065852878162,-0.02392390214236672,0.005681654275554006,0.011628123272701508,0.002568413622535237,0,1,157.28943240010227,1.015384615384615
6.44,2.3846770432179363,0.5270666139807928,-0.03703685776545749,0.4539280306255797,-0.16374129216891029,6.499578868806951,5.674111968836485,2.3928385832186536,0.5212748011013449,-0.02741446171480285,0.005565920388410098,0.013204168796708203,0.0027412125492496386,0,1,157.37580120667857,1.0637362637362635
6.46,2.393765736840755,0.5267157138862598,-0.04029933024493012,0.4557906023379956,-0.16297601942655293,6.52996789074699,5.6995538195339375,2.401834730016731,0.5210116264768462,-0.030902279863912658,0.005452053463415202,0.011538507778335112,0.002991545776983573,0,1,157.4753079156685,1.1765567765567764
6.48,2.4028928991928917,0.5263335118562618,-0.04356487689194455,0.4576613575247022,-0.16339010064178172,6.548679376350619,5.719861960974398,2.4108299046703867,0.5207170909250636,-0.03438700781078804,0.005340224560005393,0.012106180396648297,0.002445476579655659,0,1,157.56977670449174,0.9750915750915748
6.5,2.412049436891318,0.5259201131270367,-0.046831972229594225,0.4588113723943201,-0.1636129574239555,6.56095599839362,5.7260930854585315,2.4198239989220633,0.5203912274648719,-0.037868297085537926,0.005230582837451102,0.011602846471738437,0.0021738655746498248,0,1,157.64133604695667,0.8703296703296701
6.5200000000000005,2.42122167123202,0.5254759265192587,-0.05011123642060236,0.45963268678036356,-0.16370817300882712,6.570623500488389,5.745889713010332,2.4288169049593247,0.520034072616725,-0.04134579956213623,0.005123261660530087,0.01041436193312017,0.0024135945670884507,0,1,157.70888966215958,0.9428571428571427
6.54,2.4304126949283447,0.5250006721316912,-0.05337246204938782,0.46073231367247564,-0.16305711579624932,6.588816294013811,5.755672921535334,2.4378085154592144,0.5196456663954158,-0.044819167493232885,0.005018264626913879,0.011912774089468097,0.0024480563772728003,0,1,157.78207103007188,0.9750915750915748
6.5600000000000005,2.439623418940783,0.5244942554897163,-0.056645208858302036,0.46179420767971946,-0.16398477374552078,6.60338236956665,5.770286430025178,2.4467987236323934,0.519226052302155,-0.04828805354492954,0.0049157154888401135,0.010662407531393393,0.002302363026130294,0,1,157.85496252091758,0.9186813186813186
6.58,2.4488535349384923,0.5239564186943005,-0.05992614931773627,0.46273141808791474,-0.16416699281313765,6.61321174756785,5.778345696158216,2.455787423267046,0.5187752773159716,-0.051752110831511475,0.004815521452387069,0.008793512542397316,0.0020677343451778185,0,1,157.92183748743085,0.838095238095238
6.6000000000000005,2.458096940199825,0.5233873522380058,-0.06321187455321814,0.4634185152490853,-0.1642861030900782,6.622453263759232,5.7892003956624745,2.464774508772518,0.5182933918844409,-0.055210992950137025,0.0047177105663408925,0.010881679593159898,0.0020511199457422524,0,1,157.9840626076732,0.8300366300366299
6.62,2.4673524595621705,0.5227870123318469,-0.06649492833540592,0.4639852161691875,-0.16399123032278917,6.624730307846864,5.793236756213076,2.473759875222687,0.5177804499137436,-0.05866435401547641,0.004622278495303865,0.010181917955784226,0.001711223157997377,0,1,158.04029489669716,0.701098901098901
6.640000000000001,2.476613227250606,0.5221558217920617,-0.06977267458993887,0.4643934841778265,-0.1639746204831774,6.63647672516496,5.801717230756535,2.4827434183990316,0.5172365087580653,-0.0621118486943012,0.004529314287534343,0.015741231790861444,0.002187092317741779,0,1,158.097396484434,0.8783882783882783
6.66,2.4858852629019412,0.5214932986273101,-0.07305872101254783,0.46525801105444486,-0.16488310945142237,6.653704121085024,5.810578703792842,2.491725034833387,0.5166616292083365,-0.0655531322400161,0.004438750551952906,0.0163339045804652,0.002442007231161669,0,1,158.16571192813646,0.9750915750915748
6.68,2.4951729192190646,0.5207988735552741,-0.0763690129876555,0.46596350845887313,-0.1658297369734684,6.656114136736956,5.814561293628219,2.5007046218503635,0.5160558754803265,-0.06898786052713445,0.004350398123811687,0.014916071950706713,0.0017374017714395507,0,1,158.22555975544395,0.7172161172161171
6.7,2.5044657686555882,0.5200730820405712,-0.07968229601091456,0.46617468806034107,-0.16509031401616203,6.6541002559386815,5.822843273281394,2.5096820776094173,0.5154193152020903,-0.0724156900856899,0.004264157368380117,0.013196760306921287,0.0019057170988342476,0,1,158.27516112750376,0.7575091575091575
6.72,2.513760153518778,0.519316288557977,-0.08296800503645164,0.46623135970715096,-0.1637133663805174,6.649767452175411,5.82040604888375,2.5186573011465474,0.51475201940078,-0.07583627813558286,0.004180124994246374,0.012573048659750966,0.0014046335714285596,0,1,158.31898625964385,0.5882783882783882
6.74,2.5230488719643662,0.5185293142205754,-0.08623882888136797,0.46598057439283497,-0.16361896740166457,6.649193744152082,5.81581059809017,2.5276301924156,0.51405406248883,-0.07924928262085909,0.004098519348688193,0.010751613069213052,0.0016213526122548783,0,1,158.35796928853733,0.6688644688644687
6.76,2.5323302509194447,0.517712356905394,-0.08951665973393724,0.46563728200849647,-0.16400870834834327,6.640669977621367,5.808337141707393,2.5366006523291764,0.513325522249517,-0.08265436224391394,0.004019292774923206,0.009740132210386087,0.001251311726920834,0,1,158.39322692143716,0.5318681318681318
6.78,2.5415982534741324,0.5168659414339676,-0.09279570277428349,0.46495753145646657,-0.16390705474933498,6.630243812094055,5.798146938691871,2.5455685827990995,0.5125664798219086,-0.08605117649962295,0.003942323073158437,0.00864363572331606,0.0011684140482139393,0,1,158.42222619564427,0.5076923076923076
6.8,2.5508494746528796,0.5159904678514806,-0.09607325041640104,0.4644372381468863,-0.16382713069811916,6.6287381803303225,5.7973337634335165,2.5545338867764498,0.5117770196852057,-0.08943938570939092,0.0038675144709447323,0.010124923725998703,0.0015909705452452627,0,1,158.45765119864728,0.6608058608058607
6.82,2.560092661871292,0.5150851857696958,-0.09934858003359005,0.46412304425758155,-0.16369959264220865,6.618096979639759,5.787337839322576,2.563496468291142,0.5109572296424885,-0.09281865105512067,0.0037947038281865206,0.010134851779147764,0.0011313066133807337,0,1,158.4923976361925,0.4915750915750915
6.84,2.569320249359116,0.5141509218807853,-0.10262226483091404,0.46333830704466245,-0.16386019494781207,6.610344089382219,5.775580116383588,2.572456232491016,0.510107200803876,-0.0961886346130934,0.0037238477296834497,0.008663444811418258,0.001304062618919688,0,1,158.52014981212574,0.556043956043956
6.86,2.5785299897527842,0.5131879601383478,-0.10590549198223727,0.4626536890051316,-0.16432255309825142,6.601961619090266,5.767608176601504,2.5814130856804365,0.5092270275691043,-0.09954899938776188,0.003654786838983768,0.009623390551620956,0.0012721473379705972,0,1,158.5499169402401,0.5399267399267399
6.88,2.5877234364407036,0.5121961564096575,-0.10919069533752804,0.461897707993872,-0.16397641338022473,6.585794173601261,5.75681731545359,2.5903669353583907,0.5083168076095381,-0.10289940934544867,0.0035872943800502183,0.008243388963519607,0.0010191092073899566,0,1,158.57647923094567,0.43516483516483506
6.9,2.5968950258215373,0.5111762744279406,-0.11246151966521856,0.46087023829663565,-0.16315756341395382,6.570915132786506,5.744503311916402,2.599317690256049,0.5073766418496213,-0.10623952944795026,0.0035213109914826644,0.008450540022531056,0.0009674471457457035,0,1,158.59914027848816,0.42710622710622703
6.92,2.6060430764761304,0.5101287681625231,-0.11571970215004287,0.45989049016776695,-0.162678987023808,6.557832989983074,5.7331044845632855,2.608265260373788,0.5064066344477787,-0.10956902568603956,0.0034568176259007427,0.00753967269121308,0.0010379765464400004,0,1,158.62287055460996,0.4593406593406593
6.94,2.6151686989846037,0.5090537331029358,-0.1189698682890133,0.458861799675516,-0.1622938812704348,6.540252118322971,5.717899741017968,2.617209557017659,0.5054068927767786,-0.11288756511286763,0.0033937295730315743,0.010121802725762083,0.0008212717573241601,0,1,158.64453682231198,0.37875457875457874
6.96,2.62426837980467,0.5079517921839596,-0.1222128449147786,0.4578589376693631,-0.1622733720205796,6.534655767770431,5.7076298863109605,2.626150492835271,0.5043775274035665,-0.11619481587725693,0.0033319634127979597,0.009229210747561603,0.0014083042295091053,0,1,158.66989793959314,0.5882783882783882
6.98,2.633350145947993,0.5068220945644774,-0.12546376816797827,0.45726190254091265,-0.16243134101190493,6.522697503907475,5.701797820183164,2.6350879818511,0.5033186520685794,-0.11949044725688733,0.00327130022853118,0.010974353930096612,0.0012348887650865947,0,1,158.70018795244073,0.5157509157509157
7.0,2.6424146891350357,0.5056646355940769,-0.1287033857548726,0.4564029420801355,-0.1616322257638878,6.506476007928795,5.6871847526562,2.644021939501188,0.5022303836645573,-0.12277412969136693,0.0032115679501337323,0.01008671852210926,0.0008726356193853868,0,1,158.72430484587315,0.3948717948717948
7.0200000000000005,2.6514551556459343,0.5044805266140915,-0.13193387846237276,0.4554880390372483,-0.1617077082931421,6.5029894897534115,5.678247827418465,2.6529522826672225,0.5011128422148535,-0.126045534815189,0.0031527608996484344,0.009424387769034155,0.0015117081185604953,0,1,158.75144739080193,0.6285714285714284
7.04,2.660479587961481,0.5032688103949988,-0.13517508860792687,0.45496428583508713,-0.16202959079321494,6.491036319674345,5.671581465278842,2.6618789297099883,0.49996615085126417,-0.129304335490567,0.0030946512332063005,0.007901428176819372,0.0011899463115368492,0,1,158.78258281937278,0.4915750915750915
7.0600000000000005,2.669486982250399,0.5020296669526222,-0.13840745874613036,0.45418155677753347,-0.1611642941791637,6.476883345131757,5.661838973250431,2.670801800502174,0.49879043579138427,-0.13255020584014932,0.0030370473289968477,0.0070322611888448275,0.0010775821102899097,0,1,158.80867873615912,0.45128205128205123
7.08,2.678473093750573,0.5007639188379912,-0.14162225670215572,0.4532170721569838,-0.16025873873270777,6.460227990297171,5.650045979072603,2.6797208164605157,0.49758582631550147,-0.1357828212796056,0.002979941109155959,0.008710697146984388,0.0009855366326758652,0,1,158.83146454529765,0.419047619047619
7.1000000000000005,2.6874346662406894,0.4994723115067064,-0.14482025988974884,0.45216678492304135,-0.15984702387494007,6.448555511981381,5.634790203978541,2.688635900577277,0.49635245474304185,-0.13900185855008607,0.002923328452975954,0.008886432324836,0.0011039439393235595,0,1,158.85350785270677,0.47545787545787543
7.12,2.6963729641935874,0.49815486515008994,-0.1480203724976421,0.45149107480188705,-0.15972529866973467,6.442815845611547,5.637178171880941,2.6975469774510334,0.49509045640857896,-0.14220699575054588,0.002867084659232427,0.01087555026027837,0.001645094836433103,0,1,158.88561000102558,0.6608058608058607
7.140000000000001,2.705300933839093,0.4968097918916486,-0.15120307749725942,0.4512904278195778,-0.15885320642475334,6.438064575158924,5.630778227204757,2.7064539733167754,0.4937999696374173,-0.14539791236993618,0.0028110041533343684,0.009369733407490368,0.0013823060966383638,0,1,158.92286599370993,0.5802197802197802
7.16,2.7142177329669814,0.4954374019781324,-0.1543797843994797,0.4509016903715912,-0.15837049362051409,6.429169705827128,5.631683170322423,2.7153568160752877,0.49248113572076463,-0.1485742893192539,0.0027550809390390995,0.008021944873044307,0.0015649411904881672,0,1,158.95775069115416,0.6285714285714284
7.18,2.7231236782336623,0.4940377966756475,-0.1575305544461122,0.45060243232729236,-0.1566429836389021,6.4206950442004365,5.631804391944515,2.7242554353218176,0.4911340988905036,-0.1517358089634512,0.002699264991692448,0.007608625427058814,0.0015450639599376426,0,1,158.99388938999434,0.6205128205128204
7.2,2.7320184287926463,0.4926113671364459,-0.16064841561349127,0.4500874252584105,-0.1553207507642103,6.408046767747349,5.621777021910059,2.7331497623740098,0.4897590062935779,-0.15488215515319836,0.0026436936099250895,0.008360534531877201,0.0010567940300438838,0,1,159.02394825051908,0.4432234432234432
7.22,2.740895231662794,0.4911595007403503,-0.16374890981035845,0.4496309947946089,-0.1546762661627369,6.40974639433395,5.627016412082817,2.742039730299102,0.48835600796600326,-0.15801301325649808,0.0025884725193732238,0.007319228836107137,0.001783726682522413,0,1,159.0616595382615,0.7172161172161171
7.24,2.749767327072,0.4896802006051998,-0.16683616957101186,0.4495914926692751,-0.15410899239004608,6.400263662290105,5.618814597780851,2.750925273940362,0.48692525680651716,-0.1611280701901494,0.002533487365679777,0.00972992546951022,0.0011475734483740174,0,1,159.1005344834333,0.4915750915750915
7.26,2.758625751255865,0.4881750999090696,-0.1699148385736271,0.44901298978408277,-0.15360450996244723,6.393492808641944,5.61689383819218,2.759806329942767,0.48546690854988184,-0.16422701445105448,0.0024787401456713774,0.010161450338744727,0.0014389049731957093,0,1,159.13224583149497,0.5882783882783882
7.28,2.767471847720474,0.48664411743283836,-0.17297617336552182,0.44876010439333425,-0.15204104982244646,6.383429770390589,5.622103787021173,2.7686828367779124,0.48398112173985114,-0.16730953614736999,0.0024241445482624108,0.011779595175992908,0.0017854790995185388,0,1,159.16991711291809,0.709157509157509
7.3,2.776310201904992,0.48508677174622733,-0.17599265343987122,0.44887922107442774,-0.14996275843682355,6.390383989422155,5.631643024121321,2.7775547347681333,0.48246805770181544,-0.17037532702949476,0.0023697848525127576,0.011125830468579342,0.00198692983766785,0,1,159.21934697766974,0.7897435897435896
7.32,2.7851520961363185,0.48350141295308635,-0.17898640606029165,0.44922748312469457,-0.1496619822737517,6.389461970938461,5.627690438686346,2.7864219661098413,0.48092788051513885,-0.17342408052089572,0.002315804895094922,0.010800195924229691,0.0015463880636771843,0,1,159.2676791952852,0.6366300366300366
7.34,2.793988620198665,0.48188969911328755,-0.1819809634171594,0.4489955139033272,-0.1490820009147494,6.379099674651384,5.632118270650737,2.7952844748960604,0.47936075698520086,-0.17645549174876402,0.0022621970178171497,0.010253112239112792,0.0017389365692804248,0,1,159.3055532489565,0.693040293040293
7.36,2.8028159239180765,0.4802524641882742,-0.18494116516501427,0.4487865929461762,-0.1475235812894632,6.378430529709265,5.627788597240438,2.804142207138157,0.4777668566151555,-0.17946925757450333,0.0022089338244358067,0.009675348616660685,0.0015662163370206983,0,1,159.34395304631815,0.6446886446886447
7.38,2.811635416440451,0.47858971731825833,-0.1878937598322078,0.44886230768443397,-0.1473784179898889,6.381815592726821,5.637943948284126,2.8129951107867552,0.47614635157742274,-0.18246507662404227,0.002156082005827724,0.010214170188884427,0.0019853878549543347,0,1,159.39161404221,0.7897435897435896
7.4,2.8204570480228113,0.4768996297187809,-0.19083022767534646,0.4492826434812692,-0.14622421531817145,6.381694815493079,5.643517597998141,2.821843135751832,0.4744994166849239,-0.1854426493179727,0.002103491645369225,0.009132737993331043,0.0017637772790439765,0,1,159.44325276300972,0.701098901098901
7.42,2.829278630547158,0.47518278043732504,-0.19374548319756002,0.4493789052318813,-0.14550776544302457,6.381491017432972,5.642598165752513,2.830686233921977,0.47282622936207586,-0.18840167790150614,0.0020512227595497804,0.009148797253893854,0.001586445641416967,0,1,159.48745519661492,0.6527472527472528
7.44,2.838094760846523,0.4734403393791919,-0.19665413721476063,0.4492096086527958,-0.1450345321196824,6.3729154684183085,5.641608733121816,2.8395243591828296,0.47112696961555633,-0.1913418664742505,0.00199927467145252,0.008178107950625136,0.0014676074340800316,0,1,159.52533061775412,0.5963369963369963
7.46,2.846900697191515,0.4716733600607245,-0.19954117043781577,0.44909512006930796,-0.14344487044193535,6.371952035385728,5.6513070797248135,2.8483574674346652,0.46940182000485403,-0.19426292101979833,0.0019475930557869027,0.010770721029679464,0.0020074362940207813,0,1,159.56859841151157,0.7897435897435896
7.48,2.855705473432733,0.46988030604362435,-0.2023925915613792,0.44947767938444944,-0.14198417580883665,6.376696277713348,5.65720430215614,2.857185516609137,0.46765096561261776,-0.1971645494351295,0.0018962240137926963,0.0094537721323099,0.0017975480403726873,0,1,159.62087832223358,0.7333333333333333
7.5,2.864513035648571,0.4680606008060952,-0.20522690680443814,0.4499342520188679,-0.14105231152223843,6.378640650975619,5.66991326729044,2.86600846668517,0.46587459401481573,-0.20004646155982028,0.0018452476367934567,0.009069691740533726,0.002109182217140404,0,1,159.6756406647668,0.8300366300366299
7.5200000000000005,2.8733249121114666,0.4662140682174749,-0.20803044564498765,0.4502689157569287,-0.13948964172242895,6.3764011201178645,5.671085974042794,2.8748262797039916,0.46407289525072076,-0.20290836920506009,0.0017946920921665483,0.010852576313750752,0.001565564223542315,0,1,159.7244482067845,0.6366300366300366
7.54,2.8821335771003107,0.4643425213769909,-0.2108126515793944,0.4503898310157337,-0.13864112254000102,6.379917447087121,5.679731640104491,2.8836389197833068,0.4622460617927322,-0.20574998618246895,0.001744697540765235,0.010196894510442775,0.001931855274703298,0,1,159.77248165581508,0.7655677655677656
7.5600000000000005,2.8909437748619764,0.4624450930198279,-0.21357620744768638,0.4508042706283684,-0.13765824498594806,6.381272381680208,5.686190110798109,2.892446353130607,0.4603942885160505,-0.20857102833271748,0.0016952320318328591,0.012143964150806666,0.00181505422881989,0,1,159.8246856916676,0.7252747252747253
7.58,2.899754921572904,0.46052205554747067,-0.21631753707805682,0.4510160836449174,-0.135953440315816,6.374322634614987,5.6955317194138,2.9012485480556074,0.45851777266821375,-0.2113712135539412,0.0016463118447127458,0.0102909986519148,0.001979948971122636,0,1,159.87224147940915,0.7816849816849816
7.6000000000000005,2.9085631985453726,0.45857453185080993,-0.2190101615220222,0.4510843719020566,-0.13361060785337855,6.3727703151662505,5.698603364142528,2.910045474981816,0.4566167138385127,-0.21415026182995173,0.0015980870191626647,0.01102264550464165,0.0016968959007749307,0,1,159.91702244817688,0.684981684981685
7.62,2.9173671886092953,0.4566032336393323,-0.22167261730966872,0.45106583265461797,-0.1327474018204484,6.369980629759337,5.697394176650927,2.918837106457222,0.454691313927295,-0.21690789525823714,0.0015507762896250945,0.011235736856646323,0.0014607369400866932,0,1,159.95870188060596,0.6043956043956044
7.640000000000001,2.9261643877831993,0.454608902618679,-0.22432339826048317,0.45110563351215394,-0.13218104334089711,6.372563667993376,5.704986083434236,2.927623417164114,0.4527417771151719,-0.21964383807775278,0.0015043717374879102,0.011501116961301254,0.001882720980184216,0,1,160.00490267145204,0.7494505494505493
7.66,2.9349618155839523,0.4525900491594782,-0.22695741855241386,0.4515223559149053,-0.13101863204332903,6.37387131358649,5.714775824823289,2.936404383928016,0.4507683098321397,-0.22235781669649646,0.0014587588550458983,0.011685154064875917,0.0019793710350738958,0,1,160.0580832647923,0.7816849816849816
7.68,2.943761407886018,0.45054640410672936,-0.22956401751169847,0.4517501455609633,-0.1298670148353897,6.37223763230573,5.714047873599826,2.945179985725737,0.4487711207266295,-0.2250495597188681,0.00141395387264047,0.010421571694568742,0.0014929440432422947,0,1,160.10466545135398,0.6205128205128204
7.7,2.952556143773465,0.44847978326825755,-0.2321563830783889,0.4517682805444679,-0.12894593816211805,6.370038668685273,5.723139676973135,2.9539502036925502,0.44675042063449566,-0.22771879797280856,0.0013700001606421362,0.015007179329539148,0.001966923479319649,0,1,160.1497838079615,0.7816849816849816
7.72,2.961349429550273,0.44638955750240894,-0.23471687729470458,0.4521216990618401,-0.12724951906367635,6.3740155985215114,5.731800686106206,2.962715021128474,0.4447064225479574,-0.2303652645367167,0.0013268618436024864,0.01735315418228373,0.00194076101822388,0,1,160.20231562902072,0.7736263736263734
7.74,2.970145834526051,0.44427490148394533,-0.23725338400782167,0.45260090450831497,-0.12659034629955537,6.380621714465929,5.737808663437975,2.9714744235036834,0.4426393415845042,-0.2329886947661417,0.001284614953919395,0.017547454952018756,0.0018935582797141026,0,1,160.25717677388621,0.7655677655677656
7.76,2.9789456980840945,0.4421358241000201,-0.2397818867293108,0.45295182495647374,-0.1255329525901122,6.374021004420183,5.748267845656979,2.9802283984630282,0.44054939495577583,-0.23558882632024658,0.0012432050588382512,0.01633411740372031,0.0020195244599210405,0,1,160.30791487695197,0.7978021978021977
7.78,2.987744156711221,0.4399736838346304,-0.2422661521678197,0.4530771853414547,-0.12334475892602786,6.374907803435757,5.750678996802024,2.988976935829674,0.43843680193643125,-0.2381653991880429,0.0012026619474393933,0.013384892575871834,0.0016592436146423695,0,1,160.35433472375468,0.6688644688644687
7.8,2.9965394523759503,0.4377892673750233,-0.24472692965954917,0.45313376486851087,-0.12247950680161747,6.370073091079631,5.753933297720031,2.9977200276078504,0.4363017838330164,-0.2407181557143908,0.0011631456571472168,0.012995771215440183,0.0016823387527987732,0,1,160.39806608414113,0.6769230769230768
7.82,3.0053291776007827,0.43558335875372867,-0.24716218626247166,0.45315839055306395,-0.12098048844234453,6.368843112645993,5.760155485532913,3.0064576679847317,0.43414456395284134,-0.24324684062576518,0.001124635508923642,0.012893539018441213,0.0018395636659499504,0,1,160.4428598830965,0.7333333333333333
7.84,3.01411623198728,0.4333554915578343,-0.24956737859754075,0.4533579991081674,-0.11936799549194814,6.366564039153725,5.767613648604825,3.015189853331426,0.4319653675728796,-0.24575120105578188,0.0010871614961789425,0.010799063828386628,0.0018929436806646716,0,1,160.4908319694648,0.7575091575091575
7.86,3.022901293844496,0.4311057812874769,-0.25193762647088924,0.4534163571793957,-0.11769553292140843,6.361177949298969,5.768510971280349,3.0239165822030873,0.4297644219086988,-0.24823098657048515,0.0010507990468242752,0.010384202118010579,0.0015841169216980755,0,1,160.53410161676618,0.6446886446886447
7.88,3.0316786594989438,0.42883599387110394,-0.254280523978448,0.45309730844595353,-0.11678393664418342,6.353723119321198,5.761569664374477,3.032637855338157,0.42754195608343537,-0.25068594919338966,0.0010156430873103806,0.008966804765083174,0.00124297754074143,0,1,160.56886944640894,0.5238095238095238
7.9,3.040441712112926,0.4265480467280137,-0.25661227654772245,0.45260978932530216,-0.11599040523184534,6.343736171602539,5.761947452103804,3.0413536756567208,0.4252982010968211,-0.2531158434302792,0.000981646118501239,0.009506451482433993,0.0015744465765337723,0,1,160.6020499320841,0.6366300366300366
7.92,3.049192105361975,0.424241709203098,-0.2589143374818287,0.45237132733709345,-0.11417202213467267,6.338783726959316,5.765489400987662,3.0500640482580046,0.4230333897942745,-0.2555204262937548,0.0009487048902440511,0.008451362519235325,0.001733061942569003,0,1,160.64099328493202,0.693040293040293
7.94,3.057935436452222,0.42191584768054113,-0.26118317955348747,0.45242446140261877,-0.11288340801086683,6.34023960322616,5.7693803381531445,3.0587689804169957,0.4207477568360645,-0.2578994573275341,0.0009168641500867383,0.007869506409873692,0.0017269114809317365,0,1,160.6862623192594,0.693040293040293
7.96,3.0666759818109,0.41956956875632473,-0.2634334473212462,0.4524715732787408,-0.11175977488751793,6.331366204782656,5.771957783563172,3.0674684815802022,0.4184415386665575,-0.2602526986304961,0.0008861138534409224,0.008852726712085894,0.0016596177171255277,0,1,160.72892408341184,0.6688644688644687
7.98,3.0754085228178694,0.41720449877807414,-0.26564895961532015,0.45227137122356914,-0.109755755446357,6.325466521652743,5.775183550729897,3.0761625633605503,0.4161149734835573,-0.2625799148804716,0.0008564517106070203,0.009954605806620836,0.0017209886159809673,0,1,160.76823450064973,0.693040293040293
8.0,3.084133216983376,0.4148209617864109,-0.26783007558015076,0.45213997448022386,-0.1089377376994424,6.326182388577929,5.76915784359105,3.084851239531422,0.4137683012077466,-0.2648808733577748,0.0008279734576765295,0.010633547205210078,0.001625534500226733,0,1,160.80808085321988,0.6688644688644687
8.02,3.0928487495103267,0.41241948972876163,-0.27001577589328984,0.45178219693532384,-0.10903997189430471,6.31312121563994,5.765828044414281,3.0935345260198446,0.41140176345223844,-0.2671553439684757,0.0008005859118705867,0.0129167147595844,0.0013725010556651096,0,1,160.84202457986225,0.5641025641025641
8.040000000000001,3.101549877002888,0.4100015732818815,-0.272181236286422,0.45153343807713575,-0.10756578121726149,6.315926938217629,5.773935409323246,3.1022124408988336,0.4090156034922482,-0.2694030992674085,0.0007740603654713995,0.012065760632732025,0.0019492160533873815,0,1,160.88414263312814,0.7736263736263734
8.06,3.110249646793816,0.4075638413922948,-0.27432179236860166,0.4519068844402618,-0.10630743796813462,6.3144825375222995,5.780877755930193,3.1108850043788903,0.4066100662348921,-0.2716239144809163,0.0007483423957309423,0.012219365283102688,0.0018573604684482548,0,1,160.93522578616282,0.7413919413919413
8.08,3.1189481795722087,0.4051064904215083,-0.2764328091757042,0.45180637974010257,-0.10479105270320888,6.30342775852967,5.776324777368674,3.1195522387986583,0.4041853981891216,-0.27381756752932845,0.0007234346066666913,0.01094708957945885,0.0013282785761576377,0,1,160.9735324860704,0.5479853479853478
8.1,3.127633836066466,0.40263309447599577,-0.27851611377800384,0.45143479140908027,-0.10341639888119636,6.300319668732884,5.7811551625504345,3.128214168614759,0.4017418474358024,-0.27598383904916823,0.000699383139604162,0.010235581080463178,0.001800961569629611,0,1,161.01113104832527,0.7172161172161171
8.120000000000001,3.136313225071604,0.40014205082651044,-0.28056983429338417,0.45156671802337695,-0.10189798227782784,6.29896628564502,5.787193854547646,3.136870820390795,0.39927966359794326,-0.27812251241508906,0.0006761596912554587,0.011137285499998179,0.0018334377004837754,0,1,161.0575953373528,0.7333333333333333
8.14,3.144990229826506,0.39763252367818835,-0.28259602516940996,0.4516025997942908,-0.10108144951144168,6.297623830524736,5.782881547511603,3.145522222785534,0.3967990978110833,-0.2802333737615362,0.0006537761157748061,0.012622995903284827,0.0015137120878904176,0,1,161.1000422841178,0.6285714285714284
8.16,3.153659201219071,0.3951063019632544,-0.28461986220078056,0.4513071135114297,-0.1009557596744792,6.289236326470301,5.781013165099538,3.1541684065402835,0.3943004026938449,-0.28231621200413415,0.0006321410602601302,0.013943525957921653,0.0014504682091866505,0,1,161.13590766659777,0.5963369963369963
8.18,3.1623156003701567,0.39256477694800046,-0.2866291269988562,0.45072549453845684,-0.10010307171680341,6.276576101377562,5.769514303029441,3.162809404465459,0.3917838323186584,-0.28437081886079446,0.0006110420995746638,0.01176202579068613,0.0010076618149438832,0,1,161.16472095740946,0.43516483516483506
8.2,3.170952179284856,0.3900102683588316,-0.2886265088970201,0.4500492542818003,-0.09928293160151605,6.268523593582522,5.771081526190878,3.1714452514263525,0.389249642182664,-0.28639698887254356,0.0005903525053422114,0.010915969553977677,0.0016456171868035607,0,1,161.1958348952987,0.6608058608058607
8.22,3.1795767891200177,0.3874406630593856,-0.2905954576500094,0.4499017733438347,-0.09750760212633355,6.2630616242175545,5.774908806803181,3.1800759843281146,0.3866980891787992,-0.288394519424069,0.0005699290507407842,0.010278930397014626,0.0017428315704072217,0,1,161.23599323550204,0.701098901098901
8.24,3.188194622329972,0.3848547513394201,-0.2925284302373805,0.4498294748403789,-0.09571010400475453,6.257288549081428,5.778065719832594,3.1887016420999514,0.384129431567075,-0.2903632107639798,0.0005497979641432945,0.012353804855400809,0.0017103739079690206,0,1,161.27718368343707,0.684981684981685
8.26,3.1968060446552347,0.3822527651695661,-0.2944286025970447,0.4498135047116762,-0.09480016222536312,6.2612537877965435,5.777330412008407,3.1973222656785403,0.3815439289460474,-0.29230286602478267,0.0005300160872522663,0.01100340944639638,0.0017684985502455786,0,1,161.32066014205057,0.7172161172161171
8.28,3.205413783580351,0.3796340525229219,-0.29632808699230456,0.4498631019754035,-0.09454446186917112,6.254252751063111,5.781877158754321,3.2059378979906876,0.37894184222448896,-0.29421329124256806,0.0005104800349250701,0.010304163133445324,0.001741132686313096,0,1,161.36401213469682,0.701098901098901
8.3,3.2140156556336383,0.37699935669879747,-0.29819907800826445,0.4497829670849803,-0.09229391307140766,6.246732596681141,5.788509155042755,3.2145485839352266,0.37632343359326575,-0.29609429537640625,0.0004910078492830478,0.012879401139434267,0.0018910630267938155,0,1,161.40577461681144,0.7494505494505493
8.32,3.222612067883381,0.3743489469927467,-0.3000219529393857,0.44985011822020554,-0.09044998227767159,6.249842872505137,5.791525040309325,3.223154370364158,0.37368896649742367,-0.29794569032745105,0.00047170608191173945,0.014136591966499159,0.0017026005849221093,0,1,161.4515331159858,0.693040293040293
8.34,3.2312067531171085,0.37168200523581113,-0.3018273215221339,0.449975524629334,-0.08974520724103087,6.244351981997815,5.794911791790249,3.2317553060630626,0.3710387056084878,-0.2997672909577504,0.0004526253068660789,0.011748987386915027,0.0016944491307305798,0,1,161.4961579901902,0.684981684981685
8.36,3.23979573920359,0.36899992343674226,-0.3036071428692927,0.4497160816654449,-0.08823392666365779,6.234132881954179,5.791182959281897,3.2403514417307697,0.3683729167969786,-0.30155891510875915,0.0004336640107237379,0.010359043769531739,0.0013870863467923544,0,1,161.53183943416943,0.5721611721611721
8.38,3.2483725722110486,0.3663050010088254,-0.3053592541764198,0.44952522038951837,-0.0868866336388392,6.236033938746672,5.800329926034093,3.248942829958312,0.3656918671051501,-0.3033203836195555,0.0004148136710064403,0.00973957938120313,0.0020079844544180214,0,1,161.57470724525206,0.7978021978021977
8.4,3.2569482724810075,0.3635940384540252,-0.30708347321311347,0.4496737497251391,-0.08547982939857258,6.227186284853327,5.798306850024378,3.2575295252071665,0.36299582471995034,-0.30505152034475586,0.0003960203006535034,0.01229250746083127,0.001440431612418025,0,1,161.6181912405641,0.5882783882783882
8.42,3.265515575065621,0.36086959804800783,-0.30878139298648644,0.4495205406699022,-0.08448223259835617,6.231515595496353,5.803894865027452,3.266111583786789,0.3602850589462093,-0.3067521521721305,0.0003772792479607499,0.011714390872150008,0.001823198400844328,0,1,161.6611858831785,0.7333333333333333
8.44,3.27408236276748,0.35812935961486925,-0.31046525694116944,0.44991708301633193,-0.08334010398727519,6.228884803689946,5.815849414360986,3.274689063831459,0.35755984018005577,-0.30842210903991385,0.00035847844631827896,0.012923404923815593,0.002106242818324222,0,1,161.7136988973536,0.8300366300366299
8.46,3.2826514790115278,0.3553726233562296,-0.3121090030290024,0.45026594770759065,-0.08136703902288969,6.2324192201910185,5.821987776060099,3.28326202527644,0.3548204398825647,-0.3100612239538109,0.0003395645356552107,0.012299288484636527,0.0018428729112657805,0,1,161.76542362136888,0.7413919413919413
8.48,3.291222146519952,0.3525999627033196,-0.31372765622854715,0.45039622794269757,-0.08003818905575726,6.22214547008516,5.8253474349974805,3.2918305298334767,0.3520671305536389,-0.311669333003696,0.00032060238493632025,0.010697832978061227,0.0017120856027073028,0,1,161.80948543456952,0.684981684981685
8.5,3.2997858358685863,0.34981440627654997,-0.3153055131338887,0.45017241337795455,-0.07785266434638287,6.217041878363996,5.827689897640052,3.3003946409656177,0.34930018570612387,-0.3132462753800042,0.00030159528286417077,0.010949203737969213,0.0016963351708620955,0,1,161.8483802159981,0.684981684981685
8.52,3.3083429007695173,0.34701623799277476,-0.31684735161535316,0.4501954354529584,-0.07618766683797834,6.215110476592535,5.83531056872942,3.308954423861396,0.3465198798401591,-0.31479189338981217,0.00028262860450028104,0.011582507969918367,0.0019285139009639352,0,1,161.8932425379799,0.7655677655677656
8.540000000000001,3.31689806414134,0.34420424050029125,-0.31835311256073046,0.4502208734897036,-0.07422139957316078,6.205137906973688,5.836574879825171,3.3175099454083696,0.3437264884177655,-0.31630603247260697,0.00026372070028121583,0.010381293063401737,0.0016243084160847965,0,1,161.9351106983773,0.6527472527472528
8.56,3.3254449961175525,0.3413808675265828,-0.319817005577411,0.4499228220888511,-0.07206228806406378,6.197103856404055,5.83944609112141,3.3260612741660336,0.3409202878376703,-0.3177885412157419,0.00024495158164120274,0.00856925973251193,0.0017274694774267463,0,1,161.97231030984523,0.693040293040293
8.58,3.3339836952986226,0.33854653715204913,-0.32123800056460927,0.44977470538211706,-0.06995561272962332,6.190813898610532,5.843487749977224,3.3346084803381117,0.3381015554103696,-0.3192392713695781,0.00022641353111086147,0.007313909874738427,0.0017784422848031722,0,1,162.0125207935889,0.709157509157509
8.6,3.342516935965584,0.3357007359255299,-0.3226195809805813,0.44985785695913477,-0.06853330896496025,6.1954628022649985,5.848370358005238,3.3431516357442495,0.3352705693334268,-0.3206580778623092,0.00020818846644307407,0.008843930601251833,0.001791248594600503,0,1,162.05933854146514,0.7252747252747253
8.620000000000001,3.351051384869961,0.33284150455445777,-0.32398592184715064,0.4501897571191687,-0.06758638901555321,6.192193309027093,5.85796782091067,3.3516908137911052,0.3324276086670095,-0.3220448188144684,0.00019023390777550816,0.011253405485377257,0.0019992433620866223,0,1,162.10986858398095,0.7897435897435896
8.64,3.359586664599163,0.3299691587817188,-0.3253164095782864,0.4503157087932053,-0.06558496211897846,6.18842569269993,5.860566382867811,3.3602260894428695,0.32957295330966163,-0.3233993555531158,0.00017246262630783742,0.011356413144195455,0.0016879127244863734,0,1,162.15500797908058,0.6769230769230768
8.66,3.368118058419074,0.32708563486167425,-0.3266139198658577,0.4501908137982866,-0.06379468893570006,6.178295724739023,5.86447158880789,3.368757539191203,0.32670688397431114,-0.3247215526257064,0.00015493413395447714,0.010320649838829767,0.00176554626008818,0,1,162.19480670490245,0.709157509157509
8.68,3.3766427939803187,0.3241922249621147,-0.32786677087347565,0.4502190739199388,-0.06177373371792206,6.183006179978974,5.872794359609849,3.3772852410246306,0.3238296821645111,-0.32601127781363487,0.00013769213898125152,0.013325287675271523,0.001977512457205066,0,1,162.24198404505202,0.7897435897435896
8.700000000000001,3.3851702207540244,0.3212861181687308,-0.32909363016248544,0.45061492476299725,-0.0607908163893342,6.182145453499227,5.8780398203157755,3.385809274397374,0.3209416301509135,-0.32726840214545727,0.00012077530049381006,0.012917023223076862,0.0017883168746594125,0,1,162.2931093292831,0.7172161172161171
8.72,3.3936980748428214,0.31836827997841727,-0.3302995516943344,0.4506321535026576,-0.06001819620306794,6.179927353042075,5.875226547423736,3.3943297201976685,0.31804301094797366,-0.32849279990978775,0.00010409739277484945,0.012497058816578442,0.0014589406969151009,0,1,162.33521404406088,0.6043956043956044
8.74,3.402220010403893,0.31544102575341293,-0.3314958306761943,0.4504216937693237,-0.058786777294476365,6.167215410145152,5.882046908282145,3.402846660715542,0.3151341082908818,-0.32968434866787033,8.751376939200689e-05,0.01190518682459916,0.0019013120377876502,0,1,162.37398630781658,0.7575091575091575
8.76,3.4107342515111156,0.31250522420180193,-0.3326397059464177,0.45015541647698704,-0.05575027352917506,6.1574642349329505,5.882617876627796,3.4113601796101016,0.31221520661272156,-0.33084292926582215,7.096289623527403e-05,0.012555240342418483,0.0016334762406409187,0,1,162.41140693730247,0.6608058608058607
8.78,3.4192391044073265,0.3095620083205158,-0.3337357261667006,0.4497996543949667,-0.054036608234753494,6.150607238232584,5.879868548450158,3.4198703618763147,0.3092865910218504,-0.33196842584654895,5.465052427324781e-05,0.011961125442402737,0.001457442303398282,0,1,162.44652067507172,0.5963369963369963
8.8,3.427734928411566,0.30661161062218084,-0.3348057507314628,0.44974314552189465,-0.05250324386776273,6.149525468300403,5.893202788853522,3.428377293811314,0.3063485472795012,-0.3330607258613306,3.8593918297579946e-05,0.011909617612673397,0.0022226799769943795,0,1,162.49216826855994,0.8783882783882783
8.82,3.436233047699626,0.30365040552934885,-0.3358315584717675,0.450103392265251,-0.05026818429694771,6.147786292158258,5.897692464173828,3.436881062980226,0.3034013617775992,-0.3341197200810757,2.2762832192349926e-05,0.010746181613260951,0.0017744975642062233,0,1,162.54266158957589,0.709157509157509
8.84,3.4447313915755386,0.30067950939886573,-0.3368243830773455,0.4501501244725261,-0.048968162419382476,6.144706381155298,5.900861927451589,3.445381758181553,0.3004453215167931,-0.33514530260724484,7.248526836955364e-06,0.013508790508218956,0.0017184709460257297,0,1,162.5864444914927,0.693040293040293
8.86,3.453227154424983,0.2977001637654203,-0.33779036050507455,0.4501550187037068,-0.04724460613256704,6.137816078956021,5.908025165175472,3.4538794694121067,0.2974807140846951,-0.33613737088244017,-7.993251164512178e-06,0.011521112653876068,0.0019233438496413235,0,1,162.62990409516001,0.7655677655677656
8.88,3.461720254357193,0.29471272645384566,-0.33871213770235714,0.4501609591664919,-0.045182229248083704,6.1355746793338115,5.910137668948403,3.4623742878315094,0.2945078276343262,-0.3370958257006608,-2.295316174134976e-05,0.011697764974442047,0.001683989561774235,0,1,162.67324435742196,0.6769230769230768
8.9,3.4702108459246785,0.29171751858150063,-0.33960607486360816,0.4502223304138958,-0.04412689467349695,6.134985916638493,5.9152989592634055,3.470866305726288,0.2915269508627624,-0.33802057121722356,-3.757974168211759e-05,0.010390139285028861,0.0018092015188240218,0,1,162.71829507208227,0.7252747252747253
8.92,3.4787011759129314,0.2887139657524069,-0.3404769312064861,0.4503448948132523,-0.04271474956167635,6.1303450822503365,5.920826112593575,3.4793556164735557,0.2885383729899778,-0.3389115149583475,-5.1971242912915444e-05,0.008640296271788271,0.0018328660479843273,0,1,162.7637409379753,0.7333333333333333
8.94,3.4871899599554306,0.2857027888159437,-0.3413125785400212,0.4503363794217939,-0.04064974960800843,6.1233044538038985,5.926084428218129,3.4878423145043094,0.2855423837378783,-0.3397685678304009,-6.617447088174921e-05,0.008747260409101352,0.0018434051200873491,0,1,162.80659161402068,0.7333333333333333
8.96,3.4956755010168976,0.28268497700411577,-0.34210270491889405,0.45031151794989055,-0.03821043432850784,6.1175020197831325,5.933330991392802,3.496326495266351,0.28253927330952294,-0.3405916441288108,-8.012718406530771e-05,0.011089770487526398,0.0019482889269861192,0,1,162.8501254797623,0.7736263736263734
8.98,3.5041594253968094,0.27966040848555745,-0.3428469715822734,0.45041049682983836,-0.03696669875050798,6.123615468127348,5.931534337283194,3.5048082551868456,0.2795293323685264,-0.34138066154663327,-9.370853525717869e-05,0.010260748352256226,0.001836990517116166,0,1,162.89619162530505,0.7413919413919413
9.0,3.512643456867998,0.276628702069792,-0.34359327055250516,0.4504670331666595,-0.03681910576948534,6.1142583444656475,5.937355759660799,3.513287691634537,0.2765128520186373,-0.34213554118278394,-0.00010700509870015427,0.010021096013752586,0.0018302789041026446,0,1,162.93981732897495,0.7333333333333333
9.02,3.521123960748703,0.27359122988290874,-0.34430570727320225,0.45036132728220485,-0.034510247357894465,6.109700618569149,5.941044115567785,3.5217649028816207,0.27349012378348647,-0.3428562075499284,-0.00012024936685835173,0.011952240692269104,0.001773928383379031,0,1,162.9812879820526,0.709157509157509
9.040000000000001,3.529601062980264,0.27054834586260423,-0.34498001067163214,0.45025842624128537,-0.03293111540488795,6.103408260728704,5.941255917272305,3.530239988065299,0.27046143958650004,-0.3435425885820304,-0.0001333776924188866,0.011526991771521047,0.0015926794810662281,0,1,163.02129546643593,0.6446886446886447
9.06,3.53807350711209,0.26750081561261413,-0.345626471582037,0.45030960444931356,-0.031705551525461804,6.107876432970673,5.951033910593267,3.5387130471490384,0.26742709173097157,-0.34419461564155873,-0.00014640572685076404,0.01000516391731903,0.0020419936350192236,0,1,163.06896580599735,0.8139194139194137
9.08,3.5465500735458217,0.26444571806506334,-0.34624999020682784,0.4504727305317159,-0.030544045779552546,6.097439257431452,5.947326706239209,3.5471841808835234,0.2643873728802852,-0.3448122235263508,-0.00015943001114340026,0.008345659274433433,0.001380141134339763,0,1,163.112365986944,0.5721611721611721
9.1,3.5550196816981137,0.26138727234924286,-0.34684786076119245,0.45023091111370983,-0.029027014176441265,6.09719283586572,5.957212693415964,3.555653490767337,0.26134257603828537,-0.3453953504761328,-0.00017253129445807724,0.009202057467492471,0.0020751735860112808,0,1,163.154343746011,0.8219780219780218
9.120000000000001,3.563490311807766,0.2583228863015464,-0.34740946142198303,0.45042578358433644,-0.02690859506528938,6.08825917099688,5.961148121416067,3.5641210790073807,0.25829299452978494,-0.3459439381786957,-0.0001857627396065342,0.009924320782477836,0.0017729585842735651,0,1,163.2003149613876,0.709157509157509
9.14,3.5719583395049868,0.2552542684301718,-0.34792621665342827,0.4503536763285452,-0.025100110869818223,6.089707817395186,5.96448712791624,3.57258704847904,0.2552389219812073,-0.34645793177572637,-0.0001990550791568239,0.009594585338321164,0.001751879330438244,0,1,163.24355746520587,0.709157509157509
9.16,3.5804265733693112,0.2521807415543332,-0.34841906913115384,0.4504711747465927,-0.02335406755664316,6.07839817262218,5.9750057919231985,3.581051502686113,0.252180652301353,-0.3469372798682934,-0.00021240401120445636,0.010051360973387961,0.0020915324834093196,0,1,163.2894353352598,0.8300366300366299
9.18,3.5888937497121036,0.24910312106966265,-0.34885095120751397,0.4504731686437375,-0.020132799264487005,6.075292668648764,5.980257309376089,3.589514545720527,0.24911847966228431,-0.34738193452198707,-0.00022578329558368236,0.009843124051770014,0.0018713614197217177,0,1,163.33417140734537,0.7494505494505493
9.200000000000001,3.597360432706959,0.246021777183162,-0.3492366853361177,0.45045882603929094,-0.018498430483529484,6.06991157174956,5.980635130955988,3.597976282221837,0.24605269848032296,-0.3477918512717126,-0.00023896545816024718,0.008986050164474499,0.0016035105742787104,0,1,163.37599197909063,0.6527472527472528
9.22,3.6058237534615865,0.2429380914840479,-0.3495948432014661,0.4503630223034529,-0.017171107040649985,6.06695178263556,5.985803388573308,3.606436817336543,0.24298360339715064,-0.3481669891261364,-0.00025194346660438276,0.009404932583318244,0.0018347421772687555,0,1,163.41801009659963,0.7333333333333333
9.24,3.614285953030353,0.23985151246020278,-0.34992197707892536,0.4502679478269323,-0.015173721018431511,6.05397846736834,5.987699298336246,3.6148962566772167,0.2399114892610069,-0.34850731057178586,-0.00026478699267178,0.0082701258979142,0.001692506541788097,0,1,163.45767909370406,0.684981684981685
9.26,3.622741583502317,0.23676440894672365,-0.35019957297925225,0.4499567661920242,-0.012623686684624729,6.047773628740467,5.991642394650196,3.6233547062814773,0.23683665110797575,-0.3488127815767999,-0.00027744620581907087,0.009640165647355717,0.001814913876819202,0,1,163.49581277861108,0.7252747252747253
9.28,3.631194377481652,0.23367589276839013,-0.35043391765068455,0.4501313639140536,-0.011066097529403528,6.0542734022016935,6.00020186010258,3.631812272570812,0.2337593841433544,-0.3490833715943326,-0.00028979846889018484,0.008692231448891237,0.0019863341242264965,0,1,163.5459095490876,0.7897435897435896
9.3,3.6396543205935337,0.23058261967601792,-0.35064836466124855,0.45054000091478985,-0.009980746004742965,6.049739527923177,6.007191526549642,3.6402690623092626,0.23067998372309526,-0.3493190535656078,-0.00030188415226402494,0.00779551230146115,0.0018957053173344063,0,1,163.59714827654508,0.7575091575091575
9.32,3.6481164128121897,0.22748664253387646,-0.35082932905460984,0.4503865730674982,-0.008295395560768307,6.04095773257689,6.00232123739303,3.648725182561987,0.2275987453353146,-0.3495198039226246,-0.00031379594185944126,0.008497380172374626,0.001363644893525029,0,1,163.63497425681652,0.5641025641025641
9.34,3.6565710227842536,0.2243917913059759,-0.3509850368213882,0.4500665989731545,-0.006886293959798503,6.035446488449271,6.009543154886513,3.6571807406537293,0.2245159645818589,-0.3496856025905147,-0.00032554920634221654,0.009814219872049269,0.0019575334956956625,0,1,163.67361177482138,0.7816849816849816
9.36,3.6650244356874286,0.221296052414186,-0.351099991931495,0.4501959524279989,-0.004417214481335353,6.030779203575391,6.018671611923135,3.665635844127188,0.22143193715992182,-0.3498164329895494,-0.00033720015328426306,0.011783857449144475,0.0020436892176898813,0,1,163.72070771892652,0.8139194139194137
9.38,3.673480472554064,0.2181984806163528,-0.3511659660875739,0.45036399521308584,-0.0026747404808900475,6.0336823416578795,6.020235379858831,3.674090600701306,0.21834695884370317,-0.34991228203679786,-0.0003486421893373522,0.014393047191461547,0.0016618589676955509,0,1,163.76802560704493,0.6769230769230768
9.4,3.6819397596363284,0.2150991772996389,-0.3512159647369429,0.4506239468549739,-0.0016290973685954694,6.030977107144759,6.034068966990475,3.682545118229508,0.21526132546610235,-0.34997314014743525,-0.00035987991657196754,0.012660816628636521,0.002240754169344772,0,1,163.818893357332,0.8864468864468864
9.42,3.690405069306213,0.21199735957576465,-0.35122139030612404,0.4507778559799403,0.0009948329714593634,6.021950277628935,6.0345719438544,3.690999504657886,0.2121753329004375,-0.34999900123570127,-0.0003710133668197778,0.012651610566785184,0.0016260215445623727,0,1,163.8638306974497,0.6608058608058607
9.44,3.698867610681099,0.2088967166916759,-0.35118281182700467,0.450593557506949,0.0029673998910142397,6.0184328690675795,6.041142441724491,3.6994538679833484,0.2090892770421834,-0.3499898627155085,-0.0003819073689738439,0.012297139440492232,0.0019283196430950889,0,1,163.905048829729,0.7736263736263734
9.46,3.7073302310872105,0.20579659551911886,-0.3511045676797831,0.45055034409844474,0.004984062876882103,6.008425471533829,6.04188239496201,3.707908316211763,0.20600345379071852,-0.3499457255007015,-0.00039251551359650795,0.011303061540265412,0.0016438635770983923,0,1,163.94589586175098,0.6688644688644687
9.48,3.7157886836120833,0.20269893786520948,-0.3509861086912191,0.4502886991286342,0.006708564024877993,6.005135302694166,6.0431150506220535,3.716362957316084,0.20291815903107385,-0.3498665940049649,-0.00040278563307359746,0.015462119545949985,0.0016703025032929752,0,1,163.98438536030537,0.6769230769230768
9.5,3.724245290536198,0.19960322164416758,-0.35084104733378707,0.4502972958351069,0.008116071418205343,6.001084722635608,6.050496921941603,3.7248178991944987,0.199833688615676,-0.3497524761413823,-0.0004127270446985977,0.01395619491889874,0.0019479197410542382,0,1,164.02861996675554,0.7816849816849816
9.52,3.732704663383124,0.19650804291684815,-0.35065802628834664,0.4506094641213802,0.010353572674928651,6.002939428793384,6.064815987104494,3.7332732496285956,0.19675033834607514,-0.3496033833216449,-0.00042239377160614006,0.014337542627706253,0.0022845561032204253,0,1,164.08202570594676,0.9025641025641025
9.540000000000001,3.7411742085803925,0.19341111039155182,-0.3504287361090501,0.4511705731396088,0.012541434095140268,6.0044985867065686,6.074968087857691,3.741729116241579,0.19366840395465054,-0.34941933045491064,-0.0004317196469408612,0.015868774327796133,0.0020691609716413373,0,1,164.13882995433048,0.8219780219780218
9.56,3.749653003030127,0.19031318005624664,-0.35016320707672377,0.4514593904221361,0.013701038670981701,6.005637204375793,6.075438813417168,3.750185606456531,0.19058818108628517,-0.3492003359463126,-0.0004406321935263663,0.014025903981340387,0.0015953232366649472,0,1,164.18754820828875,0.6527472527472528
9.58,3.758134562541709,0.18721685586953166,-0.34988532438793163,0.45135410587266117,0.014807645206419444,5.992428547218377,6.079419268623784,3.75864282745475,0.1875099652800015,-0.3489464216951193,-0.00044922451727374003,0.013975812061800052,0.0017888866849029572,0,1,164.2274915600723,0.7172161172161171
9.6,3.7666126674826303,0.18412464187468455,-0.3495616299209572,0.45125227529053724,0.0173334170259699,5.993748313433844,6.0875355005901675,3.767100886134174,0.18443405195055104,-0.3486576130925442,-0.00045758685236596975,0.012770086236655454,0.0020195380187910117,0,1,164.27222434101336,0.8058608058608059
9.620000000000001,3.775095501657398,0.18103400264169356,-0.3492001965301032,0.45148635483592275,0.0190563835994062,5.987436696180028,6.09266640275468,3.775559889067895,0.18136073636994787,-0.3483339390192069,-0.00046562139555507344,0.011065355603475775,0.0018429124867910263,0,1,164.3197085733526,0.7413919413919413
9.64,3.7835797088949428,0.17794651110374296,-0.34879984286383436,0.4512657123051136,0.0207182593568419,5.979961153622666,6.08765097447877,3.784019942462796,0.17829031364894063,-0.34797543184224494,-0.00047331431169897594,0.009993016630582621,0.0013716415029941809,0,1,164.35674200515874,0.5721611721611721
9.66,3.7920583407270203,0.17486500387177026,-0.3483770944239657,0.4509591821852407,0.02209394558382912,5.972431057405361,6.095264638893008,3.7924811521183157,0.17522307871841344,-0.3475821274120774,-0.00048068198207301834,0.012370200541081039,0.0019878160708073356,0,1,164.3954334157906,0.7897435897435896
9.68,3.8005365616502957,0.1717878828546012,-0.34791118540099714,0.45094444412354506,0.024161664120656574,5.969664336295323,6.095327848323533,3.8009436233853497,0.17215932631070865,-0.3471540650588194,-0.00048777668854516206,0.011366853671493735,0.0016144283177951801,0,1,164.4381411209575,0.6608058608058607
9.700000000000001,3.8090148361186866,0.16871534941532576,-0.34741830795824785,0.4508280138817094,0.025723108220888243,5.959417338675016,6.102046482034826,3.809407461125311,0.16909935094086323,-0.3466912875883496,-0.0004945634443730508,0.010819323770228585,0.001938081708933781,0,1,164.47913069478656,0.7736263736263734
9.72,3.817492458337332,0.16564798363138844,-0.34687456022721386,0.450763595572725,0.028697314482561975,5.953449746569244,6.109542704009967,3.8178727696693686,0.16604344688775247,-0.34619384127802943,-0.000501048043089326,0.010817734845696852,0.0019996174763357577,0,1,164.5227732320489,0.7978021978021977
9.74,3.825971940023362,0.16258541484084393,-0.34627783536050677,0.4507306330248397,0.03054391099639253,5.950600626080254,6.106884643581998,3.8263396527778646,0.16299190817513207,-0.34566177587207536,-0.0005070380463845805,0.011264658739160703,0.0014823721544955926,0,1,164.56447395195764,0.6124542124542124
9.76,3.8344501528582766,0.15952912833257518,-0.3456626249496634,0.4504499672753389,0.03134486981606435,5.940834490255886,6.106773536959167,3.8348082135999335,0.15994502855257198,-0.3450951445765846,-0.0005125071159951581,0.010498677532265459,0.0016025227315463741,0,1,164.60081725929805,0.6527472527472528
9.78,3.8429244426346143,0.1564802580873993,-0.3450185618721703,0.45027018407558733,0.03321555958205556,5.93748827871444,6.11405793148417,3.843278554633341,0.15690310147627493,-0.34449400405421454,-0.0005175907070224082,0.010367000235480303,0.0019732044651348257,0,1,164.6423993155774,0.7897435897435896
9.8,3.8514010646632615,0.15343689119546727,-0.3443346583672233,0.4502379475059543,0.03529707249414998,5.92690167937296,6.11440590984197,3.8517507776845443,0.1538664200897723,-0.34385841441851633,-0.0005222806696465003,0.010579546264101776,0.0016360519583049071,0,1,164.68339983121444,0.6608058608058607
9.82,3.859874997632996,0.1504012195550427,-0.34361019043804625,0.4499701417670792,0.03691830863558433,5.925353698051779,6.115541782994018,3.8602249838290064,0.15083527720449003,-0.3431884392279241,-0.0005265135727538529,0.011295232710688698,0.0016810133167111108,0,1,164.7222235568521,0.684981684981685
9.84,3.868349525232115,0.14737237345461643,-0.34286223623175427,0.4499886653876388,0.03854358853025517,5.916581673697881,6.12524611737014,3.8687012733717543,0.14780996528017878,-0.3424841454793985,-0.0005303048226478226,0.009664390511655595,0.0020815115943731977,0,1,164.76662852695378,0.8300366300366299
9.86,3.876826755489563,0.14434992604925945,-0.34206151768603155,0.4499670788877414,0.04119823252749552,5.912228327633381,6.126376376830879,3.877179745808226,0.14479077640520066,-0.3417456036017274,-0.0005336549047511192,0.008363731550408848,0.0016834851943503537,0,1,164.80951621921906,0.684981684981685
9.88,3.8853047661912474,0.14133503474953993,-0.3412255450758582,0.4498410278809759,0.0424506092463309,5.907548683516896,6.127826529853214,3.885660499785387,0.14177800227666656,-0.34097288744848314,-0.0005364245689577808,0.0072310528435282585,0.00168034610121226,0,1,164.84977197626094,0.684981684981685
9.9,3.8937829281622105,0.1383281830547101,-0.34036477415951094,0.44969999375628705,0.04376609321382728,5.901351925823115,6.129444140021164,3.894143633063158,0.13877193418041803,-0.3401660742906373,-0.0005386707632521071,0.008090303964580168,0.0016927590346730303,0,1,164.88954949254875,0.684981684981685
9.92,3.9022609439889138,0.1353297236420327,-0.33947514339910106,0.449611896688914,0.04525329281912778,5.898527116627989,6.13382983520883,3.902629242476151,0.13577286297084656,-0.3393252448088331,-0.0005404597691725555,0.006976450597068755,0.001827215316113906,0,1,164.93167420411135,0.7333333333333333
9.94,3.9107416813194873,0.13233892045397086,-0.3385561058835181,0.44959805804079644,0.04680980174861967,5.891738759838702,6.13634920124327,3.91111742389574,0.13278107905054576,-0.3384504830853181,-0.0005418313208705787,0.006849963410841066,0.001734269720211068,0,1,164.97381596235152,0.701098901098901
9.96,3.919222757671128,0.12935690863095908,-0.33760305981255384,0.4493457599528266,0.048537671680660165,5.88262002736877,6.135233102017581,3.9196082721924657,0.12979687234978965,-0.33754187659553564,-0.000542807591447097,0.00797031976214294,0.0015745650791665344,0,1,165.01075601097156,0.6446886446886447
9.98,3.9277006083828487,0.12638525668098524,-0.3366182197503211,0.4490794110017581,0.04979031217531569,5.880616288049049,6.135786860327797,3.928101881198805,0.12682053230583176,-0.33659951619937767,-0.0005433814869008996,0.012760054186153178,0.0016444442095167044,0,1,165.0491302524892,0.6688644688644687
10.0,3.936179852127845,0.12342257879640953,-0.33561511143873096,0.44923774758896934,0.05092155038235472,5.881186060586443,6.147994204082991,3.9365983436723004,0.12385234784201998,-0.33562349613209846,-0.0005436236556511508,0.01130837402248048,0.0021867231446075497,0,1,165.09839547745625,0.8703296703296701
10.02,3.9446685794268688,0.12046628271757895,-0.3345758900135026,0.449501674732489,0.05316489422573854,5.873119589358887,6.152293197188111,3.9450977512590772,0.12089260734672196,-0.3346139139948913,-0.000543621430058456,0.01027754522333917,0.0018189851537290247,0,1,165.14622128604051,0.7333333333333333
10.040000000000001,3.9531603101788235,0.11751903883853253,-0.33349164438824264,0.4494275699065063,0.05498999243068888,5.873077788428245,6.15523738895936,3.9536001944577635,0.11794159865205588,-0.3335708707451286,-0.0005432945147868332,0.011894801745901757,0.0017671357036148638,0,1,165.18908264438528,0.7172161172161171
10.06,3.961656339131218,0.11458074450260754,-0.3323830381305381,0.44955253488456026,0.05626573834295853,5.868507681350727,6.162877156248137,3.9621057625838096,0.11499960901242239,-0.33249447068626625,-0.0005426164207112506,0.013261152316899043,0.001972761548887869,0,1,165.2353461273004,0.7897435897435896
10.08,3.9701574473644943,0.11165139485111397,-0.331237239694026,0.4495217116061226,0.058192197805513095,5.8618735677402745,6.162229987280606,3.9706145437342406,0.1120669250828329,-0.3313848214574131,-0.0005416399431216947,0.014679394846948095,0.0015890198568753178,0,1,165.27674450089478,0.6446886446886447
10.1,3.9786581776486596,0.10873321476892774,-0.33006125404865977,0.4492421254372045,0.059516609789159854,5.854801686646602,6.162553386951396,3.9791266247528396,0.1091438328970304,-0.3302420340225673,-0.0005403341965233715,0.015542189830995949,0.001641222724209801,0,1,165.3137999649367,0.6688644688644687
10.120000000000001,3.9871585089494133,0.10582646615425403,-0.32885720246475714,0.4493260186762974,0.06099218908076039,5.859347170887045,6.17511912433185,3.987642091195788,0.10623061784539875,-0.3290662226595199,-0.0005387409303867864,0.017789173095304804,0.002219399723246862,0,1,165.36319318085572,0.8783882783882783
10.14,3.9956705962977224,0.10292727824704635,-0.32762229540264254,0.44975497564187916,0.06261481916250973,5.854657483833371,6.179336347441913,3.996161027297761,0.10332756465265656,-0.3278575049484276,-0.0005368912552516785,0.01673266141813848,0.0017984347753874363,0,1,165.4144744903262,0.7252747252747253
10.16,4.004189121228184,0.10003778273961539,-0.32635351157902703,0.4499246738232795,0.06434876890353967,5.857833289684882,6.1912828035151835,4.004683515938508,0.10043495735533285,-0.3266160017600541,-0.0005347988650975884,0.015292963385846074,0.0021952703486867176,0,1,165.46487876973305,0.8703296703296701
10.18,4.012718910410448,0.09715668526761978,-0.3250510093508129,0.4502163188894513,0.06577048515168916,5.852857651870525,6.1900100243466945,4.013209638609919,0.09755307927902049,-0.32534183724368376,-0.000532452567877742,0.014162986423012313,0.0015380407577298416,0,1,165.51225314298583,0.6285714285714284
10.200000000000001,4.021250719778006,0.09428738389525002,-0.32372686700414205,0.4498691954284902,0.06688493442723852,5.842421234683149,6.1884990184465725,4.021739475383588,0.09468221301540562,-0.32403513881470625,-0.0005298985627650425,0.012454437577463744,0.0015600934138274014,0,1,165.5472076522785,0.6366300366300366
10.22,4.02977934107093,0.09143184247465365,-0.32237298702991374,0.4496966738115148,0.06866136032499907,5.841359151007923,6.197607462108081,4.030273104878906,0.09182264039906925,-0.3226960371418757,-0.0005272110985495115,0.014279179510892925,0.00207822738484148,0,1,165.59011507875735,0.8300366300366299
10.24,4.038314952251582,0.08858697513021434,-0.3209822677337951,0.4500258691899033,0.07021108628188219,5.843744994837753,6.203029791698246,4.0388106042316645,0.08897464248405995,-0.32132466613424343,-0.0005243643649606145,0.01232970036486253,0.001861258793907583,0,1,165.6411667672282,0.7494505494505493
10.26,4.046859659772041,0.08575237921010186,-0.31957111170900554,0.4501242479809475,0.07100035612082324,5.838421997647535,6.202672661150088,4.047352049063212,0.08613849952023479,-0.3199211629277674,-0.0005213810058763223,0.01611106464079399,0.0015861339423526855,0,1,165.68474646246503,0.6527472527472528
10.28,4.055406381435065,0.08293057624320153,-0.3181395491283649,0.44998868519278556,0.07269334031883817,5.830799105423949,6.211576652868683,4.055897513450155,0.0833144909293671,-0.3184856678715987,-0.0005183954310678916,0.014794507095638757,0.0020678291117863234,0,1,165.72671959320144,0.8219780219780218
10.3,4.06395717670754,0.08012120200811805,-0.31665951071743004,0.4500675856081708,0.07485747633882658,5.831309321123729,6.2134731492331765,4.064447069894631,0.08050289528101941,-0.31701832451404655,-0.0005153899474279723,0.012180799122355212,0.001719980079940342,0,1,165.7724180979702,0.701098901098901
10.32,4.072513623579872,0.0773241234152395,-0.3151569168729384,0.45010235034730245,0.07562570874115224,5.827002198315927,6.216184212452141,4.073000789295147,0.07770399026818106,-0.3155192795882242,-0.0005122873364184974,0.011749817721690448,0.0017425809257892166,0,1,165.8157612368377,0.709157509157509
10.34,4.081073945041043,0.0745400994392221,-0.31363208362336104,0.4501141750853809,0.07683841820685038,5.826616890102939,6.22050922902857,4.081558740918018,0.07491805268266878,-0.3139886829973748,-0.0005092063252904072,0.01052702306490701,0.0018247176324603376,0,1,165.8601111064973,0.7333333333333333
10.36,4.08964011208333,0.07176871009724166,-0.3120861052280055,0.45012992765340276,0.07782856559673106,5.820967173285825,6.220141893385359,4.090120992369401,0.07214535839029032,-0.3124266877998821,-0.0005062225051565153,0.009268820289331917,0.0015932868871202377,0,1,165.9022278864103,0.6527472527472528
10.38,4.098207637525441,0.06901159580200367,-0.3105192719136544,0.44987867638375556,0.07902165485478918,5.813591953873017,6.2206656679267205,4.098687609567943,0.06938618230577084,-0.31083345019396397,-0.0005034364699892821,0.009302048994885929,0.0016571342883384688,0,1,165.93978009673947,0.6769230769230768
10.4,4.106775442535442,0.0662693167892242,-0.3089262583876235,0.4498794600272276,0.080041538691921,5.819392558107307,6.22654009557787,4.107258656718043,0.06664079836744172,-0.3092091295020536,-0.0005009085611712954,0.008971808616970276,0.001903154789647643,0,1,165.98598477288377,0.7655677655677656
10.42,4.115353039768282,0.0635390200427317,-0.3073219843893093,0.45019957695291657,0.08081483322793798,5.814737561687772,6.232579635266614,4.115834196283768,0.06390947951169296,-0.30755388815486645,-0.0004987360239384257,0.0076152145437606384,0.0018890773787712534,0,1,166.0353811975226,0.7575091575091575
10.44,4.123937341016238,0.06082186390068721,-0.3056865445456639,0.4501750681908064,0.08295541497597689,5.80683617514959,6.237692429296071,4.124414288963391,0.06119249764718927,-0.3058678916751578,-0.0004970501352674537,0.007038489361284046,0.0018903351609632635,0,1,166.07830615820947,0.7575091575091575
10.46,4.132524081687327,0.058119581987666175,-0.3040053099619146,0.44990223760876086,0.08493510868027415,5.797321622461877,6.23252905827501,4.132998993664604,0.0584901236288511,-0.3041513086611706,-0.0004957626455467966,0.008418288053401874,0.001399771112612802,0,1,166.1143718112289,0.5802197802197802
10.48,4.14110719490832,0.05543443172890602,-0.3022956928797169,0.4495653021079635,0.08636652589162928,5.792240301488845,6.239430027613039,4.141588367480387,0.05580262723160189,-0.30240431076977603,-0.0004947889948423176,0.009575732655101858,0.001982310043604829,0,1,166.15303031944154,0.7897435897435896
10.5,4.149693954257686,0.05276440946083809,-0.3005483281230041,0.44965989011095847,0.0882017856010577,5.790772451933866,6.24275889722395,4.150182465665566,0.05313027712388362,-0.30062707269930716,-0.0004941164741821959,0.010550447341184653,0.0017886879166367775,0,1,166.19863788712726,0.7252747252747253
10.52,4.158286412410611,0.050109205008583346,-0.2987738735613579,0.4495730457102311,0.08942131453755398,5.782019483561605,6.242171035611031,4.158781341614044,0.05047334084094209,-0.29881977217209016,-0.0004937024478482052,0.012716289483479361,0.0015997321984609902,0,1,166.23847144663625,0.6527472527472528
10.540000000000001,4.166878587196116,0.04747090363415358,-0.29697040979196543,0.4492731010423055,0.09098897991392156,5.775888185179223,6.243821212941549,4.167385046836747,0.04783208475788464,-0.2969825899166714,-0.0004935784393696579,0.012975586851073742,0.001725583744665582,0,1,166.27595290847694,0.701098901098901
10.56,4.1754716583287035,0.04484941593234728,-0.2951354361996673,0.4491398154039221,0.09267851099583667,5.76955344793852,6.24761320657949,4.175993630940271,0.04520677406251289,-0.2951157096497458,-0.000493725026274481,0.01271279914594446,0.0018222580003306454,0,1,166.3166743732184,0.7333333333333333
10.58,4.184067050513042,0.04224461117360153,-0.2932636154042522,0.44889974421856427,0.09454413459632982,5.7587234824506215,6.2454678672643835,4.18460714160623,0.042597672727933335,-0.29321931805778423,-0.0004940978704842404,0.013684884629661463,0.0015469602529618043,0,1,166.35354335283168,0.6366300366300366
10.6,4.192659680343683,0.0396583540446912,-0.29135607432226607,0.4484657243273094,0.09637864558459326,5.749269334849115,6.246591444651062,4.193225624571366,0.040005043484949446,-0.2912936047783654,-0.0004946189250488617,0.013232974624631019,0.0017166913604474976,0,1,166.38830947765783,0.693040293040293
10.620000000000001,4.201250735724656,0.037090604755568364,-0.2894099891677979,0.44820741968688593,0.09810551128397257,5.7442114266058715,6.246639014109192,4.2018491236083735,0.03742914779423851,-0.2893387623812125,-0.0004952018897827757,0.013279001411886598,0.0016504592273486884,0,1,166.42630088451838,0.6688644688644687
10.64,4.209843463064161,0.034540692404129866,-0.287435465613993,0.448223184258579,0.099808831698492,5.741155246613517,6.258823011485506,4.2104776805074655,0.03487024581831739,-0.2873549863489364,-0.0004957884820415302,0.01144296971586789,0.002224863580120473,0,1,166.47268670392222,0.8783882783882783
10.66,4.218445175861805,0.03200677690263929,-0.2854145564128401,0.44833230538537067,0.10200219544098932,5.734503182398898,6.256469594720747,4.219111335058709,0.032328596393301386,-0.28534247505748717,-0.0004963213693163159,0.009932029218368764,0.0015224970848973784,0,1,166.51657016570147,0.6285714285714284
10.68,4.227049184615441,0.029491217984601626,-0.283365018393855,0.44832389601262557,0.10297746764527528,5.740640275841187,6.267054045373848,4.227750125035119,0.02980445700046092,-0.2833014297563168,-0.0004966843984456844,0.0116898248177705,0.002139438537810734,0,1,166.56415413042956,0.8542124542124541
10.700000000000001,4.2356663229322145,0.026991065680100786,-0.28129632740995353,0.4488407629182055,0.10414017008816086,5.739079322541282,6.27455431434354,4.236394086176513,0.027298083737580813,-0.28123205454825434,-0.0004969396698879577,0.010512184696903166,0.0019641783408094193,0,1,166.61835702841304,0.7897435897435896
10.72,4.244293971858212,0.02450732665278838,-0.2791970088944511,0.4488525816885429,0.10585869164255123,5.730951742458632,6.274957797659786,4.245043252174163,0.024809731290127462,-0.2791345563690965,-0.000497144402936862,0.01092111303613396,0.0016561017238562736,0,1,166.66049066425737,0.6769230769230768
10.74,4.252923725547953,0.02204273870999489,-0.2770628152590683,0.44876599902754677,0.10787157898666758,5.728012023412603,6.285956252930301,4.253697654656225,0.02233965290222944,-0.2770091449669131,-0.0004972492968583027,0.011011509558354175,0.00218511993475895,0,1,166.70509990950646,0.8703296703296701
10.76,4.26156198723231,0.019595852226828307,-0.2748812167528152,0.4489787148151338,0.11019902218243899,5.723902605959172,6.290138502866467,4.262357323173959,0.019888100347477414,-0.2748560328810732,-0.0004971392141983532,0.011315200320973402,0.001843858685187827,0,1,166.75288109329188,0.7413919413919413
10.78,4.270207470203938,0.017167462668941324,-0.2726622273108565,0.44915642477448753,0.1115178322044559,5.729459276529855,6.2979942628808,4.271022285188767,0.017455323899549558,-0.2726754354209911,-0.0004966628564195875,0.01128765772567366,0.0020047568227258283,0,1,166.80267773594144,0.8058608058608059
10.8,4.278865680320868,0.01475630417671123,-0.2704244632490557,0.44951939103486505,0.11269063306432112,5.724221708752877,6.3051808575914805,4.27969256606002,0.015041572302668876,-0.2704675706445955,-0.0004958265273563246,0.011561492014255395,0.0019579530022749148,0,1,166.85326557699517,0.7816849816849816
10.82,4.2875318832863005,0.012363948785718434,-0.2681501594126852,0.44943229932067164,0.11455969106443942,5.717697365239832,6.303604637879084,4.28836818903372,0.012647092741899294,-0.26823265933652446,-0.0004946631504582154,0.011838424451608045,0.0015717072180161384,0,1,166.89369675207695,0.6446886446886447
10.84,4.296200020918563,0.009992395675292831,-0.26584919342477625,0.44945388715579687,0.11553837313316997,5.723663273613398,6.313633689357998,4.2970491752319715,0.010272130813287563,-0.26597092498604635,-0.0004930959865765113,0.009932441495875776,0.00211634865075061,0,1,166.9416262915818,0.8461538461538461
10.86,4.304881101323883,0.007638842417096729,-0.26352894751834627,0.4498519224744728,0.11686783227579073,5.7171217395882135,6.319304824580375,4.3057355436432845,0.007916930493858424,-0.26368259376471126,-0.0004911762508775583,0.008962923299810023,0.0018910512366550614,0,1,166.9924451330538,0.7575091575091575
10.88,4.313570178808526,0.005304902232785067,-0.2611710957789176,0.44999979947065416,0.11880395193264091,5.720951634162464,6.329315896574987,4.314427311113716,0.005581734111470603,-0.26136789450373427,-0.0004889148519856765,0.011355098413866454,0.002126141905268053,0,1,167.04238630129123,0.8461538461538461
10.9,4.322272137640329,0.0029896340588189923,-0.25878296215153596,0.4503831516947677,0.1200187910399821,5.719782685506869,6.333259443940194,4.323124492338858,0.0032667823145417136,-0.25902705867111303,-0.00048622478561967153,0.010715321266195534,0.0018077363031501759,0,1,167.09337073768484,0.7333333333333333
10.92,4.3309839979617335,0.0006940954950511122,-0.2563727241498134,0.4507044194716449,0.12105117172274867,5.726922363697599,6.345462495267317,4.331827099856648,0.0009723140416502537,-0.25666032034847974,-0.00048312782644021495,0.010959947176028747,0.002205545046081614,0,1,167.14751180765037,0.8783882783882783
10.94,4.3397122477925185,-0.0015831861540649926,-0.25394173204843207,0.45118533645373765,0.12220415874791464,5.72323053133427,6.349319050243109,4.340535144041055,-0.0013014335089767681,-0.25426791620769457,-0.000479682446305011,0.009306691521419627,0.0017948021523916946,0,1,167.2000537429162,0.7252747252747253
10.96,4.348448474350572,-0.003839768915755968,-0.25148357622642376,0.4510398863364277,0.12375035372813127,5.714537757710452,6.349468533722896,4.349248633096601,-0.0035542249100817447,-0.25185008548717763,-0.00047593240525886085,0.012524369172845173,0.0016576864844445316,0,1,167.239457218536,0.6769230769230768
10.98,4.357186158776308,-0.0060736881226293084,-0.24899312440352422,0.4510514276483547,0.12520740831329916,5.720178724190763,6.359711442331676,4.3579675730537595,-0.005785826536090879,-0.2494070699679865,-0.00047183087697879835,0.011569192105267042,0.002137522946994097,0,1,167.28764148021605,0.8542124542124541
11.0,4.365937163170682,-0.008287694462456951,-0.24647750347492037,0.4515382189101523,0.12687858681337896,5.71476210801328,6.370528839184411,4.366691967765201,-0.007996006593915741,-0.24693911394963716,-0.0004673417896684184,0.012274959435816678,0.0021445125341365,0,1,167.34211575103808,0.8542124542124541
11.02,4.374699079861941,-0.010480828599945756,-0.2439141844917409,0.4516637877347626,0.1290474851907272,5.714433439944509,6.3722102046036415,4.375421818902915,-0.010184535153832377,-0.24444646422567473,-0.00046240185233312246,0.011243295822451236,0.0017329554242722645,0,1,167.38875802027295,0.709157509157509
11.040000000000001,4.3834675328585275,-0.012651597417260739,-0.24132571642428544,0.45154753385305024,0.13013273452256396,5.7040788504194655,6.372191732661361,4.384157125956205,-0.012351184180428167,-0.24192937005899423,-0.00045687459824830855,0.015882335024312397,0.0016416265372646843,0,1,167.42823538927763,0.6688644688644687
11.06,4.392236537104644,-0.014798304776773291,-0.2387088650644468,0.45141771745777837,0.13086714739682037,5.71314466432647,6.372391447733577,4.392897886230542,-0.014495727563606283,-0.23938808315691518,-0.00045075999697353976,0.01622807714256117,0.001932890372102758,0,1,167.472027184582,0.7655677655677656
11.08,4.40101475158725,-0.01692294866079006,-0.23610138121831784,0.4516737785663857,0.13059623746946075,5.7078221995692795,6.378256822258455,4.401644094847308,-0.016617941149637487,-0.23682285764600985,-0.00044414781984357247,0.015282184474027934,0.0018821979838008485,0,1,167.52023296773706,0.7575091575091575
11.1,4.4098001463466625,-0.01902503781824574,-0.23347284297085255,0.4516607249011692,0.13206813179671098,5.706064296188469,6.379362240139796,4.41039574474441,-0.018717602772248702,-0.23423395004669167,-0.00043727689140029793,0.013378256626473016,0.0016984980679403128,0,1,167.56348687218784,0.693040293040293
11.120000000000001,4.418590228021261,-0.021103735996530485,-0.2308235110722173,0.4515030354621365,0.13319882918402842,5.69571482040868,6.379612692399925,4.419152826677778,-0.020794492283737556,-0.23162161924756292,-0.000430133465556732,0.011293009244262008,0.0016601389228924623,0,1,167.6023321181556,0.6769230769230768
11.14,4.427380258135775,-0.0231577170811043,-0.2281420689965398,0.4512889859218876,0.1348037073392,5.695025252195133,6.383151527030661,4.427915329223741,-0.02284839158610197,-0.22898612647952699,-0.00042270709277317573,0.010877603015401027,0.0018346742109638936,0,1,167.64328647826295,0.7413919413919413
11.16,4.436175681204884,-0.025187985771216274,-0.22543783095825584,0.4513037126994919,0.13553432690274006,5.691618071648018,6.381236941418908,4.436683238782291,-0.024879084662173562,-0.22632773528966418,-0.00041491935123885146,0.013315875160638141,0.0015375357954055535,0,1,167.68560316410753,0.6366300366300366
11.18,4.444974082544938,-0.027193849773796,-0.22272520794032635,0.4511412078680411,0.13550059471756026,5.692838211615294,6.378210775792549,4.445456539581223,-0.026886357606743426,-0.2236467115148783,-0.0004068368075286855,0.017625143118611217,0.0015667709994424128,0,1,167.7254414890661,0.6366300366300366
11.200000000000001,4.453776346546725,-0.029175517660160688,-0.2200192922172075,0.45117508390770966,0.13560433308257547,5.690651032288447,6.385415843840801,4.45423521368116,-0.028869998657668868,-0.22094332325531227,-0.0003986529723164537,0.014599423807729371,0.0019662810946610154,0,1,167.77057116907716,0.7897435897435896
11.22,4.462586593503118,-0.03113388180682342,-0.2172927006505093,0.4513319599656271,0.13694857922593148,5.689797720131534,6.388442738480749,4.463019240981464,-0.030829798226949083,-0.21821784084753984,-0.0003905360669373276,0.012345305557694789,0.0017810153675020812,0,1,167.8173695558554,0.7252747252747253
11.24,4.471404085491554,-0.03306854455908467,-0.21454590501904405,0.45137901726225005,0.13775319184091422,5.687976849757054,6.390380516217427,4.471808599227042,-0.03276554893175815,-0.2154705368375302,-0.0003824770375558937,0.011370424935546193,0.001726415004283277,0,1,167.8615005486128,0.701098901098901
11.26,4.480227424539749,-0.03497903421457799,-0.2117836185457355,0.45144427194534487,0.13852997965402877,5.688143265126679,6.394757809489587,4.480603264016002,-0.03467704562542295,-0.212701685953395,-0.0003745232857255364,0.012208348400385233,0.0018418676321086402,0,1,167.9070113565141,0.7494505494505493
11.28,4.489058347177224,-0.03686557490325925,-0.20900639447638827,0.45150603705934406,0.13899413527919788,5.687153717292235,6.392203939549095,4.489403208808233,-0.03656408542833398,-0.2099115650779153,-0.0003667315767644358,0.010167582626538442,0.0015003727037904424,0,1,167.9504488315516,0.6205128205128204
11.3,4.497893241379394,-0.038727307172307546,-0.2062264352023131,0.45142526017905577,0.1394051227926382,5.68325019715901,6.397026386384982,4.498208404934829,-0.038426467758776436,-0.20710045322085327,-0.000359215781684561,0.009783945543389865,0.001864745469216611,0,1,167.9926653186781,0.7575091575091575
11.32,4.506732287874792,-0.040564186237821695,-0.20342373401457514,0.4511646830236327,0.1408925971665295,5.669577500337149,6.39016449413037,4.507018821608411,-0.04026399436366934,-0.20426863149105254,-0.00035207443564816865,0.009190346899435004,0.0013280605745044083,0,1,168.02807592820042,0.556043956043956
11.34,4.515565278976488,-0.04237387328878636,-0.20059270719027597,0.4506511670293865,0.1423398030976529,5.665380212348544,6.394425791004005,4.515834425934318,-0.042076469349199765,-0.201416383068326,-0.00034523649041982304,0.010112055321421494,0.0018862047073598398,0,1,168.06392977283917,0.7655677655677656
11.36,4.5244006862667465,-0.044157870960078435,-0.19773084285260806,0.450747358031352,0.1438453658920511,5.664308595974947,6.399659259684333,4.524655182922685,-0.04386369921133944,-0.19854399317513902,-0.00033859015102101893,0.009802721524962128,0.0018964669254832311,0,1,168.11023950909185,0.7655677655677656
11.38,4.533243580602853,-0.04591693651785268,-0.19484470343196622,0.4508193300618318,0.14423738257257862,5.667233501856173,6.394852666785408,4.5334810555013645,-0.04562549286623102,-0.19565174904808705,-0.0003320497680671992,0.009993650459541585,0.0016282852661710923,0,1,168.15425526182293,0.6527472527472528
11.4,4.542090996168434,-0.04765039993306847,-0.19196914105793528,0.45075069974126664,0.1439195143066103,5.662202027231298,6.398750085275107,4.542312004529735,-0.047361661680430885,-0.19273993990917315,-0.000325725601501682,0.008977508914788627,0.0018108489361103874,0,1,168.19610132958547,0.7333333333333333
11.42,4.5509423388154975,-0.04935817428616585,-0.18907567474023212,0.45069366924484405,0.1456544224702135,5.6553275863212225,6.4032686196597135,4.551147988813369,-0.04907201950099529,-0.1898088569368844,-0.00031981576518208847,0.009147998407435912,0.001877136960293846,0,1,168.23858451639865,0.7575091575091575
11.44,4.559796594781996,-0.05103978676597883,-0.18614357954969216,0.4504571407406293,0.14736011421720435,5.646963369667751,6.398745975282606,4.559988965119556,-0.050756382685397075,-0.1868587932370755,-0.000314208032573572,0.008887961174240799,0.0014503857042972856,0,1,168.27567694608567,0.6043956043956044
11.46,4.568648070441582,-0.05269387952355694,-0.1831861310660719,0.45007460310400443,0.14881405912466864,5.637959841830683,6.403305692806085,4.568834888193687,-0.05241457013125944,-0.1838900438136577,-0.0003087608206085655,0.009178937184561796,0.0018986526227648959,0,1,168.31243421946616,0.7655677655677656
11.48,4.577499827418771,-0.05432078139029268,-0.18018970513420707,0.44990712997511395,0.15013959514575168,5.638487727016121,6.397375657861738,4.577685710776474,-0.05404640330589353,-0.18090290553910005,-0.00030334441357571153,0.01098567893936266,0.0015059726287879327,0,1,168.35202988678117,0.6124542124542124
11.5,4.586352121708448,-0.055920344479812825,-0.1771916539021806,0.44953210062140714,0.15044693331063017,5.622163004129615,6.395879896072622,4.586541383622028,-0.05565170627562672,-0.1778976771247404,-0.0002978904720313237,0.010053065827888667,0.001573974255019761,0,1,168.3859069872187,0.6446886446886447
11.52,4.595198154084408,-0.05749129457609542,-0.17416164620220326,0.44896674262143704,0.15198807960309874,5.619181600693598,6.389567606686263,4.595401855516762,-0.05723030573490798,-0.17487465909091585,-0.00029244926635757816,0.00933354608845771,0.0013730927554438943,0,1,168.4185425591712,0.5721611721611721
11.540000000000001,4.604041518442698,-0.05903408261310642,-0.1711243011142451,0.4488503122715375,0.15204850969673278,5.619678775698437,6.395391405782991,4.604267073299141,-0.05878203103517732,-0.17183415373691033,-0.00028690713935346625,0.014961410748459827,0.0019148263198076054,0,1,168.46117973019523,0.7736263736263734
11.56,4.61289220951189,-0.06055041983221206,-0.1680728634896131,0.44914591850705043,0.15345189058862507,5.618173535510916,6.406063887886417,4.613136981880235,-0.060306714213485504,-0.16877646511072603,-0.00028135877580238837,0.01572720659049901,0.002153013872592091,0,1,168.51238588347832,0.8622710622710622
11.58,4.621753683283349,-0.06204063233178046,-0.16498457423966234,0.44939415174736913,0.15499437340332323,5.619368774785444,6.4071049518316485,4.6220115242651065,-0.06180419002085109,-0.16570189897867726,-0.00027573321111183863,0.015051815265021763,0.001689788693373051,0,1,168.56088891484902,0.693040293040293
11.6,4.6306227317158,-0.06350388647733848,-0.16188123084466138,0.44958517284997707,0.15573721006485305,5.619661710582433,6.417357741308114,4.630890641575006,-0.06327429595034112,-0.16261076279481507,-0.0002699350508330866,0.013377264119061991,0.0021265878358093793,0,1,168.61025644407871,0.8461538461538461
11.620000000000001,4.639502299695328,-0.06494048039707537,-0.1587516880757805,0.44980966805262607,0.1568111194227822,5.619643732484267,6.414801049252605,4.639774273070359,-0.0647168722648623,-0.15950336567018164,-0.000263966673134146,0.014497840697283835,0.0015062979509907204,0,1,168.65708368082707,0.6205128205128204
11.64,4.6483860442766325,-0.06634919482944276,-0.155616233020357,0.44961596172354806,0.15715054085775323,5.611323640849611,6.415117423664854,4.64866235617456,-0.06613176202464927,-0.1563800183419005,-0.0002578133518664075,0.012889586523228188,0.0016592422883427993,0,1,168.69531578504487,0.6769230769230768
11.66,4.657269698791699,-0.0677292793354532,-0.15245897486687127,0.44956305981766065,0.1585759735079588,5.613339506451353,6.4232053200235075,4.657554826498541,-0.06751881111443662,-0.1532410331421014,-0.0002515243182908355,0.011369266279907867,0.002047904217590213,0,1,168.74068520208598,0.8219780219780218
11.68,4.666162042462788,-0.06908185867627531,-0.14927741767727182,0.44977906285316416,0.1593228401891198,5.6121881193397245,6.420735493838024,4.666451617866132,-0.06887786827030191,-0.15008672396668857,-0.0002449956076133178,0.009893431146837458,0.001504759548754897,0,1,168.7869625286021,0.6205128205128204
11.700000000000001,4.6750579458414245,-0.07040600804484111,-0.14609232069850178,0.44959669662824053,0.15924532193593063,5.609237728036266,6.418248444015572,4.675352662340157,-0.07020878510616567,-0.1469174062439506,-0.00023824164863016334,0.009986140161878652,0.0015153255051005288,0,1,168.82555076464223,0.6285714285714284
11.72,4.683954355059258,-0.0717012807383888,-0.14290452458795816,0.4494658408627868,0.159956437289425,5.604048391488499,6.423453445537627,4.684257890249325,-0.07151141613993638,-0.14373339690301928,-0.00023138481673051607,0.009765272140991774,0.001901444467544422,0,1,168.86679499766288,0.7655677655677656
11.74,4.692853924603824,-0.07296795098294012,-0.1396895260904962,0.44942327801440574,0.1612399481806694,5.602162960174487,6.421699782397094,4.693167230215837,-0.07278561881928654,-0.1405350143421751,-0.00022442020440119892,0.011659036860002563,0.0015686155110490874,0,1,168.90866672259992,0.6446886446886447
11.76,4.701754993432678,-0.07420558262893459,-0.13646170644091582,0.4491702421153304,0.16183599993780126,5.59261413054196,6.419755059836029,4.702080609183748,-0.07403125354704751,-0.13732257839700884,-0.0002172619521743029,0.013241842270157726,0.0015625473841894832,0,1,168.94522949005923,0.6446886446886447
11.78,4.710653196591198,-0.07541347146028593,-0.13321237676205383,0.4489244442566299,0.16307451737240403,5.591410168360685,6.423382335604695,4.710997952448047,-0.07524818370621021,-0.13409641030843797,-0.00020989598570770175,0.011808383298129412,0.0018450726129654593,0,1,168.98526893196902,0.7494505494505493
11.8,4.7195556656683095,-0.0765923924048431,-0.12994211365191824,0.4492089274638203,0.1638388213898023,5.598232687768705,6.431456348144522,4.719919183684437,-0.07643627568451887,-0.1308568326905826,-0.0002022151682738404,0.011570603260091059,0.002020922582956386,0,1,169.03721188418433,0.8139194139194137
11.82,4.728470830974106,-0.07774329104077396,-0.12666197914180904,0.4496020346928902,0.16426150117875207,5.597476165920953,6.43398357722094,4.72884422497985,-0.07759539889864564,-0.12760416949850545,-0.00019420715776302997,0.010347556403008756,0.001737048374717387,0,1,169.08786307021384,0.709157509157509
11.84,4.737392780561194,-0.07886528402619065,-0.12337123619437729,0.4495945701948648,0.1647793468529945,5.595645123825709,6.433754728730535,4.737772996863618,-0.07872542581793333,-0.12433874599581492,-0.00018593238567476543,0.00982632403949022,0.0016289585578563304,0,1,169.13032052500932,0.6688644688644687
11.86,4.746317296729271,-0.07995774238200859,-0.12007276909595778,0.44953170520064806,0.16502969478599305,5.595176583850368,6.433542177195218,4.7467054183393325,-0.07982623198769459,-0.12106088872214009,-0.0001774195408941095,0.008257782053759884,0.0016283160796545793,0,1,169.17204415779318,0.6688644688644687
11.88,4.755244433217611,-0.08102063098939469,-0.11677145439447154,0.44943785820432863,0.16507871260001164,5.592410569422238,6.43057120836682,4.755641406917376,-0.08089769605205473,-0.11777092546047647,-0.0001687273291165498,0.007014360044958538,0.0014900270291806628,0,1,169.21205265768538,0.6205128205128204
11.9,4.764171396719465,-0.08205362165695003,-0.11346965908180968,0.4491930660067903,0.16523791704617916,5.587182373292152,6.428322658354778,4.7645808786481,-0.08193969977632713,-0.11446918520440921,-0.00015994709027698426,0.009198357454117435,0.001535929131043945,0,1,169.24927583854912,0.6366300366300366
11.92,4.773096644764815,-0.08305653242231643,-0.11015910435725215,0.4489880217243532,0.1659964310495885,5.5830503002713945,6.430497921612772,4.773523748155626,-0.08295212806890895,-0.11115599812521218,-0.00015113742485552015,0.010491825990957394,0.0017600004971828342,0,1,169.28865435467014,0.7172161172161171
11.94,4.782023172798317,-0.08402959138968062,-0.10682856268493059,0.4490007786385468,0.16698972731659475,5.583418095428321,6.433858404271429,4.782469928672302,-0.08393486900268586,-0.10783169553883233,-0.00014225335804503455,0.009653613184239834,0.0018105534916573185,0,1,169.33300968341436,0.7333333333333333
11.96,4.7909546420104245,-0.08497302706553707,-0.10348251474142053,0.4490638090391569,0.16766478286895445,5.580447299785232,6.43457716727637,4.791419332073727,-0.08488781383593463,-0.10449660987275775,-0.00013321861977440275,0.010172225355300301,0.001673169761469473,0,1,169.37672710421302,0.684981684981685
11.98,4.799888586940494,-0.08588645090470874,-0.10012434301260294,0.4490174132025709,0.16780898105941783,5.583634554240847,6.43239345615595,4.8003718689144135,-0.08581085703271245,-0.1011510746327764,-0.0001240086537985175,0.009680572391563046,0.0016388847667820339,0,1,169.41906622523084,0.6608058608058607
12.0,4.808825313587062,-0.08676987090366751,-0.09677506320236746,0.4489165644421608,0.16745168048124268,5.576942644190841,6.429825417350215,4.809327448463997,-0.08670389628272189,-0.09779542436962405,-0.00011468763898732015,0.008731668122960598,0.001504522567669142,0,1,169.45827840064615,0.6205128205128204
12.02,4.8177594859070085,-0.08762282551267422,-0.09341924023715027,0.4485420023603584,0.16823172348502355,5.56925206145938,6.427247747974536,4.818285978744016,-0.08756683252064128,-0.09442999464553066,-0.00010538639325354518,0.011501631912941488,0.001537551275577309,0,1,169.49307720959303,0.6366300366300366
12.040000000000001,4.826690024331487,-0.08844512360110494,-0.09004352194947501,0.4485128336437701,0.16980488748745773,5.5695565815017,6.442314269225616,4.827247366565262,-0.08839956994490998,-0.09105512200066382,-9.604371053656982e-05,0.012157893337070316,0.002397807925534068,0,1,169.54091963037186,0.9509157509157509
12.06,4.835631295503619,-0.08923779950976968,-0.08662476636062466,0.44914816088599946,0.17145546228232877,5.579789299826499,6.448890808184858,4.8362115175656335,-0.0892020160359583,-0.08767114391947621,-8.644963402942908e-05,0.010790671501268875,0.0019421118942224425,0,1,169.60060199932323,0.7816849816849816
12.08,4.8445869729805136,-0.09000084138619419,-0.08319873646322049,0.4495326730951798,0.1713055328679429,5.5785136736161745,6.449698282229109,4.84517833624853,-0.08997408157387254,-0.08427839879695571,-7.644500341148002e-05,0.010527936824933233,0.0016466468270942003,0,1,169.65048257854457,0.6769230769230768
12.1,4.853546885516737,-0.09073333088166577,-0.07976946534349619,0.4493857765932383,0.17163773195744805,5.5737280328560175,6.4466014175575905,4.854147726021743,-0.09071568065548527,-0.08087722590478728,-6.613388512761947e-05,0.01091461754661736,0.001498160651665803,0,1,169.68927767661546,0.6205128205128204
12.120000000000001,4.862504548740336,-0.0914346962744092,-0.0763361867586763,0.449169616111011,0.1711885586916813,5.57829428688101,6.440357840342851,4.863119589236811,-0.09142673071088173,-0.07746796535742553,-5.553996769437556e-05,0.011393480405874333,0.0017282815564841902,0,1,169.72820875965692,0.693040293040293
12.14,4.87146190459486,-0.09210519517112807,-0.07292793156515032,0.44896465432022614,0.17012481929316037,5.570132635658909,6.436056372025033,4.872093827228868,-0.09210715251931338,-0.07405095807808476,-4.4799737571047135e-05,0.01131005999681118,0.0014158579159508355,0,1,169.76507773886388,0.5882783882783882
12.16,4.880413657461245,-0.09274463370318249,-0.06952046859704397,0.4484665261964481,0.17060041539354776,5.5625356166175175,6.430083287579819,4.881070340356934,-0.09275687022450985,-0.07062654576464511,-3.4134681286023916e-05,0.010306799018859204,0.0013756414472642087,0,1,169.7971357810336,0.5721611721611721
12.18,4.889358756489155,-0.09335293071726304,-0.06610431068292502,0.4483389175461146,0.17121873703237525,5.566165475196875,6.439962581704161,4.890049028044625,-0.09337581134938075,-0.06719507085548425,-2.3518953001670753e-05,0.013205544574285693,0.0021267160455460954,0,1,169.84197123153345,0.8542124542124541
12.200000000000001,4.898312016810374,-0.09393098671991107,-0.06266995523121234,0.44881475199013593,0.17211015004108393,5.56945792351188,6.445165674458563,4.899029788821296,-0.09396390681009956,-0.06375687649523325,-1.2878700083801194e-05,0.012037379008733829,0.0018717450864503271,0,1,169.89583472865,0.7575091575091575
12.22,4.907274076682863,-0.09447865234259013,-0.059223071958387774,0.4489968967103139,0.17268484664936315,5.567037180699946,6.447074250113368,4.908012520363574,-0.09452109092956153,-0.06031230650046358,-2.148821651245679e-06,0.010415053540408573,0.001723551184809713,0,1,169.9420472154193,0.701098901098901
12.24,4.916239278246509,-0.09499544309309174,-0.05576341602443932,0.44912278069187506,0.17294774979133154,5.57485692526421,6.45015319631161,4.916997119537268,-0.09504730145020836,-0.05686170532530396,8.705613488990578e-06,0.013311487506104482,0.001851561163293658,0,1,169.98993429747551,0.7413919413919413
12.26,4.925212829928679,-0.09548158599272098,-0.05231042611851872,0.4495794990888239,0.17258528421409428,5.580109497574281,6.457904439287386,4.925983482439645,-0.09554247954621249,-0.053405418026996394,1.9669277662665725e-05,0.013815659062052305,0.0019721298570521406,0,1,170.0442495082446,0.7978021978021977
12.280000000000001,4.934197124500356,-0.09593720801211912,-0.04885758675021772,0.4499517220640444,0.17220043181201455,5.587695831621719,6.45515858786158,4.934971504442034,-0.0960065698350141,-0.0499437902313902,3.061594062297989e-05,0.011718481637402375,0.001843547351867314,0,1,170.09505208314692,0.7333333333333333
12.3,4.943187620135429,-0.09636211385103143,-0.045427935196786,0.4500928179212668,0.171329553151195,5.5859970221968345,6.459590486738957,4.943961080232777,-0.09643952038820482,-0.04647716809838086,4.138765400731784e-05,0.011256509990117411,0.0018238534854279065,0,1,170.1412486827114,0.7413919413919413
12.32,4.952181563350781,-0.09675627884518116,-0.04199239694261533,0.4501318409796666,0.1722542735938987,5.583034368854822,6.461064411307468,4.952952103860461,-0.09684128274175138,-0.04300589828729252,5.1797728054726755e-05,0.01237121168025144,0.0017196778855527173,0,1,170.1849352608341,0.701098901098901
12.34,4.96117678764396,-0.09711946330566645,-0.03853803142867899,0.4502311447919721,0.17339864200976676,5.5836669463738,6.470375144638733,4.961944468777451,-0.09721181190555435,-0.03953032792221358,6.1937671121678e-05,0.012704312957201327,0.002101249074077105,0,1,170.23279478884706,0.838095238095238
12.36,4.970178377382005,-0.09745164683310908,-0.035055471767531134,0.45041177857060033,0.17473525199524825,5.579373389763573,6.469648571854523,4.970938067883681,-0.09755106637233565,-0.036050804557284245,7.197341861217334e-05,0.010611035294155958,0.0016121664393917157,0,1,170.27858911318094,0.6608058608058607
12.38,4.979179168291574,-0.09775232748965426,-0.031554845805990536,0.4501159923254169,0.17507708133704214,5.575357236590148,6.462696861063001,4.979932793570696,-0.09785900812585106,-0.032567676141941115,8.208458009657777e-05,0.008973842287088198,0.0013216268002701481,0,1,170.31437255093425,0.556043956043956
12.4,4.988174517883692,-0.09802130549225352,-0.028056978138028654,0.45001106675758606,0.1748524143047931,5.580239993655078,6.469039252987369,4.988928537765919,-0.09813560264842172,-0.029081290986123737,9.232404687098747e-05,0.008438104587963376,0.0019449184985559365,0,1,170.35860775924144,0.7897435897435896
12.42,4.997175704452028,-0.09825894565395342,-0.024556669532318096,0.45037004162761274,0.17539255239687998,5.579545211340043,6.474410500059342,4.997925191977124,-0.09838081892778153,-0.025591997725442076,0.00010265457618306538,0.010777938306656779,0.001886160921430735,0,1,170.4094450508977,0.7655677655677656
12.44,5.0061820671140165,-0.0984651132911283,-0.021039927900372443,0.4504856842969023,0.175972234586932,5.581661206160992,6.473670488144606,5.006922647337096,-0.09859462946323612,-0.02210014528631447,0.0001131189462366486,0.01105509618789053,0.0016048777424260696,0,1,170.45497223612514,0.6608058608058607
12.46,5.015191506846755,-0.09863964124674804,-0.017524511223213322,0.45081075682345667,0.17557998162461017,5.592869644140604,6.483310472592519,5.015920794648466,-0.09877701027112996,-0.018606082851074644,0.00012377684106625375,0.012034820859865663,0.002077332112306318,0,1,170.5092251634331,0.838095238095238
12.48,5.0242135368833996,-0.09878271565565502,-0.01401605277327775,0.45137022114655084,0.17522773644159728,5.595603159503793,6.483830687054447,5.024919524428689,-0.09892794088961837,-0.015110159823055037,0.00013454147687365624,0.010685593242345758,0.0016238104586291935,0,1,170.5634385054704,0.6688644688644687
12.5,5.0332412766878525,-0.09889423462576116,-0.01051353859163968,0.4515276245671895,0.1753989451872471,5.595734545151552,6.491214991160531,5.033918726955142,-0.09904740438274219,-0.011612725791644886,0.00014529256183883985,0.011567547774167856,0.0019877001842733555,0,1,170.61135680179052,0.7978021978021977
12.52,5.0422733232541095,-0.09897411374581119,-0.006995378109192194,0.45153186078142404,0.1760535376661528,5.591012672831886,6.483000216707689,5.042918292310346,-0.09913538734380226,-0.008114130497332808,0.00015603498330224311,0.010343784484575177,0.0012442618375364534,0,1,170.6522435429676,0.5318681318681318
12.540000000000001,5.051299568305247,-0.09902217436035793,-0.0034779175650264593,0.4512474157847552,0.17598496284619952,5.59040217621467,6.487096497912763,5.051918110427257,-0.09919187989803227,-0.004614723796732438,0.0001668493397618313,0.008953817627104677,0.0018476786179240645,0,1,170.69176232947,0.7494505494505493
12.56,5.060325490440518,-0.09903845603895786,4.7897156796447224e-05,0.4512201997175633,0.17629521649204752,5.587523954822408,6.480300517609062,5.060918071134643,-0.09921687570456826,-0.0011148556275982966,0.00017775891294643663,0.010048394845761142,0.001340188027606326,0,1,170.73243606368564,0.556043956043956
12.58,5.069346306539752,-0.0990229333675108,0.0035691478305538214,0.4508949996870979,0.17612557497680528,5.582702077367754,6.479813486222035,5.06991806420249,-0.09921037195771344,0.0023851240261695615,0.00018880176869657517,0.009831107690403814,0.0016271525339616733,0,1,170.76901177676888,0.6688644688644687
12.6,5.0783622527275725,-0.09897565183310937,0.007097097757059778,0.4506918356118458,0.17637736101379078,5.581554938309046,6.4747319685781815,5.078917979387443,-0.0991723693874982,0.005884865169522399,0.00019998450566114702,0.010499171628344604,0.001436483353952911,0,1,170.8072915751967,0.5882783882783882
12.620000000000001,5.0873741693492205,-0.09889660879946172,0.01061819062724208,0.45066550051301923,0.17568344358724283,5.587884400004565,6.477233875917828,5.087917706478249,-0.09910287225953425,0.009384017831262633,0.00021135486563263824,0.009453414536198,0.00180568376889928,0,1,170.85198613752283,0.7172161172161171
12.64,5.096389417629399,-0.09878584956510819,0.014124453392434785,0.45075834138269266,0.17483493864212188,5.5856811488330385,6.469462776583649,5.096917135341202,-0.09900188837416377,0.01288223209903942,0.00022281887729687914,0.01204859648425154,0.0013863831217884037,0,1,170.8945092006764,0.5641025641025641
12.66,5.105399274421577,-0.09864364226722323,0.017612613287124053,0.45029041634486955,0.17424855513476625,5.57734017925304,6.4632264512488655,5.10591615596552,-0.0988694290649032,0.01637915815434146,0.00023422221769281903,0.010387126846276759,0.0013443420231897818,0,1,170.9267656724787,0.5641025641025641
12.68,5.114398228035019,-0.09847022601409691,0.021099270555202602,0.4497519531232599,0.17423310621662724,5.571950223176037,6.454585338550156,5.114914658508702,-0.09870550919618329,0.01987444630747732,0.0002454998099853118,0.009395477415427044,0.0012486037961020324,0,1,170.95802918375935,0.5238095238095238
12.700000000000001,5.123386192962473,-0.09826568965012338,0.024580443722425096,0.4493139595798669,0.17423071162451154,5.565196531181464,6.45376058692023,5.123912533341788,-0.09851014716038636,0.02336774703254472,0.00025668903960982263,0.008608524238556115,0.0016142492304931366,0,1,170.99233649124844,0.6608058608058607
12.72,5.1323675372138435,-0.09802998061554752,0.028072687558539467,0.44926712119074474,0.1746211627344508,5.571979154150121,6.455726725823565,5.132909671094537,-0.09828336487418239,0.02685871100238162,0.00026785213624169404,0.00842192526940129,0.0018093362900599708,0,1,171.0368547009865,0.7252747252747253
12.74,5.141351949120754,-0.0977627982299525,0.03155910425032049,0.44949079719620255,0.17426943344688914,5.5703241389597205,6.456901346532624,5.1419059627004655,-0.09802518777416606,0.03034698912350046,0.00027907879462989594,0.009388945009289437,0.0016656114388353127,0,1,171.08362332965592,0.684981684981685
12.76,5.150336487455706,-0.09746426024237546,0.035046796895841496,0.44949459881911563,0.1741087157873743,5.575351855540767,6.454470201969591,5.150901299441785,-0.09773564481179732,0.03383223257099603,0.00029033447342377544,0.009237561410390518,0.0017374463460430034,0,1,171.12719857002955,0.693040293040293
12.780000000000001,5.159321345965636,-0.09713439147877832,0.03851848638024353,0.44959310692232346,0.17338675327024394,5.575038445613618,6.45684796405847,5.159895572994154,-0.09741476844764829,0.03731409282342824,0.00030160359003047636,0.010498445419883578,0.0017270072607153963,0,1,171.1722561145514,0.709157509157509
12.8,5.168306390761945,-0.09677329903205446,0.041988136166641175,0.4495848824914972,0.17328648703385965,5.5758084276194,6.452081506722345,5.168888675471268,-0.09706259464495948,0.04079222169767277,0.00031280105162455633,0.012827396571124333,0.0015251821163911328,0,1,171.21409898071556,0.6205128205128204
12.82,5.177288182983015,-0.09638116048309131,0.04544490665040003,0.4494854543003823,0.172374738262771,5.578040490240678,6.450124952424077,5.177880499469251,-0.09667916286250956,0.04426627138374094,0.00032392153909873285,0.010782525728623408,0.0016187827375950814,0,1,171.25521992652094,0.6527472527472528
12.84,5.186268114349538,-0.09595807045302138,0.04888595872135184,0.4494991803937429,0.17198702000705016,5.576610800765584,6.451520164189653,5.186870938110834,-0.09626451604680189,0.04773589447955917,0.00033486191275407116,0.009414604348418761,0.0016872981191415337,0,1,171.29832134278755,0.693040293040293
12.86,5.195246551795859,-0.09550408474305086,0.05232934034918485,0.4494834172415044,0.17231756872320023,5.575710715999237,6.4514371051685835,5.195859885089294,-0.0958187006235729,0.051200744025709226,0.00034559298741798926,0.008590583901450406,0.0016340275887312683,0,1,171.34080956742332,0.6688644688644687
12.88,5.204222618520808,-0.09501920405949417,0.05577725627383357,0.4494043173445037,0.17242695525209645,5.573976959900695,6.449259412450559,5.204847234712135,-0.09534176648862658,0.05466047354012416,0.00035620549638443037,0.010159426099073077,0.0015290170913898615,0,1,171.38148018963764,0.6366300366300366
12.9,5.213194693723243,-0.09450350657027884,0.05922365702933213,0.44932559817102435,0.17192921077772574,5.578057188409869,6.446296298385431,5.213832881944507,-0.0948337669980007,0.05811473705273502,0.00036677015440873524,0.009737995691492883,0.0016952410074836943,0,1,171.42319574861907,0.6769230769230768
12.92,5.2221650066086704,-0.09395695710170382,0.06265132385564083,0.4493636931516,0.1710531292033978,5.578330252534598,6.446484074780399,5.22281672245232,-0.09429475895746978,0.0615631891400694,0.0003772582857982187,0.009955363864298456,0.0016225179082842711,0,1,171.46672704305857,0.6688644688644687
12.94,5.23113393925329,-0.09337967455269483,0.06607122314436376,0.4494024134549317,0.17090886299197341,5.579906778149492,6.447048068283279,5.2317986526450575,-0.09372480261139081,0.06500548495979225,0.0003875787000011931,0.011615855235653803,0.0016535076978392294,0,1,171.51072064470958,0.6769230769230768
12.96,5.240102301560582,-0.09277163888262993,0.06948663536448181,0.4495059688483994,0.17046077418216532,5.5841350938790395,6.446278988583209,5.240778569718238,-0.09312396163089824,0.06844128028519048,0.0003977464261461358,0.011838522520644344,0.0016917102871399359,0,1,171.55608330110198,0.6769230769230768
12.98,5.249071011753077,-0.09213285372320376,0.07288858578612853,0.4496609354961543,0.1699416578428995,5.586052527309724,6.449618399496164,5.249756371695557,-0.09249230310145452,0.07187023153959411,0.0004077360243636237,0.010429889447365143,0.0017715294759070854,0,1,171.60287343730576,0.7252747252747253
13.0,5.258041038830375,-0.09146331454746566,0.07628919222223685,0.44981258882368225,0.1701242058668907,5.58647380247539,6.45097894699843,5.258731957470633,-0.09182989750976271,0.07529199583073543,0.0004175159022746814,0.0105384922774996,0.0016872330864907692,0,1,171.64889657194536,0.693040293040293
13.02,5.267010143556414,-0.09076315399772772,0.07969103042788536,0.4497504800942219,0.1696220460428993,5.587869210492838,6.442590253067682,5.26761101145372,-0.09114414698822582,0.07870623098503679,0.00042705677266525376,0.008802161933681064,0.0015678994408917513,0,1,171.68920384207016,0.6285714285714284
13.040000000000001,5.2759719047951785,-0.09003297758221827,0.08306825828160391,0.4492116984022339,0.16829798376710883,5.575994669312355,6.428489483411904,5.276308258250312,-0.09044259514664064,0.08211259558182828,0.0004358252504751551,0.010476237240400183,0.0009645187119434184,0,1,171.71834384710874,0.419047619047619
13.06,5.284912235949399,-0.08927423366792066,0.08642953630244483,0.44756655506071175,0.16789558625183418,5.540102166804108,6.392141296787347,5.284823701195946,-0.0897265423521155,0.0855107489874882,0.0004430945808838305,0.012091198301995886,0.00015873116255510356,0,1,171.72923600242888,0.04835164835164834
13.08,5.293801589370361,-0.08848974534702979,0.08978607800550703,0.44458018910373204,0.167743754099079,5.496822929864449,6.3479604432053645,5.293157350481184,-0.08899728724245601,0.08890035138950808,0.00044833994238462543,0.013532638145924022,0.00044715608507334137,0,1,171.72931335393756,0.11282051282051281
13.1,5.302624029201431,-0.08768132652038024,0.09313925163032098,0.44105851773254334,0.16757175006053765,5.4452320906182905,6.295543184204145,5.301309223105049,-0.0882561264440557,0.09228106383047242,0.0004511946482921893,0.013068199094191893,0.0008274784246694034,0,1,171.72931335393756,0.2498168498168498
13.120000000000001,5.311366205887936,-0.0868507137895612,0.09648736698980052,0.43648445072147457,0.1668458435024322,5.374756505161763,6.215136447225153,5.309279342824045,-0.08750435429087851,0.09565254824195464,0.0004513430503043374,0.013129071311278315,0.002049927445050226,0,1,171.73240006698543,0.684981684981685
13.14,5.319998121889057,-0.08600151202951953,0.0998106683249543,0.43037251340155874,0.1661470732201803,5.2810236925862695,6.129921938850741,5.317067740096873,-0.08674326254461152,0.09901446747832253,0.0004484411476980147,0.011540732757467736,0.0027277925457542818,0,1,171.74695799653296,0.9509157509157509
13.16,5.32849562374568,-0.08513700134647392,0.10314495264354877,0.4231137119320905,0.16695940345930957,5.173897484881523,6.020768848514757,5.324674452024823,-0.08597414011606605,0.1023664853504544,0.0004422793300869432,0.01207842980949436,0.003349113908707513,0,1,171.78429038381705,1.1846153846153844
13.18,5.336833461643316,-0.08426061667126718,0.10648145100690133,0.41478980010547517,0.16661974437551366,5.061061449623742,5.905225672328376,5.332099522287906,-0.0851982727879029,0.10570826665935631,0.0004329371148808959,0.011881859563261148,0.0035556261121945654,0,1,171.8425860798416,1.2652014652014654
13.200000000000001,5.344998770672865,-0.08337484733072371,0.1098095493588949,0.4059571265798437,0.1662469450833508,4.937709762207592,5.781325366802393,5.339343001076811,-0.08441694293875787,0.10903947722968253,0.00042042586114960116,0.012099470501774661,0.004041974848437657,0,1,171.91841790513791,1.4424908424908423
13.22,5.352979151867773,-0.08248228262645448,0.11313274923819645,0.3965546060562531,0.16598675777318897,4.811356667046872,5.652360657347233,5.346404945020691,-0.08363142926884136,0.11235978394315141,0.00040477726503296296,0.013037719338057512,0.004165372050831784,0,1,172.01127719737548,1.4908424908424907
13.24,5.360766551573214,-0.08158512092136191,0.11644605239761527,0.386697926185182,0.1649478502683416,4.679236305597126,5.508962921492455,5.353285417110864,-0.08284300652708483,0.11566885477185881,0.0003860742252382671,0.01093549712815558,0.004865798624232753,0,1,172.12502135804166,1.7406593406593402
13.26,5.368347344877163,-0.08068641451958831,0.11972719856593991,0.37593844779269264,0.16344936417564065,4.527662423737968,5.355886702440832,5.359984486620469,-0.08205294523990629,0.11896635881147943,0.0003643182126135745,0.011601928355812394,0.005308386818973387,0,1,172.279117177516,1.9179487179487178
13.280000000000001,5.375702578288658,-0.07979004376702287,0.12299335926708697,0.36452344329546066,0.1634357086986282,4.37438625970655,5.207305319490218,5.366502229020153,-0.08126251144166471,0.12225196631435749,0.00033951676923526836,0.010460668546487448,0.00539168916473004,0,1,172.45480583263648,1.9501831501831497
13.3,5.382828794019273,-0.07889793247784581,0.1262679972833717,0.35291280082575244,0.16371227734920357,4.214558468252379,5.043177448180303,5.372838725889838,-0.08047296640687242,0.1255253487224801,0.0003119253842142249,0.01015622395768297,0.005779824908578424,0,1,172.65072662655564,2.087179487179487
13.32,5.389713906811865,-0.07801311202383583,0.12953520583961398,0.340589508111866,0.16290819220321812,4.049693630081424,4.873123258960272,5.378994064826627,-0.07968556638423334,0.12878617870033462,0.00028184962810987946,0.008949522459472658,0.006057820208457021,0,1,172.88042669100062,2.1919413919413913
13.34,5.396347913204966,-0.07713858144380108,0.13278341604731125,0.3278054895857779,0.1617593221240594,3.8780762761125662,4.69393324742901,5.384968339348947,-0.07890156233257278,0.13203413016764054,0.00024950572161869895,0.012033065735907521,0.0064947672321734595,0,1,173.14020545992116,2.3531135531135527
13.36,5.40272107284383,-0.07627744810514106,0.13600766231632444,0.31476026988471706,0.16118074747678396,3.703752291589019,4.526185812008851,5.390761648796944,-0.0781221996587234,0.13526887833195775,0.00021509102971613357,0.013240406362856833,0.006354505994951687,0,1,173.40912959618777,2.3208791208791206
13.38,5.408835232842189,-0.07543122435238395,0.13923793667225184,0.3016712664585402,0.16119970348072526,3.5281309130286296,4.339332263214237,5.396374098229264,-0.07734871795743077,0.13849009972116577,0.00017890210749575003,0.011995649086606847,0.006849290378810269,0,1,173.69562197130364,2.4901098901098897
13.4,5.414681498542195,-0.0746028736993638,0.14244605660426593,0.28833472832997115,0.16002331917564164,3.355747027520431,4.16914304380867,5.401805798316227,-0.07658235075333975,0.1416974722158094,0.00014128312279965746,0.01062689985233759,0.006249270622566971,0,1,173.98412681046332,2.2886446886446885
13.42,5.420267242653725,-0.073793179509681,0.14564775721639456,0.2752785868088408,0.1599587319861055,3.1773050860974914,3.987206199800358,5.407056865229533,-0.07582432524512155,0.1448906750813123,0.00010249232174951227,0.01180750199088362,0.006630280901174013,0,1,174.27474966433593,2.4175824175824174
13.44,5.425586811490714,-0.07300469299085609,0.14884004098434772,0.2620465519122209,0.15901966538174137,3.012177191345644,3.813658801768852,5.412127420528525,-0.07507586205179981,0.14806938900004887,6.285634385696853e-05,0.014519724591412111,0.0062358782020878745,0,1,174.56340855767309,2.2805860805860805
13.46,5.430648313716041,-0.07223799701860666,0.15200780957358367,0.24896304477137188,0.15814205721643002,2.826106728627851,3.6306063508150546,5.417017591043106,-0.07433817496133244,0.1512332961032765,2.2636425139375884e-05,0.01874123913719954,0.006958049253161347,0,1,174.86839523277584,2.562637362637362
13.48,5.435439573112016,-0.07149672569241847,0.15517214945954264,0.2354543473298933,0.1578422530644314,2.659483570622289,3.4548619079113387,5.421727508753405,-0.07361247068150384,0.1543820800029208,-1.7916195757950847e-05,0.0192144003353678,0.006329732318784864,0,1,175.17879586379289,2.3208791208791206
13.5,5.439971240154952,-0.07078096292922346,0.15831596724593475,0.22273149316896657,0.15692057142605526,2.489349915064618,3.287474450533996,5.426257310666258,-0.07289994859318114,0.15751542582321615,-5.8481098160709146e-05,0.01906539986322608,0.006215340968169697,0,1,175.455433199511,2.2967032967032965
13.52,5.444250541642279,-0.07009128349980454,0.16145561086312218,0.210129711370689,0.1566239361784783,2.326530987506997,3.1160899099009285,5.430607138688569,-0.07220180050598521,0.1606330202321916,-9.882158855540907e-05,0.016407756856634904,0.006181516002030263,0,1,175.72840631844556,2.272527472527472
13.540000000000001,5.448279836694865,-0.06942894626488724,0.164575187763329,0.19754741825079739,0.15555755212910963,2.1575089491347685,2.946500339343848,5.434777139497701,-0.071519210416427,0.1637345514730045,-0.00013868507586939968,0.017116148031452547,0.006178312161158939,0,1,176.00636753647962,2.2967032967032965
13.56,5.452058623515723,-0.06879570367878067,0.1676837271937227,0.18523828278723242,0.15520971485303753,2.003707901511134,2.7897167473473847,5.4387674644088895,-0.07085335426855636,0.1668197093951148,-0.0001778718618263772,0.017299927566351795,0.005499372558255722,0,1,176.26098575464826,2.0388278388278387
13.58,5.455601686510072,-0.06819064978978957,0.17078156644884915,0.17354077233723197,0.1543164298145758,1.8491195574455617,2.626787514168633,5.442578269239857,-0.07020539971716998,0.16988818548530157,-0.00021615215911213953,0.01774376845238395,0.005851830439353889,0,1,176.4979470854067,2.1677655677655676
13.6,5.458910089081719,-0.06761515804197597,0.17385369127264177,0.16179155964678052,0.15293325229338908,1.6989017673428104,2.4712782841057663,5.446209714172664,-0.06957650589362228,0.17293967289851284,-0.00025337592414548726,0.016396899162915247,0.005503006274591965,0,1,176.73333133412999,2.0388278388278387
13.620000000000001,5.461990023009053,-0.0670696933162348,0.17690225288564268,0.15055452873994876,0.15191225503988431,1.5555954911993943,2.3234872030079337,5.449661963612898,-0.06896782317428214,0.17597386648855046,-0.00028942083846357405,0.01924475762671029,0.005156316971931779,0,1,176.94477556576362,1.9179487179487178
13.64,5.464851052591495,-0.06655402603965463,0.17993247717698235,0.1394913629989288,0.15118082676178163,1.404739602242313,2.1708072130734015,5.452935186046315,-0.06838049295167592,0.17899046283858333,-0.00032416911598941644,0.01870220785941044,0.005411535746016813,0,1,177.1591506890667,2.03076923076923
13.66,5.46748972425977,-0.06607019641034674,0.18295130347591762,0.12844858845433552,0.15049883209415835,1.268748523671041,2.028368206799235,5.456029553892998,-0.06781564740835506,0.18198916029149054,-0.00035750718200379156,0.028804593934163535,0.004915751042283006,0,1,177.36309293536576,1.8373626373626373
13.68,5.469918856985599,-0.06561722490322403,0.18595222374974177,0.11823874372226088,0.15000881397120777,1.1335595153642055,1.898383542348738,5.45894524335914,-0.0672744092935263,0.18496965898002576,-0.00038931505727913336,0.032212997481174455,0.0047201054154159955,0,1,177.5346889623055,1.7809523809523808
13.700000000000001,5.472149989972827,-0.06519424406585468,0.1889574400208067,0.1083833213066543,0.14995523340528188,1.0081143120028673,1.7629988816939004,5.461682434286552,-0.0667578917024781,0.1879316608568041,-0.0004195098327552261,0.02897134680106206,0.0046498995266153476,0,1,177.69550422860587,1.7406593406593402
13.72,5.474187864172578,-0.06480157216485138,0.19194108645485378,0.0987257667612178,0.1485225301730495,0.8833936643519434,1.6341605439841989,5.464241310000003,-0.06626719785883751,0.19087486972410567,-0.00044803192393365766,0.039858167617954424,0.004383006695282299,0,1,177.84946532191367,1.652014652014652
13.74,5.476037917876419,-0.06443938666141574,0.19490396231677506,0.08942763913244157,0.14789479721295326,0.7632061942860383,1.5135870503699564,5.466622057152448,-0.06580342089968828,0.19379899126349673,-0.0004748841079371335,0.03824389679959805,0.004087163090527583,0,1,177.9900608910904,1.5553113553113553
13.76,5.477708930562071,-0.06410711790243728,0.1978569864033202,0.0805550946856688,0.1466944244171285,0.6555387670989988,1.3883515336414352,5.468824865568298,-0.06536764366357976,0.19670373306526004,-0.0005000632631305293,0.034195301140290145,0.004300670301815565,0,1,178.11864895926018,1.6197802197802196
13.780000000000001,5.479207131115185,-0.06380464301827592,0.20076400566800984,0.07178866070156559,0.14454237954408658,0.5361417696340011,1.269119022594494,5.470849928084796,-0.06496093848145401,0.19958880465763632,-0.0005236109484635177,0.038249759199398464,0.00411497586563906,0,1,178.25012120720146,1.5714285714285714
13.8,5.480531827414473,-0.06353320874577043,0.20365074128949928,0.06318750562594133,0.14373107882086014,0.43289191744914574,1.1554951092906387,5.472697440391616,-0.06458436697051664,0.20245391753587003,-0.0005455999586227462,0.039103882747168583,0.0038342774051068618,0,1,178.37244298824484,1.4505494505494505
13.82,5.481694429948832,-0.06329150531423844,0.2065088179325009,0.05509999737333937,0.1422880887152757,0.32386528827907546,1.0440338596978938,5.4743676008687725,-0.06423897983107567,0.2052987851910612,-0.0005660673659972036,0.034164506253878214,0.00383219475189972,0,1,178.48674777053043,1.4505494505494505
13.84,5.482697239221241,-0.06308004651692899,0.20934936206439453,0.04710402561584559,0.141832079997863,0.22111499008838312,0.9405905200853075,5.475860610422968,-0.06392581664636975,0.208123123138815,-0.000585092051131322,0.03755078345819934,0.0035723061596228886,0,1,178.59864341222828,1.3619047619047615
13.86,5.483548233488531,-0.06289808050460892,0.2121823188387192,0.03956337031773786,0.1410696163522225,0.1255760993270611,0.8348662275882194,5.4771766723224475,-0.06364590568540623,0.2109266489476903,-0.0006027375471499515,0.042237760106540526,0.0037516303555436836,0,1,178.7031638962108,1.4102564102564101
13.88,5.484252786830093,-0.06274535284569957,0.21498781614703563,0.032153040841747374,0.13971086148744788,0.026318076051448074,0.733912077119912,5.478315992030495,-0.06340026370882702,0.21370908226744267,-0.0006190990947839095,0.03721165077806757,0.0036546987403690695,0,1,178.8110214592942,1.3780219780219778
13.9,5.484813352434685,-0.06262220160323052,0.21777693012137894,0.025001543499878674,0.13905060032212258,-0.06339344406343703,0.6387901541014394,5.479278777037666,-0.063189895777819,0.21647014485705837,-0.0006342902916403818,0.04374642306427734,0.00351189600347402,0,1,178.91467404383195,1.3135531135531133
13.92,5.485239986761486,-0.06252723396162053,0.22054711768579996,0.018543288230964,0.13765294594772834,-0.1393530711092923,0.5514719988673871,5.480065236692844,-0.06301579506608311,0.21920956061257954,-0.0006484220034717796,0.0416132677752626,0.0033369480459783524,0,1,179.00238173479033,1.2410256410256408
13.94,5.485546374426022,-0.06245815292708467,0.22328042353978803,0.012413436114797635,0.13569659799838707,-0.22360420887180787,0.45921540080619333,5.480675582033253,-0.06287894267487557,0.22192705559471348,-0.0006616393428835359,0.04994018245176658,0.0037546346740266814,0,1,179.0950080849641,1.386080586080586
13.96,5.48572822451979,-0.06241664518057053,0.2259812894991862,0.005848988795226448,0.13478784749756945,-0.31672883215551095,0.36932819165529807,5.4811100256135195,-0.06278030745113183,0.2246223580562268,-0.0006741229651143705,0.047531538321304495,0.003993960182351573,0,1,179.209732891149,1.4827838827838826
13.98,5.485780746212699,-0.06240452948996781,0.22867734838333084,-0.0007400564262158427,0.1340543792089096,-0.3965551775469305,0.27307718876362075,5.481368781333874,-0.0627208458086825,0.22729519846911891,-0.0006860254300454732,0.052020511487378185,0.004249486466205429,0,1,179.33328343161372,1.5553113553113553
14.0,5.485707644658338,-0.062421669883970486,0.2313340194909518,-0.007024834325878493,0.13213395237638523,-0.48052193471212734,0.19006422769642034,5.481452064267636,-0.06270150155256916,0.22981334791940028,-0.0006969286712128699,0.045203907737851386,0.003908859826017859,0,1,179.4555904700644,1.4344322344322342
14.02,5.485515875112095,-0.06246712164025728,0.2339680207538637,-0.012802990638169462,0.1296135276372982,-0.5332203794997411,0.09776741165739455,5.481452064267636,-0.06270150155256916,0.22981334791940028,-0.0006975011583316398,0.04635039008664802,0.004491023738612602,0,1,179.56869909142793,1.6197802197802196
14.040000000000001,5.485219661509331,-0.06253811951407398,0.23648532853574986,-0.017710667880109842,0.12033555389448404,-0.5575159297407388,0.0027133236013040206,5.481452064267636,-0.06270150155256916,0.22981334791940028,-0.000699156212625087,0.041966911114855246,0.004949588089744324,0,1,179.67200458718062,1.7728937728937728
14.06,5.484836553288357,-0.062630910686362,0.23876319935839463,-0.021789309685514072,0.1064506596436086,-0.5697893142998239,-0.08639451018578238,5.481452064267636,-0.06270150155256916,0.22981334791940028,-0.0007022373686976451,0.04005300676780685,0.00491590391070524,0,1,179.7700457961605,1.7567765567765565
14.08,5.4843805451749725,-0.06274238552866954,0.240750936631671,-0.025126106830185124,0.09187903598275737,-0.5727351528823192,-0.1592471276475171,5.481452064267636,-0.06270150155256916,0.22981334791940028,-0.0007069046930722372,0.043982066953605924,0.00427444458010256,0,1,179.85226272264092,1.515018315018315
14.1,5.48386878257404,-0.06286848908344957,0.24245500142552864,-0.027501724589119515,0.07758280138202485,-0.5586635159673455,-0.22250146449774022,5.481452064267636,-0.06270150155256916,0.22981334791940028,-0.0007131154882930345,0.037879961297753686,0.003926617510795722,0,1,179.91626102942726,1.386080586080586
14.120000000000001,5.483318998386705,-0.06300487098196376,0.24386326963752858,-0.029245813881204556,0.06260757251745479,-0.5449113172562071,-0.28351218175805243,5.481452064267636,-0.06270150155256916,0.22981334791940028,-0.0007206732415641925,0.03867985735208555,0.003913038528965785,0,1,179.974692957974,1.3780219780219778
14.14,5.482736310733147,-0.06315019754018052,0.2449755048196442,-0.030759460497234947,0.048062236189167065,-0.5246139283105277,-0.3347390716152259,5.481452064267636,-0.06270150155256916,0.22981334791940028,-0.0007294452190264511,0.046430115518146874,0.0034777947498487415,0,1,180.02695581161876,1.2249084249084248
14.16,5.482130309253807,-0.06330196525906129,0.24580291589492095,-0.03163004164660963,0.03414794505105086,-0.4971622469344258,-0.3756328387300895,5.481452064267636,-0.06270150155256916,0.22981334791940028,-0.0007391782209583269,0.041001214089499374,0.0030305308178467452,0,1,180.06852495544362,1.0556776556776555
14.18,5.481513516827861,-0.06345689137204606,0.246358295358254,-0.03184895183188589,0.02094639655633326,-0.4630011535912764,-0.4051987455526012,5.481452064267636,-0.06270150155256916,0.22981334791940028,-0.0007495284473070108,0.03884007337010011,0.002520769430262519,0,1,180.10090539126438,0.8703296703296701
14.200000000000001,5.480897873538954,-0.06361181149532666,0.2466574501624487,-0.031639553892219154,0.008473641294366539,-0.4292897276402785,-0.4329989224056233,5.481452064267636,-0.06270150155256916,0.22981334791940028,-0.0007601346099984502,0.03494163736524475,0.0024453571341322353,0,1,180.12840453403447,0.8461538461538461
14.22,5.480287079319869,-0.06376562979679537,0.2467128024444414,-0.031200655232507528,-0.0032034861095934257,-0.39123669234000763,-0.4489598767573428,5.481452064267636,-0.06270150155256916,0.22981334791940028,-0.0007707725166073396,0.034462963682402974,0.0018626731634704269,0,1,180.15104637392213,0.6366300366300366
14.24,5.479689559172496,-0.06391607254760107,0.24654533565251402,-0.030471309760957552,-0.014267401614309904,-0.3542588799550114,-0.47140397364898007,5.481452064267636,-0.06270150155256916,0.22981334791940028,-0.0007811473969457647,0.03165916390915885,0.0021731819559970694,0,1,180.17239704944646,0.7494505494505493
14.26,5.479104040807526,-0.06406332272551873,0.24615139750698303,-0.029750738520405502,-0.025303475191076473,-0.31481596209685153,-0.4817174956625242,5.481452064267636,-0.06270150155256916,0.22981334791940028,-0.0007911475959678352,0.039071187076873744,0.0015704133679792856,0,1,180.1920534398158,0.5318681318681318
14.280000000000001,5.478537995602897,-0.06420537923015003,0.24555256642521553,-0.02842317467839188,-0.03466584647645405,-0.2714151543269907,-0.4792457300509972,5.481452064267636,-0.06270150155256916,0.22981334791940028,-0.0008005265727306227,0.04927858781696766,0.0014805272733413068,0,1,180.2062465875071,0.5641025641025641
14.3,5.478001714489408,-0.06433957763531534,0.24478260788423303,-0.02695537954140887,-0.04244571129440944,-0.23971621714482663,-0.4821593795092875,5.481452064267636,-0.06270150155256916,0.22981334791940028,-0.0008090341823040611,0.053053441207219415,0.0011418887758498988,0,1,180.21660806210636,0.37875457875457874
14.32,5.477488712906197,-0.06446749242357687,0.2438662892052398,-0.02574574043106825,-0.049868261201081884,-0.19736330615640665,-0.4827616834350843,5.481452064267636,-0.06270150155256916,0.22981334791940028,-0.0008167263568031583,0.052751234845450315,0.0014685228411321916,0,1,180.22704045787336,0.556043956043956
14.34,5.477003394286812,-0.06458799521290189,0.2427916137988081,-0.024215130144989074,-0.057613920130028695,-0.16072724499835372,-0.47899699931121315,5.481452064267636,-0.06270150155256916,0.22981334791940028,-0.0008235074641569544,0.0593662034545463,0.0012139419454070943,0,1,180.23757349212596,0.4673992673992673
14.36,5.4765471198698625,-0.06470073334626,0.2415802598865193,-0.0226718284881943,-0.0630869138854533,-0.130457380698277,-0.4638911075096424,5.481452064267636,-0.06270150155256916,0.22981334791940028,-0.0008293442034803327,0.05428006600268588,0.0009010112975873959,0,1,180.2435050874977,0.3545787545787545
14.38,5.476122189129099,-0.06480516226553197,0.24028620950888327,-0.021043493566350917,-0.06670442233051099,-0.09846856694835487,-0.453443347373876,5.481452064267636,-0.06270150155256916,0.22981334791940028,-0.0008342301440921022,0.0479823036253324,0.0009845108024272142,0,1,180.24775427238015,0.37875457875457874
14.4,5.475727489290072,-0.06490160525010617,0.23891514002979045,-0.019557096212968188,-0.07012107002015575,-0.07491583437445638,-0.4389254995581985,5.481452064267636,-0.06270150155256916,0.22981334791940028,-0.0008382265806928901,0.0479463811726248,0.0006154053310543674,0,1,180.25094174896637,0.2498168498168498
14.42,5.475360423548274,-0.06499075275034896,0.23749459352440763,-0.018119849612969585,-0.07193159278349795,-0.05053377474981183,-0.4217195661695172,5.481452064267636,-0.06270150155256916,0.22981334791940028,-0.0008414142698555975,0.04254458788774976,0.0006628138778690877,0,1,180.25300638262848,0.2659340659340659
14.44,5.475022151642183,-0.06507239336310815,0.23604148603142852,-0.01665377924617168,-0.07364064643919066,-0.02621763393733066,-0.40876816501919355,5.481452064267636,-0.06270150155256916,0.22981334791940028,-0.0008438515499770525,0.035478252941836985,0.0006957338774256552,0,1,180.2553321211718,0.2739926739926739
14.46,5.474711279067091,-0.06514693785270206,0.23455110097366438,-0.015147649742191923,-0.07496789303063377,-0.0032065200385989036,-0.38347402717516554,5.481452064267636,-0.06270150155256916,0.22981334791940028,-0.0008456207236508799,0.030762206438360293,0.0006632610634765895,0,1,180.25833269032344,0.2659340659340659
14.48,5.474432641207246,-0.06521331286507104,0.23305493074770064,-0.013538339449831205,-0.0744737179827435,0.011851062903030589,-0.3627852118971408,5.481452064267636,-0.06270150155256916,0.22981334791940028,-0.0008467781365829453,0.037888940072880205,0.0004794549742669109,0,1,180.26101950353018,0.18534798534798533
14.5,5.474181044721906,-0.06527284991741374,0.23157580331731098,-0.012235749641025839,-0.073302575240681,0.026551247928187294,-0.3403282516224312,5.481452064267636,-0.06270150155256916,0.22981334791940028,-0.0008474372778418775,0.03763103226870591,0.0006386200650728875,0,1,180.26286991551427,0.24175824175824176
14.52,5.473955187165272,-0.06532594676145952,0.23012352597207933,-0.010960334021469823,-0.07198542577583628,0.03957152841358509,-0.3222610609200435,5.481452064267636,-0.06270150155256916,0.22981334791940028,-0.0008476887501782174,0.03708735451968135,0.0004679853498754556,0,1,180.26464925742962,0.18534798534798533
14.540000000000001,5.473752196137801,-0.06537335931432774,0.2286981332044126,-0.009816694497822496,-0.06962896292471843,0.042469369600568976,-0.29282450109962155,5.481452064267636,-0.06270150155256916,0.22981334791940028,-0.0008476142763398534,0.04394173958011044,0.0010843598710473835,0,1,180.26767469637207,0.40293040293040294
14.56,5.473572036983785,-0.06541517484720343,0.22734988265462108,-0.00860595848420568,-0.06547893171907702,0.05300478089016137,-0.2690892343866918,5.481452064267636,-0.06270150155256916,0.22981334791940028,-0.000847290938634574,0.04089557623930037,0.000865262931828429,0,1,180.2717643184238,0.32234432234432236
14.58,5.473415282430724,-0.06545134098624357,0.22606748645952568,-0.007563550059528327,-0.0625291704842636,0.05412176988243505,-0.251083722874996,5.481452064267636,-0.06270150155256916,0.22981334791940028,-0.0008467982050932778,0.04760323356101256,0.0006128132359137124,0,1,180.2741977482227,0.22564102564102562
14.6,5.473274355602793,-0.0654836688998584,0.2248512003276437,-0.006778483220389292,-0.05835670902517863,0.052196422680058446,-0.22194472627948558,5.481452064267636,-0.06270150155256916,0.22981334791940028,-0.0008461736462123681,0.04916149625478726,0.0012204034642118167,0,1,180.27822722014216,0.4432234432234432
14.620000000000001,5.473151675857395,-0.06551166060033499,0.22373778762982488,-0.005745947190031852,-0.05319289244163213,0.05738876967116772,-0.19807622615653633,5.481452064267636,-0.06270150155256916,0.22981334791940028,-0.0008454834863215928,0.048291580045236385,0.000996879792201734,0,1,180.28342315459116,0.3626373626373626
14.64,5.473048750673941,-0.06553502903719031,0.2227112006540561,-0.004904981140715953,-0.04917250002824342,0.052833118265615854,-0.1802814993117097,5.481452064267636,-0.06270150155256916,0.22981334791940028,-0.000844791619255002,0.04173699408623102,0.0007266436977039752,0,1,180.28678246530578,0.2659340659340659
14.66,5.472957596490851,-0.06555562986639739,0.22177233093694806,-0.0043383290726426785,-0.04395219665520321,0.04536930784453434,-0.151970562431536,5.481452064267636,-0.06270150155256916,0.22981334791940028,-0.0008440862921460228,0.044486882379300145,0.0012914542547660893,0,1,180.29215815083248,0.4673992673992673
14.68,5.47288026071049,-0.06557303636192043,0.22095521803485502,-0.003543649420644771,-0.03805620252127376,0.046419440507262995,-0.13068625863785568,5.481452064267636,-0.06270150155256916,0.22981334791940028,-0.0008434183876673748,0.04908153533113074,0.0009728585018476087,0,1,180.29801186113232,0.3545787545787545
14.700000000000001,5.472818310170006,-0.06558693003457715,0.2202367390375151,-0.0028381000912781028,-0.0330998115755842,0.03703867048395726,-0.10681284662215552,5.481452064267636,-0.06270150155256916,0.22981334791940028,-0.0008428347089525076,0.047662495617400526,0.001116100793977436,0,1,180.30319221416718,0.40293040293040294
14.72,5.472767597149468,-0.06559826780213267,0.2196356952245265,-0.0023322422864290957,-0.026621563186368612,0.026813954706516163,-0.0825909007041771,5.481452064267636,-0.06270150155256916,0.22981334791940028,-0.0008423221822665356,0.04679249775717271,0.0011960217390258494,0,1,180.31017626249024,0.43516483516483506
14.74,5.472726861988255,-0.06560735181184711,0.21916528035384153,-0.0018143468499958564,-0.020570157016237507,0.022350578408484728,-0.06384365980863045,5.481452064267636,-0.06270150155256916,0.22981334791940028,-0.0008418880657182454,0.039102015970402706,0.0009344021974336987,0,1,180.31588881374677,0.3384615384615384
14.76,5.472696264647014,-0.06561416164761899,0.21879941416456963,-0.0012923229416729482,-0.015731017316790014,0.0168172638684321,-0.04383072958011545,5.481452064267636,-0.06270150155256916,0.22981334791940028,-0.0008415489183279637,0.04495096138061865,0.000993911513354392,0,1,180.32017284984724,0.3626373626373626
14.780000000000001,5.472675162901303,-0.06561885098807455,0.2185332989527424,-0.0009971112563789423,-0.01052084938115705,0.0015246778494296728,-0.030758126861971005,5.481452064267636,-0.06270150155256916,0.22981334791940028,-0.0008413080823271371,0.04372740805678738,0.0008874992873336715,0,1,180.32487925553917,0.3142857142857142
14.8,5.472655270456573,-0.06562326695440339,0.218376263007739,-0.0008951905291979386,-0.004802500007620533,-0.00754042914719577,-0.0089137032863954,5.481452064267636,-0.06270150155256916,0.22981334791940028,-0.000841076533161283,0.053020778575946455,0.0011391377841661848,0,1,180.33054762975326,0.4109890109890109
14.82,5.472642160350828,-0.06562617592415983,0.2183359771766307,-0.0004984267098857937,0.0007143995836669146,-0.01579001287497401,0.0051910467798527695,5.481452064267636,-0.06270150155256916,0.22981334791940028,-0.0008409225961921994,0.051594090599734375,0.0007520192974780375,0,1,180.33543571492245,0.2659340659340659
14.84,5.472634555164048,-0.06562786343837812,0.2183923202494966,-0.00019514204827854168,0.004907217420013075,-0.01790920322313615,0.020584432279988022,5.481452064267636,-0.06270150155256916,0.22981334791940028,-0.0008408333143817819,0.04868911765236004,0.0008066031594751591,0,1,180.3385097281227,0.2901098901098901
14.86,5.4726350819847545,-0.0656277463953646,0.21852551032792608,0.00019905634970748497,0.008889118196893461,-0.02754251860462485,0.03610428299240526,5.481452064267636,-0.06270150155256916,0.22981334791940028,-0.0008408393560893732,0.044359466604961165,0.0008198324173131514,0,1,180.34186744856711,0.2901098901098901
14.88,5.472640709080519,-0.06562649612690054,0.2187495669866304,0.00038310129140463377,0.013797872770914781,-0.03806405218076927,0.051388537512895016,5.481452064267636,-0.06270150155256916,0.22981334791940028,-0.0008409037872043911,0.03719522098325277,0.0008494431955886842,0,1,180.34600831414636,0.3062271062271062
14.9,5.47264947756165,-0.06562454544731827,0.21907197771202724,0.00044517393340966937,0.018365942092494394,-0.048828453955558584,0.05862001821378843,5.481452064267636,-0.06270150155256916,0.22981334791940028,-0.0008410018160970247,0.036398445573722654,0.0006177789825026281,0,1,180.3493062336286,0.22564102564102562
14.92,5.472657053191121,-0.06562285735292625,0.21947219677614285,0.0003965005680078935,0.021477543351992704,-0.05204938769304621,0.06528980866804039,5.481452064267636,-0.06270150155256916,0.22981334791940028,-0.0008410837999566515,0.0376245069242814,0.00041950184521652185,0,1,180.35086743166437,0.1531135531135531
14.94,5.47266656596054,-0.06562073310327654,0.21992319642935323,0.0006627333930341854,0.02402419812158312,-0.054570239278497315,0.08038056103186943,5.481452064267636,-0.06270150155256916,0.22981334791940028,-0.0008411823678576434,0.04650340011114454,0.0008012110412552289,0,1,180.35267991968686,0.2901098901098901
14.96,5.472683167495359,-0.06561701760944591,0.22043573886033785,0.0009076701526888158,0.027412903363873885,-0.06505121549829579,0.08732867461119047,5.481452064267636,-0.06270150155256916,0.22981334791940028,-0.0008413463179516461,0.0467310939030031,0.0005780596759249615,0,1,180.35505981840436,0.2095238095238095
14.98,5.472699601274689,-0.0656133306106872,0.22101475121388375,0.0008423410971406334,0.030312443598981487,-0.06811294418949518,0.09338849199339991,5.481452064267636,-0.06270150155256916,0.22981334791940028,-0.0008414997999588287,0.0521073067114615,0.00040243151855787716,0,1,180.35648164335888,0.14505494505494504
15.0,5.472716855501237,-0.06560944848434314,0.2216372175456896,0.000853627883911645,0.03159404736537684,-0.07023056959427519,0.09048696792383037,5.481452064267636,-0.06270150155256916,0.22981334791940028,-0.0008416501789096772,0.04510043707274618,0.00011805160406068438,0,1,180.35688007584602,0.04835164835164834
15.02,5.472731995551626,-0.06560603218861488,0.22227054985605602,0.000762174656029414,0.03198734865340805,-0.07193512107891804,0.09450836195852756,5.481452064267636,-0.06270150155256916,0.22981334791940028,-0.0008417725408782321,0.040169913932464996,0.00024835624671262335,0,1,180.35707224420804,0.08864468864468862
15.040000000000001,5.47274782749581,-0.0656024488743292,0.22291978355431727,0.00086645719550559,0.03294465593011114,-0.07252551307735033,0.09802761283065707,5.481452064267636,-0.06270150155256916,0.22981334791940028,-0.0008418898858745709,0.03605549806066127,0.0002261291400725736,0,1,180.35732854766349,0.08058608058608059
15.06,5.472765695505803,-0.06559839238325264,0.22358599409579144,0.0009704243970819512,0.03364327385980186,-0.07230551012714337,0.10046470792440933,5.481452064267636,-0.06270150155256916,0.22981334791940028,-0.0008420103016085877,0.0327838201751451,0.00017220666388639318,0,1,180.3575024506839,0.06446886446886446
15.08,5.472785156595459,-0.06559396059105618,0.22426174289890333,0.0009519717238893316,0.03364736346190469,-0.0726192405485033,0.0950848471847614,5.481452064267636,-0.06270150155256916,0.22981334791940028,-0.0008421281801192326,0.02736860331695746,0.00021360724279411748,0,1,180.3576333204048,0.08058608058608059
15.1,5.472801868095467,-0.06559014332173853,0.2249272979668965,0.0008246722950701731,0.03307671048949631,-0.0720951475062221,0.09590616697652751,5.481452064267636,-0.06270150155256916,0.22981334791940028,-0.0008422180801188994,0.026151995472241507,8.371523516509209e-05,0,1,180.3577457728569,0.03223443223443223
15.120000000000001,5.472818638900467,-0.06558630055193562,0.22558857766104484,0.0008991501180053992,0.03307596261711365,-0.07123043703006905,0.09705270262597807,5.481452064267636,-0.06270150155256916,0.22981334791940028,-0.0008422966594954229,0.023826797398589637,9.536968169136188e-05,0,1,180.3577895135447,0.03223443223443223
15.14,5.472836829955115,-0.0655821197000385,0.226249472431186,0.0009703925850448257,0.03281787494907037,-0.06790005809785854,0.09562300066609657,5.481452064267636,-0.06270150155256916,0.22981334791940028,-0.0008423695721978823,0.02184726170308001,0.00017249929793915382,0,1,180.35785707112248,0.056410256410256404
15.16,5.472855615571815,-0.06557778942445362,0.22689817594533337,0.0008040594644552758,0.03206043519909216,-0.07382155234063521,0.08657637792697832,5.481452064267636,-0.06270150155256916,0.22981334791940028,-0.000842432428448964,0.03233317300846793,0.00040231380775941107,0,1,180.3583534891074,0.14505494505494504
15.18,5.472866488079078,-0.0655752762463917,0.22753270773344575,0.00043243722780364425,0.03126661062607492,-0.07115860656279661,0.08350575357332372,5.481452064267636,-0.06270150155256916,0.22981334791940028,-0.0008424620358281217,0.03132417393184047,0.0001713232989408453,0,1,180.35887601178445,0.056410256410256404
15.200000000000001,5.472875217852511,-0.06557325219591062,0.2281472316679573,0.00046640512767605607,0.030090362131602166,-0.067266908154126,0.0805682456419739,5.481452064267636,-0.06270150155256916,0.22981334791940028,-0.0008424798053708903,0.03739355540624482,0.00020574556576890505,0,1,180.3590575425516,0.07252747252747252
15.22,5.472884589895375,-0.06557107328623471,0.22873584887246456,0.0004970229052636199,0.028633219644930635,-0.06246458474913076,0.07657105503723766,5.481452064267636,-0.06270150155256916,0.22981334791940028,-0.0008424930934003154,0.04879063103835181,0.00025844497108839376,0,1,180.359359072275,0.08864468864468862
15.24,5.472894572730603,-0.06556874633715273,0.22929216230795355,0.0005283054819960634,0.02683950359420636,-0.056791453612100244,0.07173253117775077,5.481452064267636,-0.06270150155256916,0.22981334791940028,-0.0008425013700626678,0.045670440891172115,0.0003118411799956271,0,1,180.35983255974307,0.11282051282051281
15.26,5.472905139841923,-0.06556627720397405,0.22980911239619273,0.0005581878760959504,0.024718393478868728,-0.0505998803459839,0.06633866203521341,5.481452064267636,-0.06270150155256916,0.22981334791940028,-0.0008425042964300647,0.040129379785570414,0.0003433158589403163,0,1,180.36048864660378,0.12087912087912088
15.280000000000001,5.472916276144844,-0.0655636692489529,0.2302814716920788,0.0005877636203374765,0.02233817057300717,-0.04347141032310154,0.06012809056445636,5.481452064267636,-0.06270150155256916,0.22981334791940028,-0.000842501710176053,0.042496924128621986,0.0003961330143012706,0,1,180.3613481642566,0.13699633699633695
15.3,5.472927632726995,-0.06556100439428456,0.2307049160612531,0.0005014900578523865,0.020162998171963476,-0.04396620281575781,0.05300274032768115,5.481452064267636,-0.06270150155256916,0.22981334791940028,-0.0008424938989067181,0.03890310395080676,0.0003572541859493605,0,1,180.3620684509952,0.12893772893772892
15.32,5.472934945509853,-0.06555928542007827,0.2310924734487836,0.0003078790338624846,0.01808196548062944,-0.03530797218202223,0.043838674498420147,5.481452064267636,-0.06270150155256916,0.22981334791940028,-0.0008424859394657066,0.05457679413062218,0.00047959649380544195,0,1,180.3631439652335,0.1692307692307692
15.34,5.472941033927508,-0.06555785178845074,0.23142547315293063,0.00031883548157303634,0.015678089268231006,-0.033993332686549,0.04292273922212717,5.481452064267636,-0.06270150155256916,0.22981334791940028,-0.0008424769154121421,0.054931223388368616,0.0001105015278996804,0,1,180.36396498602866,0.040293040293040296
15.36,5.472947346477402,-0.06555636326904493,0.23172882498437306,0.00033021279518744115,0.013877814704577572,-0.023234260385969138,0.03246722114923762,5.481452064267636,-0.06270150155256916,0.22981334791940028,-0.0008424655030173111,0.06433904572223641,0.0005640024697346124,0,1,180.36513146323685,0.20146520146520147
15.38,5.472953875250982,-0.0655548218502803,0.2319726616774055,0.00034107302952767756,0.010989124943915327,-0.02113061694942185,0.03065330000830521,5.481452064267636,-0.06270150155256916,0.22981334791940028,-0.000842451836888384,0.062733773031564,0.00016206443860959587,0,1,180.36631995391528,0.056410256410256404
15.4,5.472960229917184,-0.06555332006643672,0.2321808324422124,0.00023374692422768774,0.009405584855427808,-0.018211117813256253,0.019540685293725435,5.481452064267636,-0.06270150155256916,0.22981334791940028,-0.0008424371027093182,0.06421083644815014,0.0005552566497295638,0,1,180.3670599699356,0.20146520146520147
15.42,5.472962579929399,-0.06555276425745014,0.2323437165022433,0.00014417248238809003,0.0067482169718834015,-0.007501072218969405,0.01651854954855564,5.481452064267636,-0.06270150155256916,0.22981334791940028,-0.0008424312294073248,0.05664703679762609,0.0005754083258470509,0,1,180.36842936753024,0.2095238095238095
15.44,5.472968013910991,-0.06555147811429135,0.23245443942028549,0.00035568459414191345,0.0044494710748785495,-0.0032680718189482512,0.01319869044988412,5.481452064267636,-0.06270150155256916,0.22981334791940028,-0.0008424167384177971,0.05048703937873963,0.00024460952366389227,0,1,180.36932605735237,0.08864468864468862
15.46,5.472975028613645,-0.06554981721596112,0.2325280602530046,0.00036549761927567295,0.002764065935106049,0.0016796525146391024,0.00849465703686664,5.481452064267636,-0.06270150155256916,0.22981334791940028,-0.000842397426562347,0.04734958211853907,0.00028564884699240904,0,1,180.36980176839378,0.10476190476190475
15.48,5.472981847555371,-0.06554820226616422,0.23256429926666236,0.0002570612445209914,0.0005035837869196199,0.005447632369015556,-0.00349609839699985,5.481452064267636,-0.06270150155256916,0.22981334791940028,-0.0008423782616904445,0.05464011224464563,0.0006149495438107079,0,1,180.37093926404583,0.22564102564102562
15.5,5.472984260741073,-0.06554763070694236,0.23254670534126173,4.873420482477472e-05,-0.002168849202459674,0.009917009815840946,-0.008775507697881484,5.481452064267636,-0.06270150155256916,0.22981334791940028,-0.0008423714428975901,0.06611511847515089,0.000294815933698548,0,1,180.3721204021312,0.10476190476190475
15.52,5.47298550628677,-0.06554733576583684,0.23248616683068565,0.00015763315215598067,-0.003626374276761106,0.014816930881235158,-0.005422349773020377,5.481452064267636,-0.06270150155256916,0.22981334791940028,-0.0008423679861662649,0.06138157239977503,0.00026462555135204604,0,1,180.3725947206386,0.09670329670329668
15.540000000000001,5.4729912006993775,-0.06554598776194578,0.232407871471489,0.0003690732303324083,-0.004567355264614913,0.020377185791397204,-0.010088478201702783,5.481452064267636,-0.06270150155256916,0.22981334791940028,-0.0008423525859160839,0.05511101539348306,0.00029141820374554853,0,1,180.3730601302213,0.10476190476190475
15.56,5.4729980912271525,-0.0655443572180678,0.2323007136136361,0.0002616391365051639,-0.005817233581403406,0.016090187746583266,-0.013887541878226285,5.481452064267636,-0.06270150155256916,0.22981334791940028,-0.0008423345439482518,0.04847331156067012,0.0001979303969054881,0,1,180.37346173144653,0.07252747252747252
15.58,5.473000600541222,-0.06554376368582292,0.23218168482450255,5.416035708307226e-05,-0.006475787868551893,0.02040042900285918,-0.019102926218136328,5.481452064267636,-0.06270150155256916,0.22981334791940028,-0.0008423282274633583,0.04249761563026151,0.00025648012841843724,0,1,180.37384165914992,0.08864468864468862
15.6,5.473001550723061,-0.06554353908319686,0.23203556685303756,4.303790246854557e-05,-0.008274683489901477,0.02525104288485068,-0.024243902933780214,5.481452064267636,-0.06270150155256916,0.22981334791940028,-0.000842325977296277,0.04244526448622784,0.00028914075942078083,0,1,180.37441023930936,0.10476190476190475
15.620000000000001,5.4730023393249425,-0.06554335281172285,0.23185175391019386,3.674323738596955e-05,-0.010143547432450497,0.029451054506462876,-0.028611346410086943,5.481452064267636,-0.06270150155256916,0.22981334791940028,-0.0008423242432813894,0.045149394159290826,0.00025532020597689577,0,1,180.3749807679437,0.08864468864468862
15.64,5.473003010590915,-0.06554319439752213,0.23163563624189568,3.155478834844227e-05,-0.01092424218941654,0.02628176351682318,-0.02557179224762017,5.481452064267636,-0.06270150155256916,0.22981334791940028,-0.0008423229055170467,0.04062889535566786,0.00013602854057584608,0,1,180.3752639421756,0.04835164835164834
15.66,5.47300359191936,-0.06554305734134605,0.23142372900427646,2.899438518425149e-05,-0.010788300832055417,0.030513313935403148,-0.029739773543191957,5.481452064267636,-0.06270150155256916,0.22981334791940028,-0.0008423218768625436,0.035828704925121704,0.0002097270018804557,0,1,180.37549669956175,0.07252747252747252
15.68,5.473004124528653,-0.06554293189246448,0.2311945419832786,2.5521686166333596e-05,-0.012165278045300109,0.033672025477267324,-0.03299161915835932,5.481452064267636,-0.06270150155256916,0.22981334791940028,-0.0008423210523169308,0.03640734623417633,0.00018849029443626132,0,1,180.37581981030172,0.06446886446886446
15.700000000000001,5.473004600266336,-0.06554281996016877,0.23094250804575783,2.1205752234105465e-05,-0.012433777582935682,0.028789288478131933,-0.02836410387673583,5.481452064267636,-0.06270150155256916,0.22981334791940028,-0.0008423204338788518,0.04291855683315483,0.00022442685713199018,0,1,180.37610698941248,0.08058608058608059
15.72,5.473004943332585,-0.06554273933092455,0.23070597295313455,1.3774379667937118e-05,-0.011796418362002306,0.03227163634197001,-0.03204472997399651,5.481452064267636,-0.06270150155256916,0.22981334791940028,-0.0008423200735084551,0.05186158408824959,0.00017580963893723675,0,1,180.376395001409,0.06446886446886446
15.74,5.473005125326304,-0.06554269660097146,0.23046252033012574,4.526413204037668e-06,-0.011913128263087472,0.02681592787950081,-0.026836235102725068,5.481452064267636,-0.06270150155256916,0.22981334791940028,-0.0008423199243731436,0.04816343963491642,0.0002568261922280971,0,1,180.3767178740494,0.08864468864468862
15.76,5.47300515067174,-0.06554269065483341,0.23023877556067013,-2.149676510970932e-06,-0.010973120248450827,0.02910824607083743,-0.029306177068891978,5.481452064267636,-0.06270150155256916,0.22981334791940028,-0.0008423199081488437,0.05770576656095831,0.00011092075645027007,0,1,180.37699475445373,0.040293040293040296
15.780000000000001,5.47300502935191,-0.06554271907473178,0.23001243691883744,-1.0673614620342465e-05,-0.01173207350687414,0.031220977990639616,-0.0316468056618015,5.481452064267636,-0.06270150155256916,0.22981334791940028,-0.0008423199447121135,0.06425644738739746,0.00013374284370868328,0,1,180.37711184393694,0.04835164835164834
15.8,5.47300479514184,-0.06554277388740311,0.22977298012239944,-1.4526125197679282e-05,-0.011541166675391078,0.024895147531858258,-0.025423254806341895,5.481452064267636,-0.06270150155256916,0.22981334791940028,-0.000842319964233481,0.06357427199364217,0.0003111594782372563,0,1,180.377506437275,0.11282051282051281
15.82,5.473004487580767,-0.06554284579262515,0.2295598251147901,-1.8200406255817698e-05,-0.01031801603134344,0.02694725441373812,-0.027573386014796312,5.481452064267636,-0.06270150155256916,0.22981334791940028,-0.0008423199178750678,0.05981119604005517,8.9380498898652e-05,0,1,180.37787125268272,0.03223443223443223
15.84,5.473004105886833,-0.06554293494618038,0.22935126111613097,-2.0454137501093605e-05,-0.009903842739955804,0.020535101845696326,-0.02120964288029266,5.481452064267636,-0.06270150155256916,0.22981334791940028,-0.0008423197792194821,0.06167092960180601,0.00032114334466328497,0,1,180.37826585061444,0.11282051282051281
15.860000000000001,5.473003637142374,-0.06554304433311861,0.2291724814252721,-2.80700856622818e-05,-0.008356058177701204,0.020410465459617003,-0.021300413051947117,5.481452064267636,-0.06270150155256916,0.22981334791940028,-0.0008423195122471349,0.06700453924750775,2.8796058629671634e-05,0,1,180.37864498834801,0.008058608058608058
15.88,5.473003071426988,-0.06554317625037925,0.2290070116816994,-3.113162610564067e-05,-0.008240254275486176,0.020530169041841215,-0.02150129239276324,5.481452064267636,-0.06270150155256916,0.22981334791940028,-0.0008423190936828506,0.06449043440323741,1.5816991009228766e-05,0,1,180.37864764272274,0.008058608058608058
15.9,5.473002447410091,-0.06554332165432193,0.22884213404174422,-3.40508822680034e-05,-0.008217124193461213,0.020144277310218815,-0.021193283466481843,5.481452064267636,-0.06270150155256916,0.22981334791940028,-0.0008423185263829354,0.0627793741389714,1.638191622321621e-05,0,1,180.37864820028798,0.008058608058608058
15.92,5.473001718181611,-0.06554349144639912,0.2286816190572156,-4.112422840284119e-05,-0.007244804905927504,0.012816489382564848,-0.014054711185869167,5.481452064267636,-0.06270150155256916,0.22981334791940028,-0.0008423177392723933,0.06863836844183024,0.00037415200003102097,0,1,180.37915676553735,0.13699633699633695
15.94,5.473000904781031,-0.06554368071489182,0.2285589193431519,-4.254320772143796e-05,-0.005436564754897981,0.012553847731417343,-0.013700578953137709,5.481452064267636,-0.06270150155256916,0.22981334791940028,-0.0008423167424722747,0.05930868480858225,4.8865515852877816e-05,0,1,180.379663361841,0.016117216117216115
15.96,5.473000082469535,-0.06554387196007998,0.2284531469531864,-4.383705275115298e-05,-0.005187558615382178,0.012363840202978147,-0.013673930986525211,5.481452064267636,-0.06270150155256916,0.22981334791940028,-0.000842315640528992,0.061312263396764044,1.4511068948099655e-05,0,1,180.37967078102415,0.008058608058608058
15.98,5.4729991769541515,-0.06554408245602993,0.22835080485811657,-4.7312915417604685e-05,-0.004907791828259535,0.010594575523465549,-0.011857339888653855,5.481452064267636,-0.06270150155256916,0.22981334791940028,-0.0008423143297297435,0.05218956675611433,9.057436769179081e-05,0,1,180.37970153828115,0.03223443223443223
