time_s,x_m,y_m,yaw_rad,v_m_s,yaw_rate_rad_s,wl_rad_s,wr_rad_s,ref_x_m,ref_y_m,ref_yaw_rad,cross_track_m,estimated_slip,true_slip_speed_m_s,supervisor_active,drive_enabled,energy_j,current_a
0.0,0.0,0.025,0.03,0.0,0.0,0.0,0.0,0.0,0.0,0.0,0.025,0.00020751361889959159,0.0,0,1,0.0,0.0
0.02,0.0,0.025,0.02999345372772576,0.0,-0.001986084476350147,0.015876100159429023,-0.015876100159429023,0.00015749949355122722,3.7668306382369534e-07,0.003499941666958332,0.025000021437418283,0.0011442701283166327,0.0008133514614506487,0,1,0.0025147205168915923,0.2901098901098901
0.04,1.8805328141991928e-06,0.02500005628727357,0.02990534297334582,0.0005663908477357725,-0.005864081274358905,0.03618662178941622,0.004589638255477916,0.000614992278631111,2.9057412954551336e-06,0.006999533342666578,0.02500082966100799,0.00497837020180026,0.0010334303443422519,0,1,0.008762994460030682,0.37875457875457874
0.06,3.0444191625290483e-05,0.02500090873194007,0.02979030638973979,0.002782801932005032,-0.004333346297057474,0.06575706281894679,0.06359108374548555,0.0013724615480343344,9.686567658045746e-06,0.010498425070873481,0.025003933758904917,0.008783366877388444,0.0028098651453473044,0,1,0.032525150746137835,1.0234432234432234
0.08,0.00011980435917242037,0.025003569109789087,0.029762350781918714,0.006698669166230484,0.0035521768706221627,0.09768467562241873,0.1646430142139984,0.0024298794863436084,2.2817600671343013e-05,0.013996266965321955,0.025010636113365625,0.024545764144716157,0.004974643294401185,0,1,0.10670676668112143,1.805128205128205
0.1,0.0003038924291894768,0.025009064422049955,0.02995735599621954,0.01256326703022051,0.01684877902982762,0.16200356428107,0.3017798131075604,0.0037872072890415454,4.439585344068817e-05,0.017492709244737413,0.025021778642251673,0.026727336329000817,0.00686895093717927,0,1,0.27391251912352754,2.4901098901098897
0.12,0.0006275187424982871,0.025018833254962243,0.030428836943807918,0.020360199665537985,0.030854361636278322,0.24013027631181383,0.44955218359801785,0.005444395189174722,7.651644311233187e-05,0.020987402267805606,0.02503791013153996,0.03226060143764238,0.0074938853934204686,0,1,0.5271605951691953,2.7076923076923074
0.14,0.0011156880013296156,0.02503386544293674,0.031175096328370504,0.029298613072256556,0.04406213524713404,0.34557179849281183,0.6164138284456,0.007401382491553221,0.00012127212089549675,0.02447999656813647,0.02505898741837154,0.03728712642084851,0.008560618364207975,0,1,0.8685046596936995,3.0945054945054937
0.16,0.0017989796925369076,0.025055501599704825,0.03217419331072905,0.0398438705134237,0.05670460881892518,0.4644516309912753,0.8042843345616966,0.009658097614464208,0.00018075280279118849,0.02797014288921044,0.02508481130426789,0.033266130108899006,0.009703578903107753,0,1,1.329820498492526,3.497435897435897
0.18,0.002705424934769236,0.025085224060804632,0.03343585281823833,0.05173130091744497,0.07000477390917194,0.603724528814204,1.0098295862517794,0.012214458138873405,0.0002570451011672255,0.03145749221930386,0.025114976319958047,0.03240938598448207,0.010705011008695822,0,1,1.9201570036938305,3.8600732600732592
0.2,0.0038630011300329332,0.025124790135011635,0.034959329549784424,0.06496055359622241,0.08276943621781359,0.7598897463523229,1.2277693422846627,0.015070370865083645,0.0003522318573183197,0.034941695826389854,0.02514896195696624,0.03664962122749468,0.011395954193742716,0,1,2.638612846575591,4.1098901098901095
0.22,0.005295687214807984,0.025176116604433963,0.03673226750051216,0.0793424774338952,0.09532875975843391,0.9288714811629001,1.4642903521796624,0.018225731876815015,0.0004683916751493013,0.038422405293011185,0.025186170586148526,0.03995502316785758,0.012366834625477025,0,1,3.4861161285451168,4.456410256410256
0.24,0.00702685858717238,0.02524142179405575,0.038761520947923934,0.09480310592438188,0.10766012409915038,1.1156559855581796,1.7044525503042127,0.021680426612666406,0.0006075984561187341,0.041899272551121775,0.025225997771419966,0.04278456055138343,0.012575411769595493,0,1,4.448566642346375,4.536996336996337
0.26,0.0090757681046635,0.025323103929953267,0.04101640302076218,0.1114368327289768,0.11824636450471483,1.3267339649293894,1.9677712584496299,0.02543432994491389,0.0007719209355792277,0.045371949916893195,0.02526788184415053,0.04008716626632159,0.013679202398849621,0,1,5.567144436113929,4.939926739926739
0.28,0.01147373112457901,0.02542435902405193,0.04348138688971954,0.12970958848803799,0.12916998337081742,1.5496867668434422,2.2532831916344214,0.029487306265596397,0.0009634222206497007,0.04884009012548277,0.02531120350920184,0.03714297188071991,0.014744354044088304,0,1,6.882987117707927,5.318681318681318
0.3,0.014247191180953826,0.025548619974833292,0.046176741555235636,0.14885678403941355,0.1403151016966329,1.7836004500846083,2.5331897176565055,0.033839209579835085,0.0011841593297537043,0.05230334636575972,0.025355403018375765,0.040682525587569095,0.01447257546246411,0,1,8.296054327551447,5.230036630036629
0.32,0.017405787056988264,0.02569897588647596,0.04907086680706067,0.16861722311318283,0.1493315896151063,2.0380972134365645,2.829761220199523,0.03848988360632781,0.001436182733956675,0.05576137231498609,0.025400151392499747,0.0343257625542046,0.015241866374911178,0,1,9.823783896893897,5.52014652014652
0.34,0.02097133630294744,0.02587934351073593,0.0521363715919416,0.18948599601018012,0.15747126594743308,2.300954482749718,3.131215057826891,0.04343916188495615,0.0017215359002336343,0.05921382217344861,0.025445096507547064,0.029421022755199172,0.01543559279682441,0,1,11.4894256901318,5.5926739926739915
0.36,0.024957510900374482,0.02609353784211032,0.05535674381991049,0.2108676278117093,0.16455533363271083,2.576779753021074,3.436396146779414,0.04868686789143746,0.0020422548367974268,0.06266035069903846,0.02548999896203905,0.030938749336072564,0.01559656980653168,0,1,13.242248654669897,5.657142857142857
0.38,0.029376270362653136,0.026345525085786088,0.05870662318264174,0.23298754584089473,0.1711788435705822,2.858930911842738,3.7596868328036743,0.05423281515895089,0.0024003676406160503,0.0661006132417752,0.02553470144217307,0.027702056331155737,0.01646498634097021,0,1,15.124267584817948,5.971428571428571
0.4,0.03424321855399507,0.02663975840578641,0.06220084058413068,0.25563812121349827,0.17778422152969292,3.1498647051101694,4.069701005436797,0.060076807406660805,0.0027978940472460074,0.06953426577827142,0.025579122147474546,0.02676422032332349,0.01581045210361981,0,1,17.070140346998905,5.753846153846154
0.42,0.03955993905814526,0.02698010483180675,0.06579593425842191,0.27832753160125556,0.1818909798449037,3.4468369840527044,4.386525927069135,0.06621863867505808,0.0032368449831068967,0.07296096494613484,0.025623410832879306,0.026476460842470514,0.016102626758397853,0,1,19.050825003292484,5.866666666666666
0.44,0.04533248003940088,0.02737068910713425,0.0694710296783058,0.3013791324270083,0.1858152958616692,3.7452634794195228,4.704601046354272,0.07265809346803442,0.0037192221203206648,0.07638036807830426,0.025667621278559885,0.025165795888160696,0.016161039835844937,0,1,21.09136790270294,5.89084249084249
0.46,0.051563856415056245,0.027815554305225833,0.07322290941327407,0.3244207950887678,0.18934381971596387,4.044216288617554,5.017423399539592,0.07939494690160202,0.0042470174342370375,0.07979213323731593,0.025711895146821574,0.023513151425482194,0.0159106341306684,0,1,23.138158224731793,5.810256410256409
0.48,0.05825064981633813,0.02831834998072915,0.07703481355291372,0.347099556349258,0.1916035237634407,4.338837050201747,5.316656395624115,0.08642896485916482,0.004822212763764695,0.0831959192494971,0.025756486500500143,0.019586037913597795,0.015245003807496882,0,1,25.130284275266735,5.584615384615384
0.5,0.06538235794948279,0.02888205465399951,0.08087592105661026,0.3694899351794112,0.19229478752727816,4.642050931263967,5.61839889764796,0.09375990415324605,0.005446779374625694,0.08659138573908302,0.02580165194706394,0.01772045712346849,0.015353972514003,0,1,27.120829112497294,5.632967032967032
0.52,0.07296097164234623,0.029510400942761174,0.0847208738238068,0.39186989119994636,0.19232406708887304,4.932294528384529,5.910567648120304,0.10138751269357071,0.006122677525648485,0.08997819316225429,0.025847431773526604,0.01629209296860532,0.014881109662190584,0,1,29.09040388583084,5.471794871794871
0.54,0.08097547609819504,0.0302059230346663,0.08856860488291468,0.41366865920855117,0.19213593414717187,5.226715693705586,6.19809621940596,0.10931152966139916,0.006851856038212704,0.0933560028410909,0.025893871394957132,0.014402823290445111,0.01484084530733043,0,1,31.00887966168181,5.447619047619046
0.56,0.08942090521166658,0.030971533213067236,0.09239895806358568,0.4352600286011537,0.19066410680175105,5.514963917105318,6.475446898601839,0.11753168569000333,0.007636251868956597,0.09672447699743981,0.02594097122127212,0.013263290895872061,0.014588445474077838,0,1,32.89401865357348,5.367032967032966
0.58,0.09828697381943825,0.0318093669823761,0.09619103904567028,0.4561616595977769,0.18813925492704625,5.796697571872206,6.7387957507875,0.12604770305117402,0.00847778968585559,0.10008327878669243,0.02598857130144996,0.011935594032717493,0.0143371167287773,0,1,34.68858959168136,5.278388278388278
0.6,0.10755873445300235,0.032720751767399796,0.09992196843271961,0.476358391326624,0.1850522563654107,6.067201498368711,6.997679669818246,0.13485929584764356,0.0093783814477781,0.10343207233146884,0.0260363424864568,0.010342931072767817,0.01384164976045732,0,1,36.398979488440304,5.109157509157509
0.62,0.117223950490293,0.03370696450280227,0.10359861031375242,0.4961433312425776,0.18223830842928668,6.339781709299178,7.2512888935957704,0.14380954951230765,0.010323307004304713,0.10677052275520522,0.026083666016573533,0.011114997914854704,0.013965575556425192,0,1,38.07433156582876,5.157509157509158
0.64,0.12727521653790438,0.0347696054122391,0.1072083587469816,0.5149611321042461,0.17845653425183228,6.580535071417002,7.470798895379931,0.1527566041828293,0.01129805731667925,0.11009829621564121,0.02612922797955984,0.0121715036506009,0.012485739759877157,0,1,39.577798585478824,4.633699633699633
0.66,0.13767265717639124,0.03590639555815568,0.11073737735844134,0.5313289640937066,0.17413338012700108,6.793229883798076,7.659446693213295,0.16170037137653376,0.012302524502048155,0.11341505993820392,0.026171491943467073,0.012431596497506768,0.011248619415279326,0,1,40.789162980409834,4.190476190476191
0.68,0.14836998061332307,0.0371137101619442,0.11417538958179108,0.5453112289845916,0.16946292288013623,6.969416166466895,7.812048843950384,0.17064076395797112,0.01333659748664073,0.11672048224928504,0.026208888927096108,0.01351251987172963,0.009592938847651444,0,1,41.73144035302834,3.5941391941391942
0.7000000000000001,0.15931552776341706,0.038386656058772846,0.11752157972622108,0.556752417557066,0.1652316828300525,7.113237844325741,7.939103871511807,0.17957769617412367,0.014400162026534958,0.12001423260940798,0.026239872762370227,0.015140076008935625,0.008134440505074503,0,1,42.436823042960604,3.07032967032967
0.72,0.17046326835422693,0.039720504472063906,0.1207911280378104,0.5659113899607205,0.1610885829962223,7.229548529685645,8.02653868417999,0.18851108368900818,0.015493100728928528,0.12329598164628147,0.02626307509481533,0.012694715991943741,0.0069115805349850845,0,1,42.94937682679358,2.619047619047619
0.74,0.18176453471382376,0.0411096838093364,0.12396026023898017,0.5725585214283675,0.15553571658149365,7.313019888629385,8.081238834449215,0.19744084361765826,0.016615293073903848,0.12656540118773668,0.02627725257485421,0.011583467890969102,0.005469756369320122,0,1,43.2894490158345,2.0952380952380953
0.76,0.19317013021277926,0.04254776557627294,0.12701884247132128,0.576770757225701,0.1504355698302861,7.360125091767392,8.10857762113125,0.20636689455947324,0.01776661543667571,0.12982216429454393,0.026281039218022502,0.01164335005195246,0.0038213829246076525,0,1,43.49370283895624,1.4989010989010987
0.78,0.20463263657000744,0.044028126790157586,0.129988247603584,0.5786718800222486,0.14618139844897782,7.380022406155305,8.104596416063869,0.21528915663091955,0.01894694111030984,0.1330659452931065,0.026273301463771055,0.009837169578087045,0.002604266144705103,0,1,43.600693517212854,1.0476190476190477
0.8,0.21610820468505249,0.04554433065158384,0.13286714302829442,0.5785009872982644,0.14137379921920296,7.37607345628499,8.074336686695847,0.22420755149757113,0.020156140328900653,0.13629641980802767,0.026253237879431648,0.008369814438047008,0.0015655437747583711,0,1,43.64761057066958,0.6608058608058607
0.8200000000000001,0.2275590855712455,0.04709027157660405,0.13564697036400852,0.5766567344235389,0.13665326010951495,7.350586847112574,8.029495149868973,0.23312200240547704,0.02139408029119606,0.139513264794548,0.026220107411831603,0.010070632160384887,0.0006013985307118386,0,1,43.66281570029509,0.3142857142857142
0.84,0.23895677586234204,0.04866081689341563,0.13834236421504306,0.5734950457849503,0.13263230337348186,7.308582777057772,7.965917646224976,0.24203243421184203,0.022660625184657345,0.14271615857084954,0.02617331374494834,0.013101287057797823,0.0012513599590385782,0,1,43.664290263038346,0.3465201465201465
0.86,0.2502752453901726,0.050251090422134666,0.14095597754687836,0.5690427826299804,0.12874162462245875,7.247639571259587,7.888664265472019,0.25093877341500936,0.023955636209941567,0.14590478085022376,0.026112527665917304,0.014833606623527394,0.0018538713978460963,0,1,43.664290263038346,0.5721611721611721
0.88,0.2614897501076983,0.051856255345407984,0.14349785990123978,0.5632993225141575,0.12497497227980016,7.171708465740751,7.788537128210168,0.2598409481837326,0.025278971605794266,0.14907881277309987,0.026037605007679196,0.014651798374938796,0.0029042826315569537,0,1,43.668550030632765,0.9589743589743589
0.9,0.27257371652974727,0.05347104817799036,0.14595475908223912,0.5563224797482165,0.12082045254482007,7.079594320891812,7.680600948528079,0.2687388883857268,0.02663048667433963,0.15223793693893056,0.02594857425653774,0.01466207479385295,0.003233294592126401,0,1,43.6862352256741,1.0879120879120878
0.92,0.28350746599589227,0.055090997606106216,0.14833986146924297,0.5484310716768795,0.11745460322002935,6.97536445940803,7.557970918565379,0.27763252561548535,0.028010033806755576,0.1553818374379319,0.02584551598447183,0.014730840139664315,0.0038996273962816907,0,1,43.721708881800176,1.3296703296703296
0.9400000000000001,0.2942722261270147,0.056711794583821314,0.15065693641355107,0.5396642285954255,0.11450300353581921,6.857448795800471,7.431995968273217,0.28652179322135435,0.029417462509320765,0.1585101998826739,0.025728773181568722,0.014377571878060533,0.0040201016467399375,0,1,43.776887530847624,1.3780219780219778
0.96,0.30485416536847154,0.0583298961222116,0.15292926917690877,0.530286599574961,0.11243080515374175,6.734500708557391,7.295100953786538,0.29540662633185255,0.030852619429820736,0.16162271143951898,0.02559888007752933,0.01321016924200843,0.0045158810201816335,0,1,43.85023457518496,1.5633699633699631
0.98,0.31524163275315265,0.05994218641098022,0.1551521305452585,0.5203449580957485,0.10964601027080488,6.6054837114377465,7.150706272376889,0.30428696188122717,0.03231534838429996,0.1647190608599053,0.02545659953417842,0.01473314670758469,0.00487472961893487,0,1,43.94296410157399,1.7003663003663
1.0,0.32542537220315326,0.0615457622734533,0.15731938489209307,0.5101964796178373,0.10750167925777797,6.47356456581844,7.017139373186279,0.3131627386342367,0.03380549038414683,0.16779893851147104,0.025302638694129735,0.013754540027722644,0.004336345687844245,0,1,44.03951331610119,1.506959706959707
1.02,0.3354069018859367,0.06313953222098037,0.1594632469808586,0.49989547470660833,0.10667153817622012,6.3311043268759795,6.867568777376285,0.32203389721015074,0.03532288366349839,0.17086203640901762,0.02513776074044851,0.014691819900115661,0.005095408656868861,0,1,44.151409240135905,1.7890109890109887
1.04,0.3451732305713424,0.06472031736632672,0.1615849485257087,0.48904730951310565,0.10560917592314412,6.191011883529447,6.725021450117403,0.3309003801059573,0.03686736370695138,0.17390804824530784,0.02496315093057173,0.013119396225991696,0.004736444179697874,0,1,44.27638808026274,1.6600732600732597
1.06,0.35472586157379155,0.06628724176872164,0.1636918909214194,0.4785043159159994,0.10504801957820342,6.0521050300636015,6.583265822179309,0.33976213171877256,0.03843876327756659,0.17693666942169642,0.024779854781528853,0.013111251646606032,0.004718502972409944,0,1,44.3938052866241,1.6600732600732597
1.08,0.36406834338095617,0.0678398644950117,0.16578735982081275,0.46822282959146,0.10443316894099082,5.921910401057033,6.449474293517576,0.3486190983674406,0.040036912445152874,0.17994759707858957,0.024588944580717337,0.01472609528460702,0.004354559676430059,0,1,44.50014231891996,1.5311355311355312
1.1,0.37321129786264895,0.06937896703195931,0.16787003278860188,0.45868253216517074,0.1039068583009714,5.8020645985885615,6.328774409901491,0.3574712283133181,0.04166163861481775,0.18294053012573072,0.024391347251278,0.013095649643937028,0.00378538419384411,0,1,44.58201625417224,1.3296703296703296
1.12,0.3821710341346142,0.07090639196712874,0.1699470511999361,0.44993681667873453,0.10394873651483329,5.688712427458237,6.218413809167336,0.3663184717802373,0.043312766555771064,0.18591516927230917,0.024187835283256656,0.013996161815457549,0.003533124681548483,0,1,44.642841824371644,1.2410256410256408
1.1400000000000001,0.39096070337233985,0.07242364140030613,0.17203139132792733,0.44172021167597714,0.1045691002108251,5.57995692561724,6.11394463397202,0.3751607809736381,0.04499011843036831,0.18887121705688925,0.023979226620826643,0.01573978658601977,0.003355313214627398,0,1,44.69191570639623,1.1765567765567764
1.16,0.39958918467400256,0.07393165558829752,0.17413190721432664,0.4339772186370101,0.10581343490724468,5.476149006841083,6.021357256275719,0.3839981100988648,0.04669351382338039,0.19180837787715574,0.023766428786294966,0.014507027553703322,0.0031614904915524544,0,1,44.73049408794751,1.1040293040293039
1.18,0.4080680991203037,0.07543202617040366,0.17626780881397397,0.4268876406500982,0.10778815856020081,5.3823711678514385,5.9363789270049905,0.39283041537862184,0.048422769771476235,0.1947263580194743,0.023550336732939946,0.01483299434372427,0.002730052934802163,0,1,44.75694656995326,0.9509157509157509
1.2,0.41641088980448676,0.07692684738035571,0.1784382671211316,0.4206056705666574,0.10890246409567463,5.307733769264404,5.860426699825145,0.4016576550695805,0.05017770079290532,0.19762486568826237,0.023331828012667546,0.012534440851921904,0.0018341696936489127,0,1,44.76998086128887,0.6285714285714284
1.22,0.4246355532242232,0.07841898548513657,0.1806173727375369,0.41498805434544356,0.10938711371125921,5.227756445911583,5.789111795873287,0.41047978947813396,0.05195811891736644,0.20050361103516845,0.023111457543939725,0.011750669725372158,0.002122769296935667,0,1,44.77705502488675,0.7333333333333333
1.24,0.4327466655678285,0.07990886380442459,0.18282042618079294,0.40961954801052936,0.11108007589968631,5.158028241952469,5.7295397156573085,0.4192967809752951,0.053763833716049675,0.20336230618805676,0.02288987524358662,0.011498271262563897,0.0016622154431538694,0,1,44.78143950969101,0.5641025641025641
1.26,0.44075717452696256,0.08139865946892848,0.18506178820745223,0.4051352442438134,0.11335730750238988,5.0976516393844395,5.684232295825139,0.4281085940107312,0.05559465233183848,0.2062006652797943,0.02266766904123453,0.013073139096035052,0.0012734828645263874,0,1,44.7820120538692,0.419047619047619
1.28,0.4486845857439888,0.08289158926792649,0.18735246980683862,0.40158470083895936,0.11503523383549151,5.060737821356688,5.642714192014911,0.43691519512593435,0.05745037950965861,0.20901840447683723,0.022445337695516356,0.013586440002315434,0.00023783086658440977,0,1,44.7820120538692,0.03223443223443223
1.3,0.45654758123507416,0.08439110628991471,0.18965290931480522,0.39879914680898054,0.11603904492061846,5.0146767799059635,5.618878778197692,0.445716552966522,0.05933081762696104,0.21181524200761384,0.02222315338339939,0.01450286674550601,0.0006509697811157844,0,1,44.78405149144328,0.25787545787545785
1.32,0.46435587503669684,0.08589899129489727,0.1920068713910361,0.39656719850558764,0.11861610226796854,4.994172206834622,5.596586831983474,0.4545126382936643,0.06123576672432595,0.21459089819070182,0.022001443923364398,0.017541949316069574,0.0006397544622589457,0,1,44.79174887691147,0.2901098901098901
1.34,0.4721261624762924,0.08741863445751603,0.1943821028873741,0.3952318041591205,0.11949368975297832,4.974133916579626,5.590429199757277,0.4633034239946369,0.06316502453617474,0.2173450954627959,0.02178048748177706,0.016089651345980477,0.0013465847696093047,0,1,44.80818895205088,0.5399267399267399
1.36,0.4798721748006028,0.08895276548992985,0.19679495324429858,0.39450892229132406,0.12170397803926959,4.965738795004422,5.590039903022733,0.4720888850924962,0.06511838652157785,0.22007755840646398,0.02156037267782659,0.016004997857867905,0.0016203146079196706,0,1,44.83526916103566,0.6446886446886447
1.3800000000000001,0.48760636663965656,0.0905041089976483,0.19924301853655874,0.3944322589017761,0.12286659422205523,4.969283196747746,5.594292902808733,0.4808689987548741,0.06709564589514526,0.22278801377768878,0.021341309671773702,0.016030170022636486,0.0017950559066883809,0,1,44.8744303568941,0.709157509157509
1.4000000000000001,0.4953409574375435,0.0920753020894413,0.20170481133730955,0.39495705872845926,0.12366558482317187,4.976036792018661,5.610615744119094,0.48964374430189195,0.06909659365798766,0.22547619053319187,0.021123336814199978,0.015539291897785886,0.002342660964070098,0,1,44.927744664815584,0.9106227106227106
1.42,0.5030865415244233,0.09366868837143248,0.20419479766960671,0.3958459072293934,0.12543729009351373,4.9831261130494635,5.627135540114547,0.4984131032131923,0.07112101862873578,0.2281418198575378,0.020906440474288537,0.012945421358051573,0.0023561731614299974,0,1,44.98863779854825,0.9186813186813186
1.44,0.5108463288103137,0.09528528549567462,0.20672062574882938,0.39701511808994994,0.12712063332727672,5.001879597479341,5.652649747204285,0.5071770591340868,0.07316870747460588,0.23078463519001557,0.020690891988908975,0.011231009686697829,0.0027806926181888625,0,1,45.06152097583936,1.0717948717948718
1.46,0.5186325104377253,0.09692803550416303,0.2092765236179267,0.39899495929780915,0.12863282017695363,5.029853984888257,5.689853795265443,0.5159355978808208,0.0752394447424993,0.23340437225129423,0.02047672529907661,0.011030790511717434,0.0033038395134778464,0,1,45.16023202782154,1.2652014652014654
1.48,0.5264595737412582,0.09860044552179717,0.21186411374418418,0.4014904656442818,0.12982656655932762,5.063489281137123,5.723280688732315,0.5246887074449529,0.07733301289012419,0.23600076906985076,0.020263859994221107,0.00942658316470106,0.0030885383643695086,0,1,45.272768098525184,1.1926739926739927
1.5,0.5343310351124343,0.10030370866110455,0.21446241982921604,0.4039299539617882,0.13012631268146133,5.092728738586209,5.7558953247072555,0.5334363779968547,0.07944919231712805,0.23857356600816693,0.020052411603343617,0.010046910122888442,0.003038195981778291,0,1,45.38197700671172,1.1684981684981683
1.52,0.5422449224492875,0.10203772431719417,0.21707036593101384,0.4065429872571903,0.13061751247260223,5.134094841449632,5.798437160541369,0.5421786018883222,0.08158776139622938,0.24112250578869293,0.019842519671403547,0.009734749230550533,0.003522472413617972,0,1,45.50494982050499,1.3538461538461537
1.54,0.5502123426756006,0.10380529300501143,0.21968665708273735,0.40965994902049735,0.13133459658012542,5.1696985768060735,5.842604262692133,0.5509153736543103,0.08374849650433751,0.24364733351957482,0.01963401157926222,0.008931625785360563,0.0035817973311887963,0,1,45.6411838890919,1.36996336996337
1.56,0.5582343179207766,0.10560708410169087,0.22232642607426376,0.41270393049522613,0.13233219448202319,5.2124842312990545,5.884207145013732,0.5596466900137846,0.08593117205364906,0.24614779672014359,0.019426998492083986,0.011316821408975535,0.0034684884292193185,0,1,45.77753409717863,1.3377289377289374
1.58,0.5663130645882203,0.10744408606962393,0.2249739555799622,0.4160571069679963,0.13278248431921735,5.257226818122761,5.9371134511193295,0.568372549869696,0.08813556052271067,0.2486236453461627,0.0192216052482687,0.011178502042731282,0.003997729845302056,0,1,45.92943077928285,1.5311355311355312
1.6,0.5744565665031167,0.10931857524694774,0.22764199221414097,0.41978328717670876,0.13375196861246022,5.308141239266103,5.987482939895782,0.5770929543080763,0.09036143248743728,0.25107463181483297,0.019017757868631826,0.010844012555687397,0.003865059279107408,0,1,46.09531447569901,1.4827838827838826
1.62,0.582668079481209,0.11123184793622184,0.23031699781421858,0.4234514234316108,0.1336885807168338,5.354841729357129,6.032802514285305,0.585807906596265,0.09260855665207537,0.2535005110295499,0.018815549411461654,0.010203130346775245,0.0036079348035886194,0,1,46.255647965448034,1.386080586080586
1.6400000000000001,0.5909433961580051,0.11318332646854107,0.23298788556619054,0.4270596120229569,0.13329090663450058,5.408865491213773,6.083193806218628,0.59451741218026,0.09487669988010138,0.2559010404044135,0.018615127599953252,0.010229824881399696,0.003930572078631178,0,1,46.420168894733614,1.4989010989010987
1.6600000000000001,0.5992874824920732,0.11517451944322546,0.23564682856560848,0.4308862571667884,0.13251712636807947,5.459852360705883,6.129243411533905,0.6032214786812026,0.09716562722504482,0.25827597988848694,0.018416366923004558,0.009319661404246367,0.0037809238960879177,0,1,46.589107744944855,1.4424908424908423
1.68,0.6076970589981211,0.11720491583104248,0.23828829348733463,0.4342046594453983,0.13161349482139797,5.499460105066396,6.164605851172373,0.6119201158910001,0.09947510196122722,0.2606250919898007,0.018219278587218387,0.010790667921176757,0.0032614124506469278,0,1,46.733424530790295,1.249084249084249
1.7,0.6161591276118094,0.11927158128292219,0.24091479251437764,0.437089331429819,0.13143433208869262,5.53767033052221,6.209015150700788,0.6206133357670844,0.10180488561440669,0.2629481417991024,0.01802410370619806,0.01004233269523995,0.0036142817758884616,0,1,46.86822323098065,1.3941391941391938
1.72,0.624673954402939,0.12137487412158418,0.24355064235972565,0.439988865923412,0.13163450933136278,5.575538048108079,6.238776724261856,0.6293011524263173,0.10415473799231965,0.2652448970133469,0.0178309188726816,0.00980117766198915,0.0031870444576528323,0,1,46.99808711865153,1.2249084249084248
1.74,0.6332345420347988,0.12351338129017617,0.24616945996386005,0.4425253403878956,0.1300736565131026,5.615250754586161,6.2686129640982315,0.6379835821380434,0.10652441721511026,0.26751512795892674,0.01764001991293097,0.009430553424258283,0.003332460943555937,0,1,47.11845467677026,1.281318681318681
1.76,0.6418397457688068,0.12568684504958572,0.24875452810302817,0.4451470959914162,0.12866631412832477,5.651239029509968,6.30264185289362,0.6466606433162961,0.10891367974563945,0.2697586076146392,0.017451331386013805,0.008405642652335562,0.003142430906213134,0,1,47.241733022342196,1.2087912087912087
1.78,0.6504892314820752,0.1278952053235634,0.2513228745296338,0.4474847029173906,0.12810596826908885,5.677789986264058,6.325673291487099,0.6553323565111614,0.11132228041966491,0.2719751116343883,0.017264770846960778,0.00983060740274156,0.002689680023540586,0,1,47.350275916491356,1.0476190476190477
1.8,0.6591716375869636,0.1301356798747275,0.2538752684876233,0.44927904335955393,0.1264358560525208,5.711055673893206,6.339619390027947,0.6639987443993077,0.11374997247588402,0.2741644183696192,0.017080633812983165,0.010162792465738715,0.0030729448324154918,0,1,47.44452735560702,1.1846153846153844
1.82,0.6678823941452128,0.132406981579866,0.2563738189664009,0.45093390378931736,0.12398208590616489,5.7309178855153196,6.3587917014376005,0.6726598317736826,0.11619650758583208,0.27632630889148263,0.016898912314056876,0.010003597929551128,0.0024415339465029273,0,1,47.5329074309962,0.9589743589743589
1.84,0.6766170874548465,0.1347077065070359,0.25884656191334193,0.4524528188368846,0.1226773195416928,5.760968600281827,6.372595937884137,0.6813156455323869,0.11866163588362842,0.2784605670127281,0.016719491760589546,0.00887571448502618,0.0029285168971740494,0,1,47.619640467592575,1.136263736263736
1.86,0.6853767229755265,0.1370379993691619,0.2612734746346974,0.45394738235899185,0.12018721307205472,5.780884304087042,6.384961103737295,0.6899662146667315,0.12114510599556289,0.280566979309322,0.016542291483927146,0.007427408823075402,0.002454510931226672,0,1,47.70239046602469,0.9589743589743589
1.8800000000000001,0.6941555043804964,0.13939602280358596,0.2636611440945262,0.4550751570848252,0.11839011281477847,5.80025365071889,6.39337585086134,0.6986115702484809,0.1236466650695164,0.28264533514179,0.016367222702692422,0.010433141142680822,0.0024379881538993953,0,1,47.77528069035464,0.9509157509157509
1.9000000000000001,0.7029492880464451,0.14178042837363133,0.26600967126436653,0.45611826486962986,0.11655247128314611,5.817575699370246,6.404346788417968,0.7072517454162948,0.12616605880420836,0.2846954266762808,0.0161942584559031,0.012126915870930299,0.0023448821269362874,0,1,47.84655942934299,0.9186813186813186
1.92,0.7117572725209451,0.144190758774511,0.2683267699455128,0.45699373648511676,0.1148322726416156,5.831509318667659,6.40525301890174,0.7158867753613711,0.12870303147826537,0.2867170489053494,0.016023322510381608,0.011436611368140307,0.0021875942168645968,0,1,47.91076483879226,0.8622710622710622
1.94,0.7205723374739701,0.14662481136337868,0.2706011325000956,0.45755416953738975,0.11265172667621089,5.843976624815793,6.409308576934654,0.7245166973123001,0.13125732597910444,0.2887099996684575,0.015854477006103207,0.014344901653020525,0.0021479053922748292,0,1,47.96904692937826,0.8461538461538461
1.96,0.7293934363885973,0.14908195655956802,0.2728370842770654,0.4581556992749617,0.11072904939962783,5.857285622749053,6.410744153913384,0.7331415505191367,0.13382868383162602,0.29067407967218967,0.01568761407580934,0.012985542199143692,0.002179241817146571,0,1,48.0276848530868,0.8622710622710622
1.98,0.7382200356580078,0.1515617261817219,0.27503052987907545,0.4587132737864621,0.10863937364788118,5.869091524106795,6.41415731399204,0.7417613762366987,0.13641684522671066,0.2926090925101822,0.015522645441421396,0.013073947218478653,0.0021100715146449844,0,1,48.0856330289047,0.838095238095238
2.0,0.7470514318881839,0.154063579028794,0.277184517501823,0.45908065122706676,0.10620667427367597,5.8795240286061805,6.404633763427217,0.7503762177071,0.13902154904951516,0.29451484468276373,0.015359470812643794,0.013206761688788777,0.0020629190303951828,0,1,48.13704012999065,0.8139194139194137
2.02,0.7558794633047095,0.15658475923084486,0.2792746208342519,0.4589073889703946,0.10291755988194212,5.879272076938681,6.392381207862525,0.7589861201415261,0.14164253290756262,0.2963911456163053,0.0151980599569681,0.012373048661914725,0.0015923531775753896,0,1,48.17605540881475,0.6446886446886447
2.04,0.7646951188780636,0.1591220798250902,0.2813110056852415,0.4584534123149724,0.10095998734499355,5.8761002758711225,6.385010524054826,0.7675911307012626,0.14427953315862252,0.29823780768227703,0.015038287146543431,0.013484980979633413,0.0014365059709106065,0,1,48.21013803906633,0.5882783882783882
2.06,0.7734984760322824,0.161675145666827,0.28331887901514996,0.45830332465492307,0.09932333693612491,5.887327178097549,6.380473002902635,0.7761912984779828,0.14693228493837718,0.30005464621601113,0.014880078728272392,0.012364791103647257,0.0021176477202568544,0,1,48.253425026367516,0.838095238095238
2.08,0.7822978309839831,0.16424601645865847,0.28527747794886443,0.45811534073335997,0.0963879196342128,5.881609274358274,6.359633765022998,0.7847866744733076,0.14960052218786987,0.30184147953516843,0.014723262111179091,0.012523639864692713,0.0013190595740110167,0,1,48.29002017492416,0.5399267399267399
2.1,0.7910780853443303,0.16682971333559843,0.2871780870195922,0.4571877897396526,0.09374082118697026,5.877451891262086,6.345525774697671,0.7933773115776419,0.15228397768073232,0.30359812895790594,0.014567882155227477,0.013804577536872356,0.0014318581305282074,0,1,48.316141185798536,0.5882783882783882
2.12,0.799838705698133,0.16942551881896556,0.2890322642632158,0.4564317342811621,0.09137456552279688,5.872848518968534,6.325680200873597,0.8019632645483024,0.15498238305018727,0.3053244188207452,0.01441378117787502,0.01418859139989869,0.0013930720908093552,0,1,48.3433247302702,0.5721611721611721
2.14,0.8085783113205851,0.1720325008861864,0.2908344146768553,0.45562489148740604,0.08915935951743308,5.866852092887605,6.3158503122880285,0.8105445899869436,0.15769546881582486,0.30702017649613855,0.0142608567139695,0.013071010302167526,0.001329293787476593,0,1,48.37118871967186,0.5479853479853478
2.16,0.8173002094317706,0.17465117550785858,0.29260532716641163,0.45491952116150175,0.08717865388696666,5.865383741468488,6.29284619751653,0.8191213463162934,0.16042296441014908,0.3086852324097316,0.014108970837523209,0.0121146280899398,0.001548203687158467,0,1,48.399302630330894,0.6205128205128204
2.18,0.8260009878545485,0.1772800595407614,0.29431383724176846,0.4539345716384832,0.08400786557428182,5.854901713810684,6.274818512827194,0.8276935937562067,0.16316459820489282,0.31031942005732055,0.013958110465555434,0.01073631838076253,0.0011445513564316556,0,1,48.42291196422363,0.47545787545787543
2.2,0.8346777252039007,0.17991763874505484,0.29597754173760654,0.4529538539555313,0.08218798065658599,5.8491682483408365,6.258451432186743,0.8361424261350795,0.16588173641144888,0.31192257602150236,0.013808104854214898,0.011968934858220039,0.0013494809947827702,0,1,48.44695099422418,0.5479853479853478
2.22,0.8433286422375994,0.18256292625415546,0.2976047316731625,0.4506363630316497,0.08107417884024941,5.781782614958885,6.196129517326887,0.8427577162110086,0.16802099368902684,0.31349453998801663,0.01365711887784442,0.011640804885685902,0.001598572930085973,0,1,48.45872920633082,0.5238095238095238
2.24,0.8518916342132198,0.18519652887107582,0.29922963041028766,0.4439449018040289,0.08074497825803899,5.659986869055688,6.059267399518156,0.8501789962951336,0.1704336304270778,0.31503515476177674,0.013505688902788278,0.011133303891511478,0.004841392709194647,0,1,48.505911333401805,1.5956043956043955
2.2600000000000002,0.8602890036159094,0.18779402224934172,0.300821700318707,0.43539620414873953,0.07829864118270925,5.5821489568626514,5.969689922703673,0.8583750038332617,0.17311192756556892,0.3165442662825891,0.013356843085807197,0.01497039329706505,0.0025462017706788242,0,1,48.55972528572068,0.8461538461538461
2.2800000000000002,0.8685520723785373,0.19036419351558861,0.3023661226331171,0.4307131240262422,0.07647804939164721,5.555991483268896,5.94229834609419,0.8672953840568816,0.17604165879608494,0.31802172364055914,0.013211392051756992,0.013583815630442572,0.0005170666033379456,0,1,48.570401498639285,0.24175824175824176
2.3000000000000003,0.8767628349531723,0.1929319120840543,0.30388733016930447,0.4306182090697549,0.07488998338061614,5.605840890095238,5.970417229381029,0.8768719479639676,0.17920238763606397,0.3194673790911824,0.013069117474228998,0.013398881590751819,0.004048954529704996,0,1,48.64466433226165,1.4666666666666666
2.32,0.8850114574705957,0.19552505128692285,0.30535303604045,0.4352002069901064,0.07208825078328615,5.716072570698256,6.07544358647858,0.8870203669282336,0.18256792581318926,0.3208810880701184,0.012929382099433518,0.012187713502272468,0.007202003461087181,0,1,48.91073266465072,2.3531135531135527
2.34,0.8933841586109519,0.19817051704019423,0.3067834385937618,0.4440745518762301,0.07079259924675078,5.9161780337232575,6.255182476897997,0.8976422618748305,0.18610694246026493,0.32226270920764744,0.01279115563275356,0.014418290442964138,0.013089394509896879,0,1,49.49042009149199,3.4007326007326
2.36,0.9019577105115235,0.20089281491799726,0.3081828441685978,0.45638254394987793,0.06909958109009233,6.18748715075244,6.484461710172885,0.9086276353359765,0.18978370962502752,0.32361210434280707,0.012653455746619191,0.013828564669819183,0.02080791276367261,0,1,50.38511433566068,3.972893772893772
2.38,0.9107760770782416,0.203706295733751,0.3095534566812995,0.47005905382226004,0.06810120535696072,6.583890838244475,6.817122978459662,0.9198575863536267,0.19355896595405858,0.3249291385372083,0.012515549865652549,0.019694408872340963,0.0366719880638981,0,1,51.56070238944707,4.48058608058608
2.4,0.9198555440620101,0.20661672985367768,0.3109127596390874,0.48410509967980997,0.06784409027033562,7.033826432790205,7.200841955224516,0.9312072413305789,0.1973908772134302,0.3262136800885292,0.012377054238100893,0.03243879311853147,0.056322259930819185,0,1,52.82621443654576,4.246886446886446
2.42,0.9291986270692456,0.20962565430893018,0.31226770182045055,0.49816096616221145,0.06764141015145549,7.312102113177442,7.463589746812162,0.9425488287123684,0.20123606964782692,0.32746560054368506,0.012237783631147709,0.04982318692530935,0.06309856025487315,0,1,53.904438521012764,3.7391941391941383
2.44,0.9388050298520196,0.2127337314724822,0.31361862342903524,0.5122085401735242,0.06743939398759198,7.345154562094743,7.547999196878988,0.9537548219354932,0.20505071012787554,0.3286847747116736,0.012097501959865876,0.058496801868525974,0.05149153684122393,0,1,54.73348138240369,3.199267399267399
2.46,0.9486741624270961,0.21594152415964687,0.31496496654511125,0.5261969877189988,0.06710444723986292,7.228373943119111,7.476474084630014,0.9647010734849516,0.20879160564984048,0.3298710806760941,0.011955878357071025,0.058853199019484326,0.028680902990508517,0,1,55.40264762888645,2.9816849816849813
2.48,0.958796258910298,0.21924653213887735,0.3162912156977529,0.5386678638548978,0.06533861565978817,7.166747858977176,7.490730646345952,0.9752698632024157,0.21241729407298288,0.3310243998073386,0.0118125968431173,0.05402299906233048,0.011252562543750066,0,1,56.03110553920203,2.957509157509157
2.5,0.9691262779092188,0.22263443513119766,0.3175947098089739,0.5486107548496619,0.06483628628610381,7.265783799898116,7.585521822056405,0.9853527861659513,0.21588909802958645,0.33214461677445517,0.011667668881872047,0.04661215425872027,0.008641924537056478,0,1,56.58878003023249,2.6432234432234427
2.52,0.9796231507409708,0.22609212305921864,0.31887654476065214,0.5563441702230986,0.06309020777068601,7.33708603041449,7.6464688222804265,0.9948534094674912,0.21917211472365603,0.3332316195566805,0.011521136212667728,0.03789704576930662,0.0059244215344185225,0,1,56.98026494422857,2.0388278388278387
2.54,0.9902330435132846,0.2296018961611022,0.3201180238996856,0.5603362742130215,0.06103179554661397,7.3477775016333045,7.650758629547693,1.0036896329451699,0.22223611583007613,0.33428529945464225,0.011373075660787584,0.034816832479559925,0.002343079563333017,0,1,57.15928850720048,0.9347985347985346
2.56,1.000868651716693,0.23313460308229236,0.32132206392056617,0.5591598878322194,0.05923429251814149,7.293953150106766,7.587198494772369,1.0117956962420214,0.22505633388112076,0.3353055511012287,0.011224017211890397,0.02818147436519433,0.0013745163027386598,0,1,57.19091030106879,0.40293040293040294
2.58,1.0114295732723984,0.23665640851547198,0.32248852507380144,0.5527387996044588,0.0573535551551292,7.169853929014715,7.452767716351307,1.0191237832798534,0.22761411432814208,0.3362922724721254,0.01107479422944401,0.023544632362719045,0.004678396357585379,0,1,57.22722453303802,1.515018315018315
2.6,1.0218202044330884,0.2401346876833392,0.3236183995905063,0.5416693960656955,0.05556625008632602,6.983193740606069,7.253801539311935,1.0256451851427122,0.22989741582278442,0.33724536489601753,0.010926247101343156,0.022268686866448038,0.008191868133702318,0,1,57.39674120487122,2.4256410256410255
2.62,1.031961195676161,0.24354194936301526,0.3247140702869667,0.5266705446035709,0.05424423890292101,6.699148929571894,6.971435203192118,1.031350993214826,0.23190114508902013,0.3381647330644569,0.010779090140305012,0.019788253706849803,0.014119309755717069,0,1,57.82428380150778,3.376556776556776
2.64,1.0417803269049188,0.24685294975297956,0.32579667965897535,0.5083506043579333,0.05398212611948729,6.308043286973107,6.551788800669806,1.0362523059471562,0.2336273169567663,0.3390502850413928,0.010634136891061255,0.021298319077538964,0.02722304827040045,0,1,58.5960056094768,4.263003663003662
2.66,1.0512378455204103,0.25005339189643344,0.3268739685792265,0.48909699824668773,0.053765237701322945,5.697868260191065,5.87251479785786,1.040379944552209,0.23508503459170285,0.3399019322723656,0.01049201219749997,0.028535771538329213,0.058873783570599636,0,1,59.753047588944774,5.0205128205128196
2.68,1.0603267046756375,0.25313997648671394,0.327947784030154,0.46980680695732413,0.05360876756130237,4.838879415412055,4.9978294307633915,1.0437836849567745,0.2362902895686764,0.3407195895933618,0.010352968520453493,0.05214237627185616,0.10515526548671722,0,1,61.233614679411644,5.35091575091575
2.7,1.0690471689765355,0.2561118860285769,0.32901847912170207,0.4505277621578286,0.0534530300664979,3.8899637412317323,4.085820722533143,1.0465310251827697,0.23726558607787018,0.34150317523933066,0.010217226658333814,0.09507174087242774,0.15424728368047752,0,1,62.83036548472868,5.286446886446885
2.72,1.0773997166734623,0.25896838079859896,0.33008606376409305,0.4312599603978424,0.05329774502760456,3.048134392061282,3.2827455764305946,1.0487055186881993,0.23803939810268224,0.3422526108523607,0.01008506681396982,0.15259632436256204,0.1951806137207927,0,1,64.28319382622887,4.835164835164835
2.74,1.0853848260976935,0.26170872573951415,0.33115054699347696,0.4120033951944959,0.05314291110333052,2.4049029864626665,2.6870010050853588,1.0504047148062927,0.23864547274687647,0.34296782148951493,0.00995683134517561,0.21889369526108626,0.22153851810016315,0,1,65.47886781183867,4.343589743589742
2.7600000000000002,1.0930029753654433,0.2643321903407138,0.33221193781969,0.3927580601332823,0.052988526983154066,1.9090326571140037,2.2084800532477953,1.0517377570126802,0.23912199690209876,0.3436487356303259,0.00983292098817276,0.29175195011806043,0.23951279072293272,0,1,66.52976504239662,4.182417582417582
2.7800000000000002,1.1002546423690527,0.2668380486174755,0.33327024522639387,0.37352394896351315,0.05283459136036078,1.4615529565216305,1.7413700852325364,1.0528226980945832,0.23951064802945865,0.3442952851839468,0.009713786904216953,0.3637681839874616,0.2538689048659223,0,1,67.56488335955744,4.279120879120879
2.8000000000000003,1.1071403047707213,0.2692255790911176,0.33432547817115227,0.35430105578317034,0.0526811029320323,0.986099177571237,1.231198257685916,1.0537835981895431,0.23985555288572144,0.34490740549596105,0.009599918934242894,0.43685101268926363,0.2719705960138128,0,1,68.66558719014012,4.3999999999999995
2.82,1.1136604400015164,0.27149406477105,0.33537764558550637,0.3350893754369961,0.05252806039903534,0.4230697720100597,0.6280223219871792,1.0547474769369916,0.2402021804743821,0.3454850353548476,0.009491830556823046,0.5143237246334168,0.29796803276377437,0,1,69.91090282459275,4.810989010989011
2.84,1.119815525271582,0.2736427931408224,0.3364267563750506,0.3158889043734165,0.052375462466010714,-0.09349742276768833,0.05843412542450776,1.0558411945162278,0.24059619727882733,0.3460281169981019,0.009390041140296526,0.6036495381813181,0.32145768283512044,0,1,71.09169449203601,4.134065934065934
2.86,1.1256060376042893,0.2756710561527161,0.337472819419508,0.296699642488296,0.05222330784136234,-0.3012618433316419,-0.14889831346988278,1.057188338044153,0.24108231389070614,0.3465365961180122,0.009295056155177221,0.6990598986405621,0.3177894444883961,0,1,71.8757859607365,3.0461538461538455
2.88,1.1310324539217185,0.27757815024067073,0.3385158435728057,0.2775215970901031,0.05207159523724633,-0.11632116119859837,0.026062190657139866,1.0589061896350493,0.2417031524520673,0.34701042186709025,0.009207346065748249,0.771979628627015,0.28546053588589443,0,1,72.2992551260469,2.3047619047619046
2.9,1.1360952512403015,0.27936337637265823,0.3395558376631486,0.25835479142322637,0.05192032336956006,0.24170757471143461,0.38302580060113306,1.0611028503881779,0.24249816387488837,0.34744954686315593,0.009127324648743104,0.8130174292636171,0.23949271781835782,0,1,72.59593349133995,2.2886446886446885
2.92,1.140794907102979,0.28102604018797717,0.340592810493096,0.23919928297954035,0.05176949095793134,0.47962246973525174,0.6435789422425682,1.063874590717736,0.2435026225963317,0.3478539271940757,0.00905532749146682,0.8253826625299078,0.2007670655933547,0,1,72.98300754865099,2.8688644688644684
2.94,1.1451319005189593,0.2825654523173661,0.34162677083963444,0.22005520281457813,0.05161909672570756,0.5438130357676494,0.676238640695686,1.0673034918688686,0.2447467247020731,0.3482235224221533,0.008991591401763869,0.8227531366807643,0.17914493314028612,0,1,73.52111640982352,3.2153846153846146
2.96,1.1491067139923559,0.28398092909649664,0.342657727454253,0.20092283989217025,0.051469139399944054,0.6307193227047694,0.7169910946262181,1.0714554363098021,0.24625481265194973,0.34855829558817397,0.008936235418692848,0.815697055940694,0.15692764428119327,0,1,74.02587758074571,2.731868131868132
2.98,1.1527198378842864,0.28527179412515746,0.34368568906299973,0.18180282180319948,0.05131961769742116,0.9972023686476718,1.0517268638332222,1.0763784961292036,0.2480447466382249,0.3488582132151002,0.00888924404747687,0.7845850477017743,0.11267403437821782,0,1,74.3097077121057,1.6923076923076923
3.0,1.1559717821312827,0.28643738248856376,0.34471065477143364,0.1626994705820959,0.051159161000417785,1.6727595543192142,1.715097016669185,1.0821017588091724,0.25012743887919575,0.34912324531141903,0.008850453245648416,0.7069366959357347,0.043787434921986446,0,1,74.41860288615315,1.1443223443223443
3.02,1.1589011178217508,0.28749067944898404,0.34567042506286244,0.1505438348040618,0.04516598196608703,1.8547257942153152,2.0794978645240345,1.08863461902659,0.2525065629957331,0.3493533653741418,0.008819333226201913,0.573266958116422,0.0031630315383157637,0,1,74.480461431014,1.1523809523809523
3.04,1.161669102670187,0.28848883306490014,0.3465606759799757,0.14324981494772518,0.04324217621983146,1.7648568881150413,1.9695407385781565,1.0959665537208554,0.2551784461430045,0.34954855039145405,0.008794627240194412,0.4697413291237476,0.0037502730361314296,0,1,74.5469712636164,1.345787545787546
3.06,1.1643020406111353,0.2894408639549892,0.3473892952430826,0.13750078638438287,0.039006983975095534,1.7427970875006094,1.9201916894268074,1.1040673858332526,0.2581321468899989,0.3497087808450166,0.00877582748865809,0.39107966991733933,0.0008977366326404501,0,1,74.57999062963646,0.3465201465201465
3.08,1.1668715000501482,0.29037222613824065,0.34811852508385066,0.1368934396518903,0.03380288141338281,1.7918992243736678,1.9429789635056338,1.1128880301612727,0.26134971707688986,0.34983404071191765,0.008762206967256044,0.31476855686895205,0.003921549644677502,0,1,74.62347543679921,1.3377289377289374
3.1,1.1694766234164333,0.29131853004536024,0.3487477957835487,0.14155795252915196,0.028795813466611492,1.9295129774782926,2.0410189774895664,1.1223617029722244,0.26480664115843033,0.34992431746627495,0.00875297965576972,0.25563255580048305,0.008626725340376173,0,1,74.84419465722003,2.578754578754579
3.12,1.1722150384649876,0.29231505293974036,0.3492716306229271,0.1511178237135885,0.023637718251237727,2.178685462680569,2.226706354619143,1.132405565672387,0.2684724419831576,0.3499796020804882,0.008747446761313013,0.219156007419762,0.016774752455189362,0,1,75.40421451186968,3.7230769230769227
3.14,1.1751685277958306,0.29339144751197976,0.3497092756722286,0.16421984850749366,0.020555006558510464,2.6498840530314336,2.529890494788695,1.1429227622077358,0.27231143768175337,0.3499998890261421,0.008744987864826203,0.19155508638723484,0.03842690671598084,0,1,76.4344089691038,4.835164835164835
3.16,1.1783801878634332,0.29456345199169737,0.3501160125448975,0.17840552245134894,0.020243253812530195,3.4535660745728336,3.108394819303738,1.153804800239045,0.2762836304546923,0.349985176274559,0.008745154141954363,0.19743972616366914,0.08445815136599433,0,1,78.00371902809377,5.52014652014652
3.18,1.1818586579235841,0.29583441773687097,0.35052031255050964,0.19264395825792174,0.020184094715276504,4.452970549091597,4.001553761416608,1.16493421772299,0.28034570466034975,0.34993546529700176,0.008747689708324987,0.23162955297536403,0.14516381091985053,0,1,79.99793753114118,5.810256410256409
3.2,1.1856039640383111,0.2972045936616056,0.35092343711621815,0.20687293061098522,0.02012545840722416,5.41357430612402,4.993757287974552,1.1761874695470065,0.28445210879819105,0.3498507610645268,0.008752413588760954,0.275150326278097,0.20296897944568884,0,1,82.05566300242423,5.632967032967032
3.22,1.1896158545843418,0.29867412706978896,0.3513253905749819,0.2210929005490047,0.020066992449585794,6.175157980715464,5.866330932905307,1.1874379634794663,0.28855619383048886,0.34973107204748666,0.008759199203856679,0.3218405607091168,0.24585667657007637,1,1,83.87351425627187,5.0608058608058615
3.24,1.1938940859701044,0.3002431669232856,0.35172617632897,0.23530417909008494,0.020008696339914787,6.444015072593402,6.176176439422554,1.198559171039814,0.2926113788460765,0.3495764102146834,0.008767992349454539,0.3591982691751226,0.25179860365900397,1,1,84.95112957840806,2.675457875457875
3.2600000000000002,1.198438419427734,0.3019118626829864,0.3521257977704522,0.24950694429894668,0.019950569584790117,6.1949685470460985,5.9145773786689055,1.2094277370548756,0.29657231437822124,0.34938679103217135,0.008778829785118984,0.3835721296794225,0.2189063049506208,1,1,85.44809657808139,2.659340659340659
3.2800000000000002,1.2032486190805793,0.30368036361188555,0.3525242582818429,0.2637012990384118,0.019892611692224206,5.9480384355508695,5.664601424179515,1.2199265116927174,0.3003960137635288,0.34916223346171077,0.00879185675318377,0.3894333593190444,0.186181179849426,1,1,85.94734277745418,2.6673992673992672
3.3000000000000003,1.2083244508501718,0.30554881838271186,0.35292156123573026,0.27788730362839803,0.019834822171541117,5.70572414268359,5.42499422175251,1.2299474306537408,0.3040429237675837,0.3489027599588716,0.00880734276378908,0.3861071611773302,0.15381062328546408,1,1,86.44691574988641,2.6673992673992672
3.3200000000000003,1.213665681837795,0.30751737485795266,0.35331770999471046,0.29206499429773286,0.019777200460352955,5.465733595852138,5.187761178472229,1.2393941729043116,0.30747790728356916,0.34860839647078784,0.008825695035732222,0.37233159991919573,0.12162269347864452,1,1,86.94336813387262,2.6673992673992672
3.34,1.2192720799488197,0.30958617995792936,0.3537127077986633,0.3062343834031961,0.0197197038418494,5.22803893573225,4.952931874838358,1.248184530771029,0.3106711131908165,0.34827917243356304,0.008847469057714797,0.34702110913439876,0.089615280506674,1,1,87.4367624096688,2.6673992673992672
3.36,1.225143399370377,0.3117553742418357,0.35410649486694373,0.3203898195896753,0.01963902681208564,4.992795494847875,4.7212497752363936,1.2562524342414263,0.3135987113812836,0.34791512076932657,0.008873375681128103,0.31393357872657957,0.05780125761821159,1,1,87.92716602312082,2.6673992673992672
3.38,1.2312755810924598,0.31402366371309337,0.3544823910659901,0.3336915657226986,0.016151556888127038,4.761598787503723,4.616668959722368,1.263549579768311,0.31624347444686945,0.3475162778829414,0.008904235816496789,0.26866235539778,0.026497139148824733,1,1,88.41478471818108,2.6673992673992672
3.4,1.2376340649225301,0.3163779937810411,0.3547372411232904,0.3444246022398375,0.010736585204384318,4.689107203280872,4.739032780150181,1.2700466235441021,0.3185951914781122,0.347082683658364,0.008940339101398378,0.2194445068737425,0.00929838919506093,1,1,88.9013098906364,2.6673992673992672
3.42,1.2441773849583266,0.3188024373376353,0.3549498724203906,0.35383068206498874,0.010590557384055288,4.8104965936177475,4.864095037709799,1.2757339098627074,0.3206509037518198,0.3466143814546553,0.008981705462548884,0.17677016403179127,0.008968768359312818,1,1,89.38910026892052,2.6673992673992672
3.44,1.2508960698640552,0.32129347672459235,0.35516128856831347,0.3631957515762324,0.0105482091178319,4.935254654865774,4.988599021511364,1.2806217165599354,0.32241495666869013,0.3461114181016455,0.009029224566348736,0.14410146548067906,0.00895250727108865,1,1,89.87840807117917,2.6673992673992672
3.46,1.257789669073002,0.3238510225162752,0.3553718810177295,0.3725421590616023,0.0105094531630322,5.059765911448121,5.112958159292247,1.2847400113416698,0.3238988670225742,0.34557384389525075,0.009084052710949789,0.11752830904885901,0.00893708039798291,1,1,90.36939753168821,2.6673992673992672
3.48,1.264857802389286,0.32647501143610363,0.35558170457594407,0.3818694228069689,0.010471031503921887,5.1839729314264735,5.236944261839391,1.288137724783608,0.32512100941794864,0.3450017125924437,0.009147447197924789,0.09786464153301222,0.008918043035761769,1,1,90.86185618118922,2.6673992673992672
3.5,1.272100088742038,0.32916537927918194,0.3557907269325152,0.3911783260156365,0.010429826529721823,5.308036988853089,5.360816985740404,1.2908815576248267,0.3261061302784197,0.3443950814058779,0.009220746882693559,0.07906151075889807,0.008906115188992314,1,1,91.35601971745625,2.6673992673992672
3.52,1.2795161655607168,0.33192206774032995,0.35599896161616,0.400468997595717,0.010391759833323268,5.431732292426702,5.4843405248584265,1.2930543513905601,0.32688470228682664,0.34375401099816644,0.009305351433466835,0.06799416459518626,0.008885358704617041,1,1,91.85171469556781,2.6673992673992672
3.54,1.287105654272342,0.33474501222188163,0.3562064453124312,0.40974049743340213,0.010354739751158798,5.555277928052478,5.607683715812087,1.294753062088335,0.3274921361530442,0.3430785654758159,0.009402699101442862,0.05765834539853814,0.00887274772325386,1,1,92.34899555859519,2.6673992673992672
3.56,1.2948680422157264,0.33763409714782555,0.3564125843905783,0.41894910616133657,0.01012874944370956,5.678466920939756,5.725878427474253,1.2960863864638732,0.3279678702144373,0.34236881238281563,0.009514240721171392,0.04889064197487794,0.008860375303449908,1,1,92.84241281734738,2.6673992673992672
3.58,1.302800993899196,0.3405884950487674,0.356608358521548,0.4278523808888953,0.008684801463640724,5.80099750831019,5.818815637033907,1.297172098840459,0.32835436144350294,0.34162482269388345,0.00964135840082377,0.042507410064477745,0.008872544512460667,1,1,93.3058696138558,2.6673992673992672
3.6,1.3108928911772475,0.34360367368732103,0.3567422969754645,0.4359140122841639,0.0037270337539014545,5.921219992939394,5.894491524781882,1.2981341636882435,0.3286960038892779,0.3408466708073683,0.009785007524203455,0.03963805142953083,0.008885623599531933,0,1,93.7170595944578,2.6673992673992672
3.62,1.3191243233077778,0.34667156841082986,0.35674950272618255,0.4418253724366782,-0.0026780209960061536,5.950196234700587,5.919840522848217,1.2990996946033082,0.32903800235167296,0.34003443453781035,0.009945318907874404,0.032654634678104845,0.003930521176624624,0,1,93.96727385653111,1.418315018315018
3.64,1.3274232307562945,0.3497641918702536,0.3566556464831295,0.4428696644432265,-0.00748969994299538,5.941805809438112,5.879288402063396,1.3001958341837856,0.3294252301369971,0.3391881951081597,0.01012100674323662,0.028461711573047128,0.0013427282754627234,0,1,94.03444080922942,0.5399267399267399
3.66,1.3357002113020426,0.35284726524061655,0.35644495039176677,0.4391355397160299,-0.013782136394544323,5.867455349043097,5.772556833682211,1.3015466312776485,0.32990110004359374,0.33830803714165414,0.01031023741240949,0.0233018232503113,0.003575171274900646,0,1,94.05437888389045,1.2007326007326007
3.68,1.3438641612547881,0.35588573378049876,0.35611081773414893,0.4306700327302954,-0.02003580065751217,5.734264521327402,5.596628459300144,1.3032699921938498,0.33050647727339194,0.3373940486533568,0.010510532190583274,0.022165317126654507,0.0071160961578573545,0,1,94.15405260736864,2.216117216117216
3.7,1.3518321964107953,0.3588477030687364,0.3556453757792593,0.41794830776855996,-0.026671676379238604,5.530800481084465,5.331283937068792,1.3054747807110416,0.33127866177265686,0.33644632104135497,0.010719156702185224,0.02002938500297544,0.013034393976345204,0,1,94.46350171482511,3.2798534798534793
3.72,1.3595260325143004,0.36170313432716483,0.3550522149922129,0.40141011065815424,-0.03230888380642588,5.249310235157121,4.970816639400905,1.308258138127385,0.33225046560699556,0.3354649490776199,0.01093308568998877,0.01740282066805271,0.02246017477986545,0,1,95.06592533501227,3.989010989010989
3.74,1.3668900433013875,0.3644308356614065,0.3543827564533529,0.3827831761137389,-0.03426511495322348,4.8757816185607785,4.387601519609159,1.3117030892572588,0.33344940842374227,0.33445003089853037,0.011149674290112193,0.024674320759489075,0.04720269030193952,0,1,96.01283182470796,4.883516483516483
3.7600000000000002,1.3739001233405035,0.3670220114190949,0.35369564548665394,0.36360040518676773,-0.034352276132044585,4.285167141724679,3.562005088771942,1.315876493324888,0.3348970509181444,0.3334016679950583,0.011367215467298165,0.05381961215591409,0.08992309106378366,0,1,97.3190865465189,5.213919413919413
3.7800000000000002,1.380551503191911,0.36947540803824824,0.3530095379492587,0.344383450294396,-0.03425310080284287,3.4727509647695283,2.659654233219718,1.3208273902996035,0.3366084825822773,0.33231996520262064,0.011584499391327416,0.09913934720251986,0.138401293650377,0,1,98.85175125659477,5.286446886446885
3.8000000000000003,1.3868439774643049,0.37179152491611855,0.35232542173642295,0.32517755599458376,-0.034153593123934546,2.8824849407072333,2.070279835610522,1.3265857835668493,0.33859197597407753,0.33120503069059504,0.011800264075376935,0.17097750419054952,0.16341738563024702,0,1,100.00424712061374,3.6344322344322344
3.8200000000000003,1.3927775670126228,0.373970944031344,0.3516432929315823,0.3059828703289493,-0.03405437459094104,3.0573659313631003,2.3002169913987744,1.3331618891679502,0.34084881540525575,0.33005697595150363,0.012013066473216788,0.23081699868401948,0.1269962648017624,0,1,100.39399917119376,1.2893772893772895
3.84,1.398352696136403,0.37601439178736507,0.3509613756046048,0.28730276371885083,-0.03603793163628036,3.8926757247588712,3.2938300044030675,1.340545870429838,0.3433733034254081,0.3288759157898637,0.01222130833097046,0.23564517244195166,0.033418306377727525,0,1,100.4287410780006,0.20146520146520147
3.86,1.4036877191475146,0.37796524137104537,0.35010053331394364,0.2823421576855939,-0.04433482760626315,3.8788054866072654,3.653142274886753,1.3487080649218344,0.34615294389395934,0.3276619683107071,0.012425683062008842,0.19183777413340905,0.00014463656476104703,0,1,100.43083589483709,0.06446886446886446
3.88,1.4089711249235166,0.37989191235322156,0.3492038394162276,0.2794979312462589,-0.04715618162843928,3.8494755365777795,3.5795973496637408,1.3575996986105132,0.3491687959013924,0.3264152549077701,0.012628641599258434,0.15582870830007378,0.002068455512074907,0,1,100.43722657714818,0.7333333333333333
3.9,1.4141943228282579,0.3817910369114284,0.34818171354128713,0.27711177049661706,-0.05620833486401167,3.8842725245518044,3.553886027140921,1.3671540701307145,0.352395988444256,0.32513590025135425,0.012828539241509588,0.130328791969435,0.003529085220606021,0,1,100.47109338948441,1.249084249084249
3.92,1.419415586529466,0.38368284833902216,0.3469541615430805,0.2794098931275082,-0.06626837409047975,3.9855144832120177,3.6080097801207347,1.37728817654362,0.35580438168734524,0.3238240322758589,0.01302480340271463,0.11142824365603084,0.006912702036201979,0,1,100.62272595434403,2.224175824175824
3.94,1.4247279610765415,0.3855997638290957,0.3455525125066836,0.2866398840194548,-0.07413289234145777,4.192371665908863,3.7368971715344026,1.3879047410946979,0.3593593569657927,0.32247978216698836,0.013217781988618102,0.09035355617009452,0.013702741378832928,0,1,101.04923762577212,3.4410256410256403
3.96,1.4302204364874216,0.3875724972773886,0.3439964766351324,0.29801105490419394,-0.08122205800781357,4.553530056608422,3.9368524871145394,1.398894593581794,0.36302271448342327,0.32110328434863344,0.013408125515888268,0.08385156239831688,0.028071508319953142,0,1,101.86868606600524,4.456410256410256
3.98,1.4359513742556786,0.3896204492016488,0.3423389482107955,0.3114494710524494,-0.08389014377006158,5.217751188835145,4.262285033644927,1.4101393452405266,0.3667536550322229,0.3196946764694288,0.013596046275005205,0.0875968301563516,0.06394274079387474,0,1,103.15611427858585,5.326739926739926
4.0,1.4419468393184636,0.39175163107803085,0.34066129909358656,0.3255735985720501,-0.08378687856372677,6.128956434676175,4.848488420085401,1.4215142927649214,0.370509820056542,0.3182540993889886,0.013781590818458016,0.11008568707942248,0.11817862710155491,0,1,104.89627937531297,5.673260073260072
4.0200000000000005,1.4482126096760173,0.3939670788527624,0.3389878716399554,0.33972338623351533,-0.08354366990086962,7.014168927929933,5.655417445812496,1.4328914803863912,0.3742483630631417,0.31678169716382026,0.013964883968347915,0.14201831934749753,0.17046598608006436,0,1,106.78868569292315,5.3428571428571425
4.04,1.4547489657614259,0.3962659207551768,0.33731930507113383,0.3538649666581833,-0.08330096932621489,7.535216754952441,6.355080229345352,1.4441428449751927,0.3779270247647697,0.3152776170329195,0.014146227543139413,0.1777039005089785,0.195449105791269,0,1,108.31162563309,4.504761904761904
4.0600000000000005,1.4615560358291457,0.398647236940113,0.3356555858125935,0.3679982981593458,-0.08305897379771178,7.5552268191483005,6.6232535353719255,1.4551433670047977,0.3815051844521625,0.3137420094030459,0.014326190875688462,0.20695728462558213,0.18286250825521144,0,1,109.22711786561317,3.191208791208791
4.08,1.4686339444488254,0.4011101114306479,0.33399669978257907,0.38212338638936183,-0.08281768128483558,7.204089618842907,6.425457661227674,1.465774149985633,0.38494486090975777,0.31217502783368284,0.01450562193668914,0.22275872655228274,0.14244797557973743,0,1,109.71680389658542,2.2564102564102564
4.1,1.4759828126502121,0.4036536321513032,0.3323426329266054,0.39624023402800057,-0.0825771003854793,6.683551330955732,5.935239760509596,1.4759253526387615,0.38821163769777467,0.3105768290216814,0.014685649746711224,0.22016330033473885,0.08933646672043821,0,1,110.02399191065422,1.9501831501831497
4.12,1.4836024638336902,0.4062767891037467,0.3306920892764067,0.41014996516791274,-0.08315684009142364,6.204039201231883,5.390049447012131,1.4854989016041487,0.3912754897736017,0.30894757278559093,0.014867672901937879,0.20176535722153627,0.03935317530710791,0,1,110.31723291381394,2.2564102564102564
4.14,1.4914558564822165,0.4089655526992661,0.3289031840429744,0.4199781489995579,-0.0950584838539434,5.968788754040545,5.451805409462307,1.4944109177784266,0.3941114911578685,0.30728742204967735,0.015052090977317505,0.16781352725937124,0.00961989562123372,0,1,110.69659616722515,2.651282051282051
4.16,1.4994834058850377,0.4116971365148852,0.32696615218481423,0.4281667859351189,-0.09889852441751801,6.06780374707333,5.5384885150309895,1.5025937963261242,0.39670038658949913,0.3055965428276307,0.015237713886177447,0.1380677140042433,0.008127775456052366,0,1,111.10620903269192,2.522344322344322
4.18,1.5076590206038845,0.41446110024028054,0.32494116571811743,0.43424504487471327,-0.10497337321046048,6.12579534909429,5.5528003035277935,1.5099978888382262,0.39902901377093264,0.3038751042059644,0.015424888441882867,0.11304843073567362,0.005244665397370951,0,1,111.37064460025286,1.813186813186813
4.2,1.51591494427296,0.4172329681267197,0.322758234928293,0.4356179520819483,-0.11314810564192289,6.113575321314236,5.51475357442524,1.5165927458180188,0.4010905667805973,0.3021232783271058,0.015612939857642625,0.0919668911404602,0.001402056944653951,0,1,111.4521883288667,0.5641025641025641
4.22,1.5241571311157092,0.419979597165326,0.3204355323971077,0.4319644575060617,-0.1194110960781954,6.042347424805042,5.410142086557851,1.52236788842035,0.40288469541798905,0.30034124037218307,0.015800317925669424,0.07443195870242975,0.0035156927593657517,0,1,111.47169272592409,1.1846153846153844
4.24,1.5322930947537226,0.4226693318448552,0.31798633442211766,0.4235585527011514,-0.1260900211730482,5.9090693588622125,5.226324471212105,1.5273330898945943,0.40441743953580805,0.29852916854350664,0.01598580264791121,0.060810040615099314,0.007627113337364377,0,1,111.57855689785691,2.3369963369963367
4.26,1.540233895178405,0.42527241987893055,0.31539378127510825,0.4107153301249274,-0.13272840312654327,5.699096788664604,4.9822776017941734,1.5315181592021638,0.4057010016901768,0.2966872440467494,0.01616826897789419,0.05095358387517149,0.01182611339632117,0,1,111.88540134439836,3.0945054945054937
4.28,1.5479024658662939,0.4277638394813064,0.3127002554017757,0.39422766251255803,-0.13632122714966877,5.397657951481596,4.623426540656213,1.5349722315021017,0.4067533655918167,0.294815651072826,0.016346938565532473,0.04312375046251676,0.021569638804904978,0,1,112.5001386738127,4.037362637362636
4.3,1.5552390498236972,0.4301253806726986,0.309962963307979,0.3754043861854525,-0.13708039186520804,4.949193316073496,4.047540636820722,1.5377625823234715,0.4075977717601307,0.2929145767794742,0.016521853361613298,0.0454474388871243,0.045793563969508844,0,1,113.50579880400134,4.794871794871795
4.32,1.5622184016546317,0.4323508558176763,0.30722460466202706,0.35618906971688313,-0.13671569041767537,4.25050660283649,3.238479263237356,1.5399729939730051,0.40826206536737375,0.29098421127253904,0.016694044546604676,0.06826914991925975,0.08732714379472312,0,1,114.87951670114131,5.238095238095238
4.34,1.5688373203828392,0.43444148203312155,0.3044940653640139,0.336976295353888,-0.1363185511665168,3.3741996476842933,2.3394186608294913,1.5417017137722164,0.4087779344200636,0.28902474758696284,0.0168649581904683,0.11438807697467596,0.135619371070038,0,1,116.46345664177296,5.286446886446885
4.36,1.5750952888714627,0.4363993543023429,0.30177145840385294,0.31777472313705984,-0.13592253561121587,2.4773612535117726,1.5032727440255416,1.5430590538074969,0.40918005908005517,0.2870363816674809,0.017035861557294862,0.1927541906983145,0.1792039855690132,0,1,118.03752280177292,5.165567765567764
4.38,1.580991834720365,0.43822657053049047,0.299056760819958,0.29858435986855825,-0.1355276705081039,1.6718450020550448,0.83484374655683,1.5441646907602455,0.409505195012878,0.28501931234902855,0.01720773827739612,0.2922094013885928,0.21022082148025625,0,1,119.44444319171967,4.867399267399267
4.4,1.5865264973706992,0.43992522083322916,0.29634994963500777,0.2794052118535047,-0.1351339525175656,1.0383230108789239,0.33830042724353826,1.5451447318415803,0.409791215116268,0.2829737413368565,0.017381257511873426,0.40240819148176854,0.22835722883190188,0,1,120.63551791088359,4.335531135531135
4.42,1.5916988281696711,0.44149738756895407,0.29365100193842486,0.2602373001781652,-0.13474137830715358,0.6827339408347216,0.00891405986580258,1.5461286187020626,0.41007613479446076,0.2808998731863615,0.01755674955416584,0.5123356656603356,0.23463311649392027,0,1,121.5558775941904,3.602197802197802
4.44,1.5965083906791095,0.4429451454424808,0.2909598948861891,0.24108067769724448,-0.13434994455410113,0.6474291846584765,-0.08166555244135901,1.5472459452747909,0.41039714608850497,0.27879791528263026,0.017734187923141805,0.6150916870513021,0.22167910466506718,0,1,122.18398394149665,2.9978021978021974
4.46,1.6009547614659152,0.44427056174677354,0.28827660570064423,0.22193546550790266,-0.13395964794529464,0.835630935393973,0.0288693721030376,1.5486232677367024,0.4107896854522478,0.27666807781970165,0.017913178610496586,0.6920733496410417,0.19431792949056886,0,1,122.62582922056065,2.6432234432234427
4.48,1.6050375319267873,0.4454756968973056,0.2856011116703042,0.2028019312046147,-0.13357048517724526,1.0740175065664885,0.1802311791997489,1.5503809850801562,0.4112865587980609,0.2745105737795469,0.018092956966047943,0.7471370355735727,0.16390620058095692,0,1,123.03902498309931,2.852747252747253
4.5,1.6087563123315,0.4465626055871192,0.28293339014966007,0.18368065657243568,-0.13318245295648265,1.1562607247695267,0.24668894157207985,1.5526303671639545,0.4119171456631317,0.2723256189107724,0.018272392512307403,0.7762380407076488,0.13987431989279797,0,1,123.55655308637805,3.239560439560439
4.5200000000000005,1.6121107406182609,0.447533339257156,0.28027341855894194,0.16457289619460597,-0.1327955480064536,1.0996747631357626,0.2750549515706056,1.5554708035965743,0.4127067020193802,0.270113431707044,0.01845000178445203,0.7964842166512972,0.11871262070558437,0,1,124.13878227682926,3.199267399267399
4.54,1.615100501339098,0.4483899513461343,0.2776211743824398,0.1454813415243572,-0.13240976767973187,1.213422697671174,0.4432142909063604,1.5589873414777038,0.413675778435234,0.2678742333852387,0.018623969108118275,0.7898880205696284,0.08708241384723113,0,1,124.57501425608413,2.3047619047619046
4.5600000000000005,1.617725371965712,0.4491345100171661,0.2749766189765559,0.12641713350383466,-0.1320401080662731,1.666772006268226,0.8841648435070715,1.563248573015156,0.41483976707538783,0.2656082478633226,0.018792175135073065,0.7234636149545246,0.0350171497082124,0,1,124.79593717576287,1.668131868131868
4.58,1.6200203693800803,0.4497789115144031,0.2722999498929514,0.11393785972078355,-0.13565541456221794,1.8280378263314196,1.1343414538107521,1.5683049255123855,0.4162085874852015,0.26331570173795976,0.018952559757884818,0.5905293614640588,0.0030877219181557336,0,1,124.89312106519836,1.1443223443223443
4.6000000000000005,1.6221539105626495,0.4503717336505069,0.2695756639904416,0.10728796202293416,-0.1369168370772749,1.7489127562709705,1.0474311466446267,1.5743081630484683,0.4178187728151661,0.260996824261852,0.019104201455225518,0.4794221738498153,0.002716426979904929,0,1,124.94350663668888,1.0234432234432234
4.62,1.6241718348331178,0.4509264776505367,0.2668188514421176,0.10283694310967188,-0.1396848737140946,1.7436187242457826,1.0146933909047522,1.583006207710555,0.42013047824855154,0.25865184732081475,0.019242351273547356,0.38822698699166375,0.001394335203083824,0,1,124.96561610250514,0.4673992673992673
4.64,1.6261520957398645,0.45146489967887937,0.26397800466402915,0.10353152293511819,-0.14434707614020734,1.8094116082176321,1.0584772262649471,1.5917096804625324,0.4224216622631317,0.25628100541058796,0.019364038932112287,0.3239584450993218,0.0047484032145648225,0,1,125.03274085761511,1.5956043956043955
4.66,1.6281960512110287,0.452014292458752,0.26105294003445906,0.10937397416787961,-0.1485001472692223,1.9639471814558747,1.1738613690658215,1.6004185913331959,0.42469208794068086,0.2538845356133868,0.019469616146414286,0.2685690125724387,0.009707036460158747,0,1,125.30313751967827,2.7882783882783877
4.68,1.6303990970681033,0.4525994203670137,0.2580382175613283,0.1198553946765582,-0.1526498344331197,2.243198984737352,1.3957274538659543,1.6091329481811047,0.4269415201388285,0.25146267757419416,0.019559484456996998,0.21901277430366,0.019381060636450453,0,1,125.9493326062716,3.9487179487179485
4.7,1.6328415802277618,0.4532401723763296,0.2549698111338564,0.13355341242084967,-0.15381284571621168,2.753938620769812,1.7546089181430726,1.617852756690111,0.42916972552178806,0.2490156734767955,0.019634008180535355,0.18982244810852283,0.043767543450806023,0,1,127.06994186942538,4.867399267399267
4.72,1.6355583813219854,0.4539439756002966,0.25189676266675004,0.1478157165019286,-0.1534317369172276,3.567761031524348,2.4017944928889734,1.6265780203657498,0.4313764725911714,0.24654376801956163,0.01969341016020369,0.1938820500545216,0.09061433084812426,0,1,128.68614059678265,5.544322344322344
4.74,1.6385537810124582,0.4547101571446567,0.24883236381989574,0.16207893119194106,-0.15298604654387024,4.532680088358911,3.347873796814197,1.6353087405324975,0.433561531716879,0.2440472083909782,0.019737843932933655,0.22239090354285695,0.14880472659164196,0,1,130.6784188764693,5.810256410256409
4.76,1.6418279719701898,0.4555369900056587,0.24577686717943295,0.1763296122688783,-0.15254161066929128,5.400373849855848,4.3073777480021205,1.6440449163318998,0.4357246751680576,0.24152624424492772,0.019767503105632297,0.2750648331028791,0.19971552044314492,0,1,132.60322340932467,5.230036630036629
4.78,1.6453811182539284,0.45642274996117305,0.24273024698459017,0.1905695918257122,-0.15209846591367784,5.9217015228073215,4.921881383621624,1.6527865447215724,0.43786567714411156,0.23898112767572388,0.019782633969482554,0.3257535386565673,0.22465931386123808,1,1,134.0048189717218,4.093772893772893
4.8,1.6492134017777706,0.4573657271575725,0.2396924774486317,0.20479991428670158,-0.15165660852662935,5.958119770395609,5.022335735542381,1.6615336204750812,0.43998431380576264,0.2364121131929028,0.019783534883915987,0.3702184157356329,0.21324431287290946,1,1,134.78835293726155,2.6673992673992672
4.82,1.6533250105312334,0.45836422288051804,0.23666353285973332,0.21902117259786896,-0.1512160347682442,5.668272516565829,4.720740590182645,1.6702861361826982,0.4420803633061424,0.2338194576957718,0.019770555470246517,0.39031126539055605,0.1773682195386018,1,1,135.22925659350753,2.4175824175824174
4.84,1.6577161319356193,0.459416547751022,0.23364338758076555,0.23323370428252138,-0.15077674090957047,5.380379210388891,4.4170801770103125,1.6790440822530375,0.44415360582191044,0.23120342044772024,0.019744095823080978,0.3907917960397307,0.14164715572382702,1,1,135.6773985048158,2.6673992673992672
4.86,1.6623869491247774,0.4605210207225883,0.23063201604894956,0.24743770238290985,-0.15033872327904874,5.143583044944744,4.189847536606303,1.6878074469155728,0.4462038235843851,0.22856426305029268,0.019704605725045815,0.37302071972045947,0.10976666856492667,1,1,136.16535940757308,2.6673992673992672
4.88,1.6673376388644916,0.46167596852211024,0.22762939271121702,0.26163327181066054,-0.1499020017285569,4.909135994130516,3.9649628658923968,1.6965762162240379,0.44823080091067624,0.22590224941702977,0.01965258385769888,0.3463384398702392,0.07807054742070235,1,1,136.65035156804325,2.6673992673992672
4.9,1.6725683619361946,0.46287972337580496,0.22463546046453242,0.27581730845087554,-0.14947801551972745,4.677062301172977,3.74269749541864,1.7053503740607114,0.4502343242348096,0.22321764574707625,0.019588576964432614,0.3077846958873839,0.04656154118834943,1,1,137.13241687963335,2.6673992673992672
4.92,1.6780765781286409,0.46413000659253417,0.22164099332674023,0.28930962656141745,-0.15110820279416678,4.461338100717261,3.610852896035936,1.7141299021415863,0.4522141821388282,0.22051072049856227,0.01951316475462493,0.2590727456288164,0.01658017246148541,1,1,137.61168234913046,2.6673992673992672
4.94,1.6838206509485008,0.465415622796788,0.21859404056368584,0.29945013779886226,-0.15259531357388154,4.50000759037766,3.7274257492592233,1.7229147800224176,0.45417016538386284,0.2177817443617566,0.019426675555142242,0.20863241501056068,0.009099902974616991,1,1,138.09030898119786,2.6673992673992672
4.96,1.6897569834858304,0.46672527435222716,0.21554739937742268,0.30892711680826396,-0.15203260682196837,4.624276387056864,3.8550205870066074,1.7317049851056614,0.456102066941157,0.2150309902319991,0.019329320940844663,0.17194513749232507,0.009085622513405556,1,1,138.57043447689657,2.6673992673992672
4.98,1.695882261108668,0.468057090122085,0.21251219372830796,0.31838196552430464,-0.1514595437136223,4.748602984925803,3.982321927107516,1.740500492648289,0.45800968202303444,0.21225873318241015,0.019221574683694037,0.14310980226668196,0.009069492314347283,1,1,139.0521203838408,2.6673992673992672
5.0,1.7021962678240836,0.46940992176091956,0.20948846056275672,0.3278178260253825,-0.15088671022013367,4.872816594981924,4.109311097298264,1.7493012757704889,0.45989280811379896,0.20946525043638475,0.01910395878533662,0.12091681923937043,0.009048981213812646,1,1,139.53542439807464,2.6673992673992672
5.0200000000000005,1.7086988070620357,0.47078263538080967,0.20647613247789676,0.33723531117285427,-0.15031803365833288,4.996681195422875,4.236134688916833,1.7581073054652419,0.4617512450005512,0.20665082133986942,0.018977025559033796,0.10181617808012658,0.00903521689099146,1,1,140.02037178129456,2.6673992673992672
5.04,1.715389666824875,0.47217410360266227,0.20347515214761028,0.3466334418465939,-0.1497515647320051,5.120365987965141,4.362625239703944,1.7669185506087817,0.46358479480391146,0.20381572733342865,0.018841356655569165,0.08451173762257341,0.00901624843028287,1,1,140.5068740594962,2.6673992673992672
5.0600000000000005,1.722268626979805,0.47358320730291525,0.20048549980253477,0.3560126346111358,-0.14918501048014943,5.243726914941746,4.48893152903098,1.7757349779719267,0.46539326200863707,0.2009602519241003,0.01869756256760597,0.07491901598229449,0.009002382057416047,1,1,140.99496383214904,2.6673992673992672
5.08,1.7293354663302896,0.4750088372701474,0.19750717121157213,0.36537312601795097,-0.14862137653035765,5.366945438219841,4.61491763946755,1.7845565522322824,0.4671764534941183,0.19808468065704596,0.018546282210251265,0.06718399216945867,0.008983758482883242,1,1,141.48467658034699,2.6673992673992672
5.1000000000000005,1.7365899667903648,0.476449894668912,0.19454006529047524,0.37471562024915267,-0.14806093526086234,5.489869786046042,4.740688402473742,1.7933832359873187,0.4689341785647429,0.1951893010869958,0.018388182013604128,0.05570656288087382,0.008967587635941854,1,1,141.97602002083497,2.6673992673992672
5.12,1.7440319025188928,0.4779052884781676,0.19158413620925688,0.38403895625465606,-0.14750484327993288,5.612562904562071,4.866194877728383,1.8022149897683115,0.47066624898011483,0.19227440274949428,0.018223954989195643,0.051277038271160785,0.008951579798159914,0,1,142.46892745109284,2.6673992673992672
5.14,1.7516668866899974,0.47937505313466083,0.18863790009987164,0.39510172421741696,-0.14724152313578187,6.180351030419797,5.322033711504715,1.8110517720551436,0.4723724789851146,0.18934027713194598,0.018054317311398636,0.04831982275761628,0.0404487136682693,0,1,143.74886084173588,5.9472527472527466
5.16,1.7595624546405129,0.480870873335312,0.18569691222930335,0.4092068524701818,-0.1468266625142441,7.230472821668823,6.148930442997033,1.8198935392919693,0.47405268533978734,0.1863872176444674,0.01788004529421032,0.06565899533103167,0.10518154327727358,0,1,145.819509389001,5.745787545787546
5.18,1.7677397009717584,0.4823951959293783,0.18276443317688193,0.4233079076014724,-0.14640012114661388,8.003153836907664,6.792277338728664,1.8287402459037256,0.475706687349046,0.1834155195905466,0.017702138575274754,0.09426311702781796,0.1491126071487458,0,1,147.50626130557936,4.520879120879121
5.2,1.7761986941414216,0.4839464231935648,0.17984047319204574,0.4374007395269815,-0.14597481788091468,8.182203392052699,6.9458832201372935,1.8375918443134982,0.47733430689217704,0.18042548013751245,0.017521672690902775,0.1242717599250933,0.1485292994795971,0,1,148.45837279061095,2.9091575091575086
5.22,1.784939484251039,0.4855229627890011,0.17692500752670598,0.4514853525753916,-0.14555075125542516,7.839172783585008,6.69162027521126,1.8464482849607238,0.47893536845213414,0.17741739828681868,0.017339758917793234,0.13813520404301582,0.10879796345495318,0,1,148.9357778963321,2.3450549450549447
5.24,1.7939621110627104,0.48712322926495916,0.17401800140720117,0.46556044382837036,-0.14513321399970738,7.329172999998994,6.314373734616665,1.8553095163202329,0.48050969914460623,0.1743915748441435,0.017157543285735464,0.1390660331648563,0.05655222051160974,0,1,149.29968652316563,2.3531135531135527
5.26,1.8032632179710264,0.48874503602868985,0.1711072717090575,0.47890838408082503,-0.14701928221975527,7.0056792863188075,6.174371398237213,1.8641754849221228,0.4820571287468486,0.17134831238930984,0.016976183842474273,0.11848941101491131,0.01858389877133193,0,1,149.8142630859614,3.1106227106227107
5.28,1.8128156850186945,0.49038181249820456,0.16814924290119107,0.4909507776003813,-0.14825705681380147,7.151545687590158,6.3760533069499274,1.8730461353724512,0.4835774897262616,0.16828791524602688,0.01679647899541964,0.0975523208686917,0.017246308174258318,0,1,150.61881587606263,3.771428571428571
5.3,1.8226212776126625,0.4920320466959679,0.16517892518811955,0.504171618914664,-0.14890404227331855,7.439443902449042,6.583498471321462,1.8819214103747481,0.4850706172687045,0.16521068945145892,0.01661914974774636,0.08278118922950803,0.025494905737083573,0,1,151.60000386655472,4.06153846153846
5.32,1.8326968257073684,0.4936968725758137,0.16219023774105634,0.5177073549449468,-0.1501799144287491,7.7049453327560675,6.737378428805993,1.8908012507523375,0.48653634930653095,0.1621169427256208,0.016445137694014778,0.0728944801597181,0.03162936127029592,0,1,152.5598919923543,3.7956043956043954
5.34,1.8430414721484036,0.4953742504813249,0.15916105749012352,0.5307249248802601,-0.15362963503103183,7.7932931464363175,6.828988653283478,1.8996855954714582,0.4879745265463327,0.15900698444060726,0.016275282085906236,0.0665502266311586,0.024582430446567605,0,1,153.33646402777842,3.1670329670329664
5.36,1.8536342621629964,0.4970584808016261,0.15603076307073477,0.542128549155097,-0.15890536124116877,7.781893898052915,6.953223256743648,1.9085743816651775,0.48938499249637846,0.1558811255896549,0.01610993477144443,0.05657093142117691,0.011321474563049438,0,1,153.96264783524242,2.917216117216117
5.38,1.86444081955909,0.4987416516846245,0.15284199102948137,0.5516698901568217,-0.16015908065335446,7.875813557646308,7.046637993744653,1.9174675446580867,0.4907675934937348,0.1527396787560442,0.015949053596734663,0.05071221553855937,0.008585901342514135,0,1,154.49128809047048,2.6432234432234427
5.4,1.8754248795036728,0.5004164524204185,0.14961526646503726,0.5597145964410427,-0.16331449801486198,7.993404414953448,7.128979310987863,1.926365017991777,0.4921221787310547,0.1495829580818404,0.015793047017090382,0.04115365867920867,0.008760980057642032,0,1,154.9392518795328,2.691575091575092
5.42,1.8865673014634068,0.502078186224715,0.14629734081214835,0.5669399050626173,-0.16860589525996522,8.081291075395814,7.199170282249275,1.9352667334510727,0.49344860028302245,0.14641127923648062,0.01564195749071987,0.03620076264202277,0.0071218054926753815,0,1,155.32257970993132,2.3369963369963367
5.44,1.8978448770620233,0.5037213030569013,0.1428830390699258,0.5727458450515167,-0.1727124646518473,8.148819388417742,7.256541837690434,1.9441726210910253,0.49474671313244045,0.14322495938520605,0.015495324679012736,0.029215690693765867,0.005600240795962885,0,1,155.61779799012186,1.966300366300366
5.46,1.9092289356136924,0.5053398651332924,0.1393984407468734,0.5768167623768512,-0.17625570528712659,8.191664664628478,7.2772680598430615,1.95308260926465,0.49601637519594527,0.1400243171573468,0.015352771407526767,0.024584375405331947,0.004069503465730651,0,1,155.81505204500206,1.5230769230769228
5.48,1.9206780641178287,0.5069265677301384,0.13583061894974072,0.5789797014932007,-0.18068867825044074,8.22302740123402,7.287779178432835,1.9619966246513962,0.49725744734934135,0.13680967261445826,0.01521393501419024,0.021384700856565124,0.0034165047317671338,0,1,155.94011819770444,1.3135531135531133
5.5,1.932167436427094,0.5084766126603776,0.13217932493510817,0.5802990815665933,-0.1840297166495768,8.237117808158096,7.295969475366057,1.9709145922863425,0.49846979345253667,0.1335813472183161,0.015078189076981784,0.01952550467336087,0.0025191078818443957,0,1,156.03389453881329,1.015384615384615
5.5200000000000005,1.943679724668025,0.509986688381361,0.12848110977523033,0.5803177048293935,-0.18637742579370697,8.228469426712307,7.267547140027135,1.9798364355901,0.4996532803740713,0.13033966379876935,0.014945079466354691,0.01618172814224569,0.0014057912732251543,0,1,156.08500585799405,0.6205128205128204
5.54,1.9551778721695707,0.5114513578451946,0.12471816753419507,0.5785902465092366,-0.1899805732291431,8.208117157482333,7.23080422250979,1.9887620763994205,0.5008077780152237,0.1270849465214589,0.014814312931037622,0.014489344180459869,0.0009222313884010847,0,1,156.10428730464886,0.4432234432234432
5.5600000000000005,1.9666409345281433,0.512867368615823,0.12088914872966633,0.5762198112687529,-0.19275968436685592,8.176203120751453,7.190113646973931,1.9976914349984862,0.5019331593336842,0.12381752085539993,0.014685281411655152,0.013538162020608882,0.00037108275790342926,0,1,156.1134620813633,0.24175824175824176
5.58,1.9780560979389632,0.514232850691929,0.11701600571472559,0.5730489927525856,-0.1946855591970173,8.129498412214076,7.1330735528360725,2.0066244301508807,0.5030293003667815,0.12053771354043649,0.014557487445549695,0.011620976715584515,0.0010782200424469535,0,1,156.11504978854998,0.29816849816849816
5.6000000000000005,1.9894015954010897,0.5155452430360778,0.11310372812703859,0.5685215248033503,-0.19652849236049097,8.059684251846562,7.055633399127662,2.0155609791322155,0.5040960802542522,0.11724585255456663,0.014430616510809513,0.01023307942880025,0.0020086063202824356,0,1,156.11504978854998,0.6366300366300366
5.62,2.0006487756488345,0.5168015170663154,0.1091593793274007,0.5629975181056235,-0.19789738481050664,7.990205566102682,6.980794563133493,2.0245009977634103,0.5051333812605409,0.11394226708114599,0.01430437428163406,0.01254929029537537,0.001837422756615248,0,1,156.11540792359324,0.5802197802197802
5.64,2.011791979302283,0.5180015612884804,0.1051906483048313,0.5573843790946967,-0.19908942195528154,7.913644262698525,6.89712326086061,2.0334444004446093,0.5061410887966173,0.11062728747596882,0.014178435632222701,0.010783563722709876,0.002273144358647561,0,1,156.11630130692,0.7333333333333333
5.66,2.0228225895705076,0.5191450844524512,0.10119622341577608,0.5512499601077234,-0.2004033075453245,7.832401050317369,6.809483907561587,2.0423911001897097,0.5071190914413043,0.10730124523423303,0.014052527088167954,0.010823347759820749,0.002462038606992678,0,1,156.12122394603767,0.7978021978021977
5.68,2.0337323001288667,0.5202319162550729,0.09717815690317715,0.54467737589435,-0.20106320135020228,7.737105429325567,6.717892591718604,2.051341008661512,0.5080672809620963,0.10396447295739134,0.013926337108946576,0.013829514972168302,0.0026334232589162454,0,1,156.13228114653964,0.8622710622710622
5.7,2.044509307945726,0.5212618004782136,0.09316023942892653,0.5375292213436931,-0.20102705643991953,7.64120821810662,6.616592980605761,2.0602940362074467,0.5089855523354675,0.10061730431989054,0.013799697506998712,0.012542760842512695,0.003089607074676315,0,1,156.15156818798403,1.0234432234432234
5.72,2.0551449939138147,0.5222350389662826,0.08913198460071255,0.5301567401091845,-0.20177287408131953,7.544513870402296,6.517396102257582,2.0692500918958947,0.509873803766653,0.09726007403580536,0.013672516620651018,0.01282264809625101,0.0030151863644151122,0,1,156.17431305063113,0.9992673992673992
5.74,2.0656384883097307,0.5231525927144894,0.08509303852248402,0.5229374622390679,-0.20182096332951097,7.4482123668551745,6.426792302600882,2.0782090835530522,0.5107319367088916,0.09389311782536626,0.013544505394298866,0.01362910895073709,0.00266751775753693,0,1,156.1940166847177,0.8622710622710622
5.76,2.075993901430857,0.5240159781542442,0.08106446502782566,0.515722148310712,-0.20117297096892972,7.346271475616765,6.325142432658344,2.0871709178003592,0.511559855882124,0.09051677238138879,0.013415455294478709,0.011293081953455198,0.0031136013772395388,0,1,156.21721906531187,1.0395604395604394
5.78,2.08620391590329,0.5248258814237664,0.07704183436175698,0.5082289034561641,-0.20122858284011677,7.251289320992719,6.227403036713626,2.096135500092449,0.5123574692911339,0.08713137533560339,0.013285370808846042,0.01008301138153199,0.002940244963019978,0,1,156.24302098798987,0.9750915750915748
5.8,2.096271252689617,0.525583704777686,0.07301365367657323,0.5010069257108625,-0.2014790263090507,7.154090041045445,6.131366944175584,2.105102734755612,0.5131246882431206,0.08373726522489384,0.013154021389689697,0.01099650982617044,0.0028733898989741213,0,1,156.26583563730583,0.9589743589743589
5.82,2.1061980324733716,0.5262907409030394,0.06898799432634935,0.49399944346459823,-0.2005729214855194,7.059438393721997,6.050226906703125,2.114072525026762,0.5138614273646986,0.08033478145744247,0.013021143145458724,0.009885711759327415,0.0026504190176971365,0,1,156.2838719540208,0.8622710622710622
5.84,2.115992647364743,0.5269488861978262,0.0649979185754367,0.48721273519218644,-0.19855979671865207,6.960499635066481,5.957643064842895,2.123044773092883,0.5145676046183097,0.07692426427879093,0.012886612233517747,0.010412995764852627,0.00290162393874438,0,1,156.30236561939972,0.9589743589743589
5.86,2.1256499834535805,0.527559270571358,0.061039574482679125,0.48028156720685433,-0.1972459652914045,6.871345851110574,5.874509907490352,2.1320193801309397,0.5152431413180406,0.0735060547378147,0.01275063906568218,0.013910328945223139,0.0024073617789281965,0,1,156.32002899105896,0.7897435897435896
5.88,2.1351784550203257,0.5281237648472387,0.05710824963262383,0.4740870751907901,-0.1954545271579464,6.786630214418873,5.805295782690855,2.140996246348234,0.5158879621448385,0.07008049465261969,0.012613148340853895,0.01341600180864138,0.0022261692693844592,0,1,156.3283411835521,0.7252747252747253
5.9,2.1445910030312123,0.5286444651771962,0.05322542292146308,0.4683000435214333,-0.19291377995530445,6.703858964544881,5.731805120164433,2.1499752710231967,0.516501995161116,0.06664792657635946,0.01247409658958365,0.014728962584196526,0.002164239372075105,0,1,156.33384899186717,0.701098901098901
5.92,2.1538895804134834,0.5291228526657888,0.04938417175927746,0.46263621711794667,-0.19141724449757327,6.631626122489425,5.662200429001531,2.1589563525465816,0.5170851718247346,0.06320869376298152,0.012333692368901519,0.012558920422823416,0.0016335343857787343,0,1,156.33730482994767,0.5238095238095238
5.94,2.1630824143601224,0.5295604984698051,0.04556434415464442,0.45759638492256344,-0.19010282533384767,6.563290185768202,5.607577439594663,2.1679393884630653,0.5176374270023624,0.059763140132900856,0.012191880653126902,0.011553189512660118,0.0014691578033793617,0,1,156.3379086164287,0.4593406593406593
5.96,2.1721829486943167,0.5299590705786901,0.041786633346773724,0.4532744569470844,-0.18744931134741713,6.503882673217437,5.5633143653735155,2.1769242755132145,0.5181586989821982,0.05631161023860951,0.012048517731021826,0.010465300107172837,0.0010986256117859194,0,1,156.3379086164287,0.32234432234432236
5.98,2.181205016027475,0.5303202968269509,0.038063972491244755,0.44952655423190513,-0.18504514107504566,6.452949893906651,5.51868729098205,2.1859109096758167,0.5186489294860521,0.05285444923022034,0.011903680237765259,0.011923465811593374,0.0007138889931649905,0,1,156.3379086164287,0.18534798534798533
6.0,2.190157022883358,0.530645507469481,0.034376485913878374,0.44634897450584,-0.18359955798572075,6.415494824224457,5.489125742987085,2.1948991862105443,0.5191080636807796,0.049392002820953525,0.011757503170334863,0.009909227538251277,0.00021937223547829898,0,1,156.33921367522464,0.13699633699633695
6.0200000000000005,2.1990556869393223,0.5309360493421649,0.030719394937362098,0.4437818468087071,-0.18201347974790982,6.374371289088491,5.456402852574381,2.203888999700943,0.5195360501890592,0.045924617252564325,0.011609869587551168,0.00882981618025761,0.00028656127917314755,0,1,156.34116247901764,0.06446886446886446
6.04,2.2079021495684015,0.5311926398692794,0.027095414844876396,0.44129824043683336,-0.18015690459524872,6.3422597554473725,5.436136362702632,2.212880244097723,0.5199328410995128,0.04245263926072041,0.011460923717774121,0.009893401134548776,0.0006417986389612995,0,1,156.34572252329562,0.2901098901098901
6.0600000000000005,2.2167077720324464,0.5314162768614118,0.023513866436167506,0.43955836915961505,-0.17790209299200585,6.317279545096806,5.422452062114755,2.2218728127623284,0.5202983919761555,0.03897641604032735,0.011310704834333388,0.008505254017687707,0.0009269331674726655,0,1,156.3577311596913,0.3868131868131867
6.08,2.2254831195075555,0.5316078836555033,0.01997721469185387,0.4380436612522589,-0.17566192085433566,6.289406684097687,5.405861388028721,2.2308665985107687,0.5206326618671788,0.03549629521081065,0.011159361629301099,0.00783323782567595,0.0007717078122189136,0,1,156.37115579516515,0.33040293040293034
6.1000000000000005,2.234227419886325,0.5317680578707333,0.016482920015926706,0.43660508946828386,-0.17407815106514765,6.27514024563351,5.392890707125926,2.239861493657701,0.5209356133130514,0.03201262478135286,0.011007225128205901,0.007125325574494254,0.0009555802518513845,0,1,156.3878063212686,0.419047619047619
6.12,2.2429500974126793,0.531897434411199,0.013007677699856439,0.43586182743804913,-0.1729332409415289,6.26385181533277,5.395464772721463,2.248857390060729,0.521207212353945,0.02852575311609419,0.010854360055275108,0.007540373275896815,0.001655346294951121,0,1,156.41642695670484,0.6527472527472528
6.140000000000001,2.2516645157170063,0.5319965405661481,0.009573533203506311,0.4356915406456779,-0.17024964469873566,6.256641644993331,5.403822385323764,2.2578541791649083,0.5214474285364703,0.02503602889929514,0.010700754500946038,0.011388497608711655,0.0019425707463641695,0,1,156.45591429569157,0.7575091575091575
6.16,2.260378315611275,0.5320659415250709,0.0061930977028972125,0.43563117387536837,-0.16844860271340692,6.255359693296898,5.3983145971890565,2.2668517520474394,0.5216562349197276,0.0215438011004696,0.01054674258131339,0.01050817884398977,0.0015155686063516027,0,1,156.49545382560507,0.6205128205128204
6.18,2.2690892484009964,0.5321059412865151,0.0028227812802838013,0.4356306809055422,-0.16799400124279915,6.255510403706513,5.410820266298976,2.2758499994625208,0.5218336080806625,0.01804941893948712,0.010392680985733616,0.011211269018110107,0.0020996993030128475,0,1,156.54043172966146,0.8139194139194137
6.2,2.2778068253865844,0.5321166843668785,-0.0005194278221911206,0.43614222737062275,-0.16668372086992134,6.263788297211614,5.41632224854251,2.2848488118863446,0.5219795281187268,0.01455323185165167,0.010238562804352485,0.011009549616397364,0.0019719879549632835,0,1,156.59471749118038,0.7816849816849816
6.22,2.286535189770932,0.532098321414989,-0.0038528597532540704,0.43682559162012435,-0.16610255857298153,6.270689411462748,5.435778830100333,2.2938480795622276,0.5220939786598425,0.011055589452758863,0.010084578025978437,0.011126512896313938,0.0024173067662671133,0,1,156.65587259444592,0.9267399267399268
6.24,2.295281461636761,0.5320508681904933,-0.007155869504670869,0.4378993350278908,-0.16442035871624835,6.285183579521512,5.453256455051782,2.302847692545835,0.5221769468596639,0.0075568415041335855,0.009930815666395192,0.010158820133201497,0.0023347672570800393,0,1,156.7266896755359,0.8945054945054943
6.26,2.3040506705783868,0.5319744304765136,-0.010436338146171344,0.43910111687774656,-0.16344325868800544,6.296928323653887,5.472266775715159,2.311847540750491,0.5222284234061397,0.0040573378776553965,0.009777561301027207,0.010852350470207805,0.0023731104516114265,0,1,156.80013510329672,0.9267399267399268
6.28,2.3128443382182318,0.5318690237038339,-0.013692699676191928,0.4405583515119243,-0.1621942662689621,6.319890479464933,5.500382627014247,2.320847513992558,0.5222484025213691,0.0005574285207703898,0.009625080885975981,0.010694210652709564,0.0027872561052469935,0,1,156.8860762155395,1.0798534798534798
6.3,2.321672861996144,0.5317345379603002,-0.016928877496072907,0.44241722579677917,-0.16184707990821487,6.345549971714139,5.520090907587318,2.3298475020368556,0.5222368819627546,-0.002942536578502016,0.009473560737122234,0.012262211513883667,0.002748076899220353,0,1,156.98011211965792,1.0798534798534798
6.32,2.3305355715207003,0.531570823702217,-0.020174607727879625,0.44403681129465516,-0.16266158332954006,6.366991928644645,5.539134310351086,2.338847394642099,0.5221938630234505,-0.0064422074265688325,0.009323219979696755,0.01128107934330324,0.002581882521080603,0,1,157.06707858682228,1.015384615384615
6.34,2.3394288904194194,0.5313776108509471,-0.023431631335555092,0.4456334683527158,-0.16285389782869797,6.389188366821321,5.563704356650401,2.347847081606347,0.5221193505321039,-0.009941234059261325,0.009174117003802513,0.00953395091215575,0.002613418571430659,0,1,157.15548119719986,1.0315018315018314
6.36,2.3483559312979194,0.5311545777388059,-0.026685015941704388,0.4474862003436887,-0.162418376204075,6.4143788919581795,5.591834032357064,2.356846452812428,0.5220133528518918,-0.013439266576832382,0.009026296436089029,0.009054428320065434,0.002760843561865345,0,1,157.2524750666384,1.0798534798534798
6.38,2.357320610782682,0.5309014593768103,-0.02992873951752567,0.4492888971305335,-0.16207140687514818,6.433983553248963,5.610868277010043,2.3658453982733327,0.5218758818788519,-0.01693595517894495,0.00887991462397741,0.00997559828953236,0.0024663020568605476,0,1,157.34379707937066,0.9750915750915748
6.4,2.3663159467910075,0.5306182879039137,-0.03317014901320041,0.45086168808821936,-0.16198218452910917,6.457571426163821,5.636349856557732,2.3748438081775407,0.5217069530395128,-0.02043095019965303,0.008735254837695003,0.009330137350178075,0.0026795538135364616,0,1,157.43308045835067,1.0556776556776555
6.42,2.37534536987542,0.530304759042676,-0.03640626675282115,0.4526746502980862,-0.1615490900637527,6.478996122151857,5.660995125722922,2.3838415729342737,0.5215065852878162,-0.02392390214236672,0.008592413102485097,0.010378501841608274,0.002594311243245939,0,1,157.52727438473755,1.015384615384615
6.44,2.3844087512574785,0.5299607247259706,-0.03963344379610398,0.45441484942953303,-0.16151223742813683,6.5057780391272395,5.681865420418136,2.3928385832186536,0.5212748011013449,-0.02741446171480285,0.008451589504884989,0.013187949124037045,0.0028311783936639245,0,1,157.62071387555847,1.112087912087912
6.46,2.3935064566896846,0.5295859457583647,-0.042871479653891945,0.4562240624152059,-0.1619372509070624,6.528265283465939,5.70856290849328,2.401834730016731,0.5210116264768462,-0.030902279863912658,0.008312903906702033,0.011752191076817731,0.0026862333941319316,0,1,157.71661750637728,1.0476190476190477
6.48,2.402639090515174,0.529180107599713,-0.046104149833267105,0.4579367965770539,-0.16136824650591958,6.547204717994295,5.729239830996929,2.4108299046703867,0.5207170909250636,-0.03438700781078804,0.008176411466468735,0.012229070902155763,0.002443590436393528,0,1,157.8069872956455,0.9750915750915748
6.5,2.4118004732897025,0.5287433570140904,-0.049329363567566786,0.45913425638402,-0.1614493299615563,6.560007357492473,5.736557006261626,2.4198239989220633,0.5203912274648719,-0.037868297085537926,0.008042377114814975,0.010161434301124072,0.0021909227352197025,0,1,157.8800136210429,0.8783882783882783
6.5200000000000005,2.4209789568583218,0.528276078340636,-0.0525660959222916,0.460131160722026,-0.161949179466873,6.578501915465363,5.757578885731411,2.4288169049593247,0.520034072616725,-0.04134579956213623,0.007910988066946258,0.009389385843785686,0.002486138839170371,0,1,157.9546432989619,0.9912087912087911
6.54,2.430181798341335,0.5277776781608847,-0.05580179574247827,0.4614049929641024,-0.16166815714150448,6.58967837836034,5.769046020722876,2.4378085154592144,0.5196456663954158,-0.044819167493232885,0.007782136828228125,0.01070430733925561,0.0021039355560372175,0,1,158.03011824859982,0.8461538461538461
6.5600000000000005,2.4394027922940977,0.5272483849868785,-0.05903453622522395,0.4623373809462383,-0.1616167998108695,6.60488634039174,5.784336465010243,2.4467987236323934,0.519226052302155,-0.04828805354492954,0.007655985166702584,0.009628687508449755,0.002321902619077054,0,1,158.10037393823387,0.9267399267399268
6.58,2.4486427655689478,0.5266880286942136,-0.06226868824253159,0.46323344148493156,-0.1621846700043061,6.615376863011198,5.785594321709003,2.455787423267046,0.5187752773159716,-0.051752110831511475,0.007532571367694084,0.007858418867369555,0.0021047359400900856,0,1,158.16532665903665,0.8461538461538461
6.6000000000000005,2.4578927735320395,0.5260969441416266,-0.06552589671244034,0.46377562668490696,-0.16318085347346514,6.624975627520334,5.7970962732824125,2.464774508772518,0.5182933918844409,-0.055210992950137025,0.0074119072385197635,0.00957513111693909,0.002093183219159689,0,1,158.22545166279218,0.8461538461538461
6.62,2.4671549366983214,0.5254747403708524,-0.06878925471217744,0.46451810559534246,-0.16346905814072996,6.636490001166644,5.801956305896993,2.473759875222687,0.5177804499137436,-0.05866435401547641,0.007293802037964432,0.01126040248714631,0.002159523445417144,0,1,158.28814449760358,0.8703296703296701
6.640000000000001,2.476427965221966,0.5248213439797341,-0.07206784430774454,0.46510741464444166,-0.1639896469196342,6.641734103454587,5.811938151670549,2.4827434183990316,0.5172365087580653,-0.0621118486943012,0.007178196923514826,0.016263957861280896,0.001945979645579965,0,1,158.34742033900577,0.7736263736263734
6.66,2.4857108792012537,0.5241366589179045,-0.07534308220541164,0.46585106063941606,-0.16404915775942489,6.660165615128421,5.82112626255427,2.491725034833387,0.5166616292083365,-0.0655531322400161,0.0070650101224517155,0.016456160600711485,0.002492020520924787,0,1,158.41367249144562,0.9912087912087911
6.68,2.4950095221172885,0.5234201204696057,-0.07863734935146456,0.46663763376799816,-0.1650740355964172,6.664014987413283,5.825853085648228,2.5007046218503635,0.5160558754803265,-0.06898786052713445,0.006954146351746457,0.01479933021407916,0.001799423524678767,0,1,158.47586076576246,0.7413919413919413
6.7,2.5043145353034886,0.522672202127037,-0.08193825455138067,0.4668125107143822,-0.16494265269873565,6.663137486420987,5.826827279256123,2.5096820776094173,0.5154193152020903,-0.0724156900856899,0.006845523399546236,0.012781657360830298,0.0015836967544320402,0,1,158.52337677560487,0.6608058608058607
6.72,2.513617939655606,0.5218935174980744,-0.0852341143503784,0.4667363543558772,-0.16464544806580675,6.659962729313573,5.824867239752238,2.5186573011465474,0.51475201940078,-0.07583627813558286,0.006739171846449706,0.01073236278073017,0.0014782152101375234,0,1,158.56518816970842,0.6205128205128204
6.74,2.5229151765097946,0.5210845099769288,-0.0885241432131957,0.46643817784376757,-0.16428551294573154,6.652679766406285,5.820417286883338,2.5276301924156,0.51405406248883,-0.07924928262085909,0.006635111233735726,0.010738409205770284,0.0013073661321718055,0,1,158.60185692246594,0.556043956043956
6.76,2.532202062526909,0.5202456460301096,-0.09180700883856494,0.4660633383733757,-0.16442882619258398,6.6533618610324705,5.812999499020289,2.5366006523291764,0.513325522249517,-0.08265436224391394,0.0065333501642600225,0.010337249347968697,0.0016973242274685996,0,1,158.63875627065372,0.701098901098901
6.78,2.5414802942380073,0.5193767864644118,-0.09510592990084814,0.46578331735514805,-0.16489930341057688,6.644795356034074,5.812298256061583,2.5455685827990995,0.5125664798219086,-0.08605117649962295,0.00643373967108399,0.011444195610306278,0.0014699194974802654,0,1,158.67653394417854,0.6043956043956044
6.8,2.550748774209582,0.5184780133452122,-0.09839303645309745,0.46534103527355675,-0.1640392611019091,6.637077082773166,5.804331910333284,2.5545338867764498,0.5117770196852057,-0.08943938570939092,0.006336122572335469,0.011952932888333864,0.0012722863250679284,0,1,158.71005341874746,0.5399267399267399
6.82,2.5600036599853766,0.5175498844620344,-0.10167504375052142,0.4648059212780067,-0.16449740472386482,6.635282360336565,5.79469797757657,2.563496468291142,0.5109572296424885,-0.09281865105512067,0.006240543900787189,0.01161217790235179,0.0015857488497014183,0,1,158.74340639351428,0.6527472527472528
6.84,2.569245696180579,0.5165923213951432,-0.1049759724616916,0.46420051597252526,-0.1652313312882476,6.621287501759423,5.783932991321476,2.572456232491016,0.510107200803876,-0.0961886346130934,0.006146801610607804,0.010307818375942324,0.0010020937146644204,0,1,158.77309786045737,0.4432234432234432
6.86,2.5784684284112265,0.5156059603571742,-0.10827679491035462,0.46338973964730423,-0.1649491781329822,6.614012353806074,5.776224323293889,2.5814130856804365,0.5092270275691043,-0.09954899938776188,0.006054697501027494,0.011220259845496546,0.0013208430428846563,0,1,158.8013069431285,0.5641025641025641
6.88,2.5876744414003343,0.5145906547294221,-0.11157375498431629,0.4625934108170565,-0.16420605696257348,6.59119308880427,5.765979378474508,2.5903669353583907,0.5083168076095381,-0.10289940934544867,0.005964094393401711,0.010869547695946396,0.0010541933914205992,0,1,158.82662588325852,0.4432234432234432
6.9,2.5968549647976156,0.5135476378416426,-0.11483993815432694,0.4613038391260228,-0.16303812488589578,6.576860817362263,5.745713611838744,2.599317690256049,0.5073766418496213,-0.10623952944795026,0.0058750563282288825,0.010402171305222833,0.0009834784478267022,0,1,158.8451963939521,0.43516483516483506
6.92,2.606006823751594,0.5124776124106768,-0.11810778621223535,0.46015535538793334,-0.16351706744125313,6.563897131747457,5.734623501616116,2.608265260373788,0.5064066344477787,-0.10956902568603956,0.005787612367759812,0.010967891750336885,0.0010686866792878336,0,1,158.86720902145098,0.4673992673992673
6.94,2.61513580842261,0.5113799939245766,-0.12137703850542284,0.459280545934767,-0.16370464770403376,6.555351852176929,5.720081186227493,2.617209557017659,0.5054068927767786,-0.11288756511286763,0.005701478603062768,0.01262114653148677,0.0012669599147361876,0,1,158.8928476965399,0.5399267399267399
6.96,2.6242443154104937,0.510254569135422,-0.12465791135721938,0.45854534481464776,-0.16374286169410573,6.542999863119518,5.718669469391019,2.626150492835271,0.5043775274035665,-0.11619481587725693,0.005616422809478226,0.011441568907440742,0.0014660091115587526,0,1,158.92226267288703,0.5963369963369963
6.98,2.633337151105799,0.509100848940773,-0.12791725617278632,0.45789920674758616,-0.16263677871467883,6.532307475862081,5.705055311032088,2.6350879818511,0.5033186520685794,-0.11949044725688733,0.005532256894790983,0.010160840260093385,0.0011228659862808632,0,1,158.95072898340362,0.4835164835164835
7.0,2.642410169438529,0.5079196237338983,-0.13117274658075345,0.45713093659526155,-0.16275726402683982,6.524758649225045,5.699751330853075,2.644021939501188,0.5022303836645573,-0.12277412969136693,0.005449028651471654,0.01113105071873038,0.0013020819315172072,0,1,158.97959908651694,0.556043956043956
7.0200000000000005,2.6514670914067033,0.5067105041864255,-0.13442439303997183,0.45637314703048104,-0.16236699564928053,6.506688583806613,5.683967113076085,2.6529522826672225,0.5011128422148535,-0.126045534815189,0.005366548022941507,0.009877996951100653,0.0007787675816516293,0,1,159.00486309644174,0.3626373626373626
7.04,2.6604985967216126,0.5054749136979605,-0.13766686839830353,0.4552755543472822,-0.16175019389848033,6.494554184331037,5.676690762368432,2.6618789297099883,0.49996615085126417,-0.129304335490567,0.0052847886948052545,0.00997010084658027,0.001208789671061472,0,1,159.0278877511762,0.4996336996336996
7.0600000000000005,2.6695097163783155,0.5042123950380683,-0.14089468569538788,0.4546438031027317,-0.16131500068579338,6.488958455266576,5.668072027246921,2.670801800502174,0.49879043579138427,-0.13255020584014932,0.005203633286572668,0.008885869616316804,0.0013782309119607095,0,1,159.05812762754684,0.5802197802197802
7.08,2.6785049964123386,0.5029224812033675,-0.14412396463049845,0.4539483478112204,-0.16131310244492067,6.473331823341813,5.65764685084742,2.6797208164605157,0.49758582631550147,-0.1357828212796056,0.005122953883370369,0.0105856940716296,0.0010246554668710273,0,1,159.08527924570788,0.43516483516483506
7.1000000000000005,2.68747845625523,0.5016061439875846,-0.1473433131880378,0.45297014690315346,-0.16092281237050193,6.462638165840109,5.6433092221359455,2.688635900577277,0.49635245474304185,-0.13900185855008607,0.005042646975401213,0.012300817712045381,0.0011523811844593168,0,1,159.1086321365964,0.4915750915750915
7.12,2.6964295658710586,0.5002636334364797,-0.15056344856907966,0.4522477663676512,-0.16031559570266293,6.44964536412009,5.646387811871863,2.6975469774510334,0.49509045640857896,-0.14220699575054588,0.004962588276645338,0.01330472305657453,0.001691282706244468,0,1,159.13873253570083,0.6769230769230768
7.140000000000001,2.7053669270699254,0.4988938770602339,-0.15374607234828425,0.4518945642107073,-0.1584945858576258,6.4454298808810755,5.640410471836678,2.7064539733167754,0.4937999696374173,-0.14539791236993618,0.004882660253044597,0.012378979703223164,0.0013987055424244388,0,1,159.17395710154764,0.5882783882783882
7.16,2.7142922704475194,0.4974969613206382,-0.15691609376394525,0.45144354879208454,-0.1584003780445092,6.436814718801693,5.634097862977501,2.7153568160752877,0.49248113572076463,-0.1485742893192539,0.0048029840359149565,0.010206989832510394,0.0012214832895856564,0,1,159.20646184045123,0.5238095238095238
7.18,2.7232030419285853,0.4960733946136463,-0.16007862120772262,0.45097199860006754,-0.15753077127715814,6.4281167317055585,5.634735367585705,2.7242554353218176,0.4911340988905036,-0.1517358089634512,0.004723470458801528,0.0103539739415336,0.0015640005115203914,0,1,159.24001791754665,0.6285714285714284
7.2,2.7321020728780834,0.4946229341763495,-0.16321265663040985,0.4506068313128777,-0.15571252948803338,6.416262568372494,5.63338814000741,2.7331497623740098,0.4897590062935779,-0.15488215515319836,0.004644084865982657,0.013023757246426746,0.0014826597904044059,0,1,159.2741887291154,0.5963369963369963
7.22,2.7409877515441523,0.4931462132102892,-0.16630880382541557,0.4501797476250447,-0.15409401405854856,6.410645719583742,5.63131395446492,2.742039730299102,0.48835600796600326,-0.15801301325649808,0.004564992906600901,0.012899363623416463,0.0014466616309485314,0,1,159.30846905675423,0.5882783882783882
7.24,2.749862642894672,0.49164314130374215,-0.16938332716756743,0.4499854644752332,-0.15339983243081295,6.4087304484748975,5.631576223135123,2.750925273940362,0.48692525680651716,-0.1611280701901494,0.004486293647954774,0.011729000082046711,0.0015287204217554473,0,1,159.34764893381933,0.6285714285714284
7.26,2.7587299459097396,0.4901133470034796,-0.1724464221757022,0.44964116974248064,-0.1527508398038888,6.394771921488861,5.623062553954043,2.759806329942767,0.48546690854988184,-0.16422701445105448,0.004407942937082746,0.009610049595341801,0.0011111813668114312,0,1,159.38046227823355,0.4673992673992673
7.28,2.767579972932468,0.4885586760502655,-0.17549114467652918,0.44912211759762144,-0.15156630200529128,6.392412198141863,5.6284322210232824,2.7686828367779124,0.48398112173985114,-0.16730953614736999,0.004329975091318371,0.0135913744791382,0.001807896360130068,0,1,159.41612799886533,0.7172161172161171
7.3,2.776424130953603,0.4869773727514351,-0.1785074812339579,0.44937338226085743,-0.14982376207054968,6.391487146785684,5.639210250566633,2.7775547347681333,0.48246805770181544,-0.17037532702949476,0.004252329148543894,0.012783183131160059,0.0020339013250444404,0,1,159.4658534816978,0.8058608058608059
7.32,2.7852694297340967,0.48536848456199927,-0.18148565751154228,0.44954619996049494,-0.14848311451556842,6.390547389203696,5.635477688663163,2.7864219661098413,0.48092788051513885,-0.17342408052089572,0.004175116487816508,0.012366312053218802,0.0015330624718242203,0,1,159.51093883962812,0.6366300366300366
7.34,2.794108827443237,0.4837335147461343,-0.18445645365917035,0.44946009166926476,-0.14822170172707513,6.388497087306246,5.640950222132003,2.7952844748960604,0.47936075698520086,-0.17645549174876402,0.004098483360175707,0.010552313655782224,0.0017732983187797036,0,1,159.55318331721486,0.709157509157509
7.36,2.802943939511923,0.4820722411189862,-0.1874082585204667,0.4493971946394302,-0.14695008990925681,6.380112713764605,5.638141469302325,2.804142207138157,0.4777668566151555,-0.17946925757450333,0.004022334268804385,0.012245692285424848,0.0013839326410029495,0,1,159.59257613724705,0.5641025641025641
7.38,2.811768706834152,0.4803860322132901,-0.19033797583200623,0.4491876719950807,-0.14623707507187653,6.383167222297732,5.6404473325650715,2.8129951107867552,0.47614635157742274,-0.18246507662404227,0.003946763076244654,0.012513297424330239,0.00176482541359263,0,1,159.6333539056021,0.7172161172161171
7.4,2.820590095242213,0.47867369774808,-0.1932617360127802,0.44941361545412356,-0.14584129426280878,6.382321628984616,5.646492832184301,2.821843135751832,0.4744994166849239,-0.1854426493179727,0.0038716742609699647,0.010984338950179586,0.0017831928696327437,0,1,159.68134360688768,0.709157509157509
7.42,2.829410176007994,0.47693490826092666,-0.1961681596808831,0.44952515483714406,-0.1450016592967542,6.382018217026274,5.646250028609758,2.830686233921977,0.47282622936207586,-0.18840167790150614,0.003796983427831266,0.011311084712972345,0.0015758961734431698,0,1,159.72594452627766,0.6527472527472528
7.44,2.8382259023556617,0.4751703907271814,-0.19906556748011375,0.4496107686680305,-0.14441444133390272,6.381865994328518,5.654127787555552,2.8395243591828296,0.47112696961555633,-0.1913418664742505,0.0037226924829636644,0.011173457877404853,0.0018875592520773976,0,1,159.7721266476697,0.7494505494505493
7.46,2.8470403994992335,0.47337962679142714,-0.2019391236386927,0.44973485986591427,-0.14271626092693954,6.373723618581301,5.657180853598886,2.8483574674346652,0.46940182000485403,-0.19426292101979833,0.0036487338966369495,0.012766982203587239,0.0016697937301206611,0,1,159.81618048356,0.6688644688644687
7.48,2.855848533325836,0.4715639488355925,-0.2047750869715004,0.4497395570953285,-0.14115510197354705,6.378029779391015,5.663188789819239,2.857185516609137,0.46765096561261776,-0.1971645494351295,0.0035752717795587453,0.011230158750457582,0.0018190715160883997,0,1,159.86183121341935,0.7333333333333333
7.5,2.8646570692496227,0.46972222541465386,-0.20759148181487422,0.45021916631208375,-0.14008325338443625,6.3799701180232775,5.676705797257579,2.86600846668517,0.46587459401481573,-0.20004646155982028,0.003502356658931193,0.010701425474089367,0.002149586625277533,0,1,159.9172976545827,0.8461538461538461
7.5200000000000005,2.873470412627663,0.4678537076989083,-0.21037446825939446,0.4505811713495746,-0.1384026177853121,6.3777981617912225,5.678409587175425,2.8748262797039916,0.46407289525072076,-0.20290836920506009,0.003430014864151742,0.011915977778621604,0.001596045067791596,0,1,159.9668009961048,0.6446886446886447
7.54,2.88228102736702,0.46596024910535805,-0.21313388917768564,0.450729125840001,-0.1374343064486718,6.381363265041123,5.68785865264165,2.8836389197833068,0.4622460617927322,-0.20574998618246895,0.0033584285088135864,0.010772990845634923,0.0019727913333703606,0,1,160.0155777516461,0.7816849816849816
7.5600000000000005,2.8910937561518675,0.4640409690622821,-0.21587196681901843,0.45117744436148255,-0.13631441672868283,6.382958807053893,5.695111602434953,2.892446353130607,0.4603942885160505,-0.20857102833271748,0.0032875773707027344,0.013363295189294295,0.0018556649995886687,0,1,160.0687237009638,0.7413919413919413
7.58,2.899907727963218,0.4620962258088118,-0.21858687635777754,0.45130770842348905,-0.13499105580858967,6.3759864817934195,5.696985422157307,2.9012485480556074,0.45851777266821375,-0.2113712135539412,0.0032175065143024103,0.011498668910979734,0.0016144988419410367,0,1,160.11293551204326,0.6527472527472528
7.6000000000000005,2.9087148754005194,0.4601280300974964,-0.22127116494883647,0.45119117902119066,-0.13347485895213126,6.373844079740443,5.700631337296474,2.910045474981816,0.4566167138385127,-0.21415026182995173,0.003148333156597378,0.009695684990838824,0.0017163944769497674,0,1,160.15431423643588,0.684981684981685
7.62,2.9175169900674436,0.45813625644070977,-0.22392872753614299,0.45130570112700585,-0.13207118072323673,6.371515189083406,5.707849326924711,2.918837106457222,0.454691313927295,-0.21690789525823714,0.003080115566981416,0.01241333650627283,0.0018765227297624087,0,1,160.20046338060627,0.7494505494505493
7.640000000000001,2.9263169499388124,0.45612050906332186,-0.226555200991926,0.45147685371204455,-0.13098177650276013,6.374538049092251,5.708407106445819,2.927623417164114,0.4527417771151719,-0.21964383807775278,0.0030129025598061533,0.012367403993181694,0.0017269624343498324,0,1,160.2473565823049,0.701098901098901
7.66,2.9351147654294216,0.4540809624923787,-0.22917540841245784,0.45171451705824717,-0.13059572860151264,6.375495883166755,5.718661335014689,2.936404383928016,0.4507683098321397,-0.22235781669649646,0.0029466962171815075,0.010205339230945137,0.001998271502141935,0,1,160.29738761403095,0.7897435897435896
7.68,2.9439141442730214,0.45201682657517867,-0.2317713317868072,0.45208361519326806,-0.12888278458696212,6.3742297756368425,5.726667990342378,2.945179985725737,0.4487711207266295,-0.2250495597188681,0.0028813806078370266,0.010673432050222625,0.0019042131539330764,0,1,160.34875066798267,0.7575091575091575
7.7,2.952713462969782,0.44992874543590006,-0.23433300953308953,0.4522399240945149,-0.12743572349234106,6.372705271130448,5.728674365776133,2.9539502036925502,0.44675042063449566,-0.22771879797280856,0.0028170715321467294,0.014830273383920994,0.0016234408022398616,0,1,160.39466705939302,0.6527472527472528
7.72,2.9615091282374433,0.44781781885223687,-0.23687389523081642,0.4524213945336413,-0.12655166519367886,6.376375689797452,5.737808522454239,2.962715021128474,0.4447064225479574,-0.2303652645367167,0.00275385740107124,0.017862036967354326,0.001959061037225651,0,1,160.4441187967239,0.7816849816849816
7.74,2.9703067035165236,0.4456828623117558,-0.23939435515868368,0.45281388478214635,-0.1253171217440168,6.37480769604965,5.744510065685246,2.9714744235036834,0.4426393415845042,-0.2329886947661417,0.0026916761318191203,0.015595431810048833,0.001834623275610292,0,1,160.49552870356436,0.7333333333333333
7.76,2.979104052071375,0.44352459084448304,-0.2418855019714723,0.4530885046095231,-0.12365176437377313,6.376048947869304,5.7553257705161265,2.9802283984630282,0.44054939495577583,-0.23558882632024658,0.0026305722838033795,0.014552415650155297,0.0020547634102032752,0,1,160.5466169217495,0.8139194139194137
7.78,2.987903480195477,0.4413427089331295,-0.24434205211535984,0.45345200368998656,-0.12220358452019507,6.377159882979446,5.759108462946244,2.988976935829674,0.43843680193643125,-0.2381653991880429,0.0025706304231670938,0.011678156143916683,0.0016998120898188418,0,1,160.59751662453024,0.684981684981685
7.8,2.9967018726424595,0.43913822621359017,-0.2467789839863221,0.4535447465621871,-0.12123883325383615,6.372536758707235,5.7629529933008055,2.9977200276078504,0.4363017838330164,-0.2407181557143908,0.0025119310020835423,0.013925639708261502,0.0017121062536021858,0,1,160.64211107404884,0.684981684981685
7.82,3.0054949951819387,0.4369123852282142,-0.24919050121132116,0.45348861255932377,-0.1201731572891254,6.371412190434612,5.761730232115633,3.0064576679847317,0.43414456395284134,-0.24324684062576518,0.002454474889030587,0.013558028536905352,0.0015344018383383062,0,1,160.683767657023,0.6366300366300366
7.84,3.014281548755527,0.43466570607899435,-0.2515908159942987,0.45350270716781965,-0.1194569815637456,6.368999032135823,5.769286786395044,3.015189853331426,0.4319653675728796,-0.24575120105578188,0.0023982295099571975,0.0113755218086041,0.001890628308920339,0,1,160.72847975612697,0.7494505494505493
7.86,3.0230650317198795,0.43239744236649674,-0.2539633755698737,0.45358291966355535,-0.11782794428958526,6.363877210558039,5.77065987459658,3.0239165822030873,0.4297644219086988,-0.24823098657048515,0.0023430975475469133,0.010063684858815548,0.001603880346209341,0,1,160.77229127946467,0.6446886446886447
7.88,3.031841593947056,0.43010887481435456,-0.25630699993823663,0.45340438458947935,-0.1163890695668646,6.3568605161415555,5.7722190833572276,3.032637855338157,0.42754195608343537,-0.25068594919338966,0.002289155846548028,0.008814229249817222,0.0016259698800170086,0,1,160.81124566426143,0.6527472527472528
7.9,3.040608915660447,0.4278008962233329,-0.25861864344313806,0.45316817295600353,-0.1146126199739007,6.347860158994421,5.773576254539243,3.0413536756567208,0.4252982010968211,-0.2531158434302792,0.0022364472815540742,0.011042128146978544,0.0016264439294808586,0,1,160.8488782026427,0.6527472527472528
7.92,3.0493656273508263,0.42547421800161345,-0.2608937603954778,0.45286823695096173,-0.11319091801169331,6.343268969634433,5.769858998194722,3.0500640482580046,0.4230333897942745,-0.2555204262937548,0.0021850539611876552,0.01081353605325468,0.0013774623358641103,0,1,160.88522793621078,0.5721611721611721
7.94,3.058111327932133,0.42312923641542366,-0.26315220791317834,0.45263160340031444,-0.11224155343975847,6.3362344172425304,5.774100112925346,3.0587689804169957,0.4207477568360645,-0.2578994573275341,0.002134984645566491,0.00999136166932558,0.0017518002226405982,0,1,160.92383285397756,0.701098901098901
7.96,3.066849169871043,0.4207653222223026,-0.2653789375026275,0.45260144879696107,-0.11061425883914162,6.335306150112856,5.776925179406507,3.0674684815802022,0.4184415386665575,-0.2602526986304961,0.0020861658756988403,0.010611584241400154,0.0016846488379638758,0,1,160.9669300928187,0.6769230769230768
7.98,3.0755824326149357,0.41838187918801595,-0.2675820220248668,0.4526373244460649,-0.10941074057303574,6.329744347534477,5.781340425726328,3.0761625633605503,0.4161149734835573,-0.2625799148804716,0.0020386179306319026,0.01115979819670739,0.001751248192286503,0,1,161.01041915135693,0.701098901098901
8.0,3.08430952006885,0.4159795837766261,-0.2697539367440839,0.4524241387213742,-0.10800725857726413,6.32231677714019,5.775938055114761,3.084851239531422,0.4137683012077466,-0.2648808733577748,0.0019923421357997467,0.011802640309862835,0.0012925945419129947,0,1,161.04725781012075,0.5318681318681318
8.02,3.093023909089943,0.4135605014441595,-0.2719093207193485,0.4519961433471115,-0.107515842642943,6.317215786946215,5.773012111001942,3.0935345260198446,0.41140176345223844,-0.2671553439684757,0.0019473612592375749,0.0136241051239334,0.0014077750801932964,0,1,161.0814993673908,0.5802197802197802
8.040000000000001,3.101727451183721,0.4111242550887882,-0.2740544282713151,0.45198716339483924,-0.10681510450446316,6.320347702782058,5.782282672506778,3.1022124408988336,0.4090156034922482,-0.2694030992674085,0.0019035094225668672,0.014873548448097887,0.0019789068990170855,0,1,161.12767037261932,0.7897435897435896
8.06,3.110431020604438,0.4086679346986296,-0.2761794521211516,0.4521645127654463,-0.10550629811903636,6.310827794933885,5.781412884465806,3.1108850043788903,0.4066100662348921,-0.2716239144809163,0.001860617649411496,0.012555594153750335,0.001487650212106062,0,1,161.1719720450851,0.6043956043956044
8.08,3.119125586374325,0.40619432816721845,-0.2782741017874168,0.45188560744552697,-0.1039449632467421,6.307374090030129,5.784834008707092,3.1195522387986583,0.4041853981891216,-0.27381756752932845,0.0018187179721042813,0.011279841410505349,0.0017264862243858703,0,1,161.21053652525734,0.693040293040293
8.1,3.12781356449489,0.4037030436434327,-0.28033968550740584,0.4519577997748841,-0.10248838933718332,6.305220076415672,5.791032682088458,3.128214168614759,0.4017418474358024,-0.27598383904916823,0.0017778176945136798,0.012771987500937889,0.00184244535581507,0,1,161.2558237831998,0.7333333333333333
8.120000000000001,3.136498178937674,0.4011934351643828,-0.28237406627505024,0.45190325837362594,-0.10087891308423849,6.295793832911479,5.789602536559968,3.136870820390795,0.39927966359794326,-0.27812251241508906,0.001737921291587902,0.010702015949824317,0.0014839253543769693,0,1,161.29577433845384,0.6043956043956044
8.14,3.1451724130548935,0.3986678380629481,-0.28437708669313677,0.45164179413995575,-0.09943122369220958,6.293442561785174,5.7931201149863565,3.145522222785534,0.3967990978110833,-0.2802333737615362,0.0016990920606409687,0.01098877581649276,0.0017341469855408076,0,1,161.33488001826422,0.693040293040293
8.16,3.1538399310874565,0.3961254699553702,-0.28635576831542325,0.4514487341103827,-0.09865354287712529,6.28507655853395,5.784132684383505,3.1541684065402835,0.3943004026938449,-0.28231621200413415,0.0016613108989992167,0.013512203459323446,0.0011878346330096434,0,1,161.371178426064,0.5076923076923076
8.18,3.162492543594728,0.3935689114763264,-0.28832693266204157,0.4507814668507622,-0.09801810910945437,6.271683789885537,5.781068918221252,3.162809404465459,0.3917838323186584,-0.28437081886079446,0.0016244909978368825,0.012645159471122545,0.0014221427466279968,0,1,161.4002183721532,0.5802197802197802
8.2,3.1711281904717064,0.39099895034648746,-0.2902710666939464,0.4502073981488805,-0.09661350217524088,6.263670756618693,5.775241500236577,3.1714452514263525,0.389249642182664,-0.28639698887254356,0.0015884862168312505,0.010915528025076926,0.001292279782158512,0,1,161.43104006243965,0.5318681318681318
8.22,3.179749517844882,0.3884150851564143,-0.2921981715868425,0.4499725621981204,-0.09607478425269171,6.265384289423492,5.779640774753754,3.1800759843281146,0.3866980891787992,-0.288394519424069,0.0015532355685340742,0.010383348752468638,0.0017547049164226003,0,1,161.4716408482711,0.709157509157509
8.24,3.188367264066272,0.3858142310494686,-0.29411315297298435,0.45012664435796884,-0.09508682009800835,6.259819250374217,5.784012421600815,3.1887016420999514,0.384129431567075,-0.2903632107639798,0.0015185411792695773,0.012235197271841134,0.001740783080713848,0,1,161.51702213145606,0.701098901098901
8.26,3.196980158052749,0.3831969567172966,-0.2959987053181246,0.45002410578845653,-0.09362572711657369,6.2559367191123965,5.78347371315576,3.1973222656785403,0.3815439289460474,-0.29230286602478267,0.0014843298957759004,0.011120635106346203,0.001525310850374495,0,1,161.55720184362553,0.6205128205128204
8.28,3.2055857563316974,0.38056426750689426,-0.2978640157701037,0.4499922912693627,-0.09286916049136604,6.256834802202901,5.7881609160358485,3.2059378979906876,0.37894184222448896,-0.29421329124256806,0.001450594083157821,0.011783030975320456,0.001764917926685483,0,1,161.60083845825739,0.709157509157509
8.3,3.2141884465124857,0.3779149768371307,-0.29971368060800924,0.4500251811853349,-0.09192638860832095,6.249394939655658,5.787657832039018,3.2145485839352266,0.37632343359326575,-0.29609429537640625,0.0014172014056659215,0.011289849307356072,0.0015151700531724765,0,1,161.64260821942568,0.6124542124542124
8.32,3.222783413510101,0.37525074840169925,-0.3015396429575287,0.45001514275416843,-0.09054797808853551,6.252488963531891,5.798592499494211,3.223154370364158,0.37368896649742367,-0.29794569032745105,0.0013840752430337852,0.010409217162313987,0.002083410544719111,0,1,161.68919393582257,0.8219780219780218
8.34,3.231379157009493,0.37256919500255614,-0.30333577102137044,0.45013250958657264,-0.08895665727134791,6.23937844600344,5.794098581344111,3.2317553060630626,0.3710387056084878,-0.2997672909577504,0.001351161557586201,0.011283297045300745,0.00132664889579176,0,1,161.73127233708024,0.5479853479853478
8.36,3.239962733559821,0.3698746578240465,-0.30509941966310994,0.44968676940555424,-0.08739034797086394,6.236502031573259,5.798115382151813,3.2403514417307697,0.3683729167969786,-0.30155891510875915,0.00131852454113256,0.012575840423050709,0.0017760503702958785,0,1,161.76760512419347,0.709157509157509
8.38,3.2485395034321574,0.3671657631985906,-0.3068337743305746,0.44969865744222387,-0.08595066688440416,6.2308054426609925,5.800250021659793,3.248942829958312,0.3656918671051501,-0.3033203836195555,0.0012861428490622646,0.012904947478116087,0.0016507208902974413,0,1,161.8099204119075,0.6688644688644687
8.4,3.2571101920489003,0.3644425653036471,-0.30853837489045616,0.44966659748263416,-0.08444885218914987,6.229384427388719,5.8062680335638355,3.2575295252071665,0.36299582471995034,-0.30505152034475586,0.0012540032197704937,0.014767260771001831,0.0018487869505919297,0,1,161.8534212525189,0.7413919413919413
8.42,3.265678678616132,0.361704109447017,-0.31021447421552895,0.4499523690183525,-0.08332660727822629,6.234486699204442,5.813139782996847,3.266111583786789,0.3602850589462093,-0.3067521521721305,0.0012220864954453445,0.012246312557538736,0.0018651700892740042,0,1,161.90429882331009,0.7494505494505493
8.44,3.2742498151403225,0.3589490394366921,-0.31187584960271497,0.45027387142304887,-0.082601142110007,6.232123980171856,5.817459155185278,3.274689063831459,0.35755984018005577,-0.30842210903991385,0.0011903117395139005,0.013921086013962518,0.0017297822167483545,0,1,161.9534006369764,0.693040293040293
8.46,3.2828190979397687,0.35617893666763556,-0.3135150959846749,0.45031527789433184,-0.08105575710230312,6.227013658091994,5.823503853077105,3.28326202527644,0.3548204398825647,-0.3100612239538109,0.0011585720838059928,0.011608230600326962,0.001848104935888606,0,1,161.9974106978111,0.7413919413919413
8.48,3.2913846274459995,0.3533946915152478,-0.31511715064593904,0.4503518458846362,-0.07925802608116003,6.22455430558868,5.82679366968137,3.2918305298334767,0.3520671305536389,-0.311669333003696,0.0011268679924449452,0.012799881752787089,0.0017167042968869173,0,1,162.041288160303,0.693040293040293
8.5,3.2999465640401673,0.35059658060213233,-0.31668873261064234,0.4504617430467978,-0.0774230852660303,6.219876432108146,5.838178457013547,3.3003946409656177,0.34930018570612387,-0.3132462753800042,0.0010952357911361002,0.012453066828308322,0.002112027429763963,0,1,162.08821127314167,0.8300366300366299
8.52,3.3085081910248872,0.34778388079480316,-0.31820993898067357,0.4507349401533424,-0.07480160813322254,6.219042084029955,5.846566222604655,3.308954423861396,0.3465198798401591,-0.31479189338981217,0.001063727015871516,0.012391602334850297,0.0019698320873189346,0,1,162.1383862366578,0.7816849816849816
8.540000000000001,3.3170698694537997,0.344956935068397,-0.3196890053840796,0.450691000391138,-0.07327297173861169,6.209352140913036,5.840362945950923,3.3175099454083696,0.3437264884177655,-0.31630603247260697,0.0010325162097435249,0.011333171563972472,0.0012580851855173991,0,1,162.17764194695272,0.5238095238095238
8.56,3.325619668722849,0.3421199911938757,-0.3211456453526535,0.4502099107984196,-0.07203591485918079,6.201007279539298,5.843433898661947,3.3260612741660336,0.3409202878376703,-0.3177885412157419,0.001001645755817912,0.009222644171193993,0.00173445542447076,0,1,162.21187491164972,0.693040293040293
8.58,3.334160209446553,0.339272448467613,-0.3225661851683705,0.45008163319462674,-0.06993111525008637,6.194970223271556,5.847780200968273,3.3346084803381117,0.3381015554103696,-0.3192392713695781,0.0009710457428863342,0.009348992093883282,0.0017887937755101668,0,1,162.2525683607596,0.7172161172161171
8.6,3.342695293112507,0.3364134336118649,-0.32394570092974406,0.4500672244345834,-0.06800134325970995,6.191619656376473,5.852863951364545,3.3431516357442495,0.3352705693334268,-0.3206580778623092,0.0009407752677943501,0.011771699917896209,0.001817827137102268,0,1,162.29586984666068,0.7252747252747253
8.620000000000001,3.3512270682318515,0.333542594694062,-0.3252903392158454,0.450074910140499,-0.06653277602360097,6.187779093854738,5.8539623289018285,3.3516908137911052,0.3324276086670095,-0.3220448188144684,0.0009108861442772657,0.012824696049766007,0.0016134919716223606,0,1,162.33834506305774,0.6527472527472528
8.64,3.3597540776312975,0.3306607070857423,-0.3266091070660575,0.45008732643118154,-0.06488428025479566,6.18325718652036,5.864420246383648,3.3602260894428695,0.32957295330966163,-0.3233993555531158,0.0008813639324061045,0.013011791467617165,0.00207220529600316,0,1,162.3833065013958,0.8219780219780218
8.66,3.3682801921967607,0.3277667797105193,-0.3278821663150467,0.4502745009962268,-0.06261914264946776,6.181512540538106,5.868777244320395,3.368757539191203,0.32670688397431114,-0.3247215526257064,0.0008522100361070654,0.014157831397331498,0.0017814294312016865,0,1,162.43052248487743,0.7172161172161171
8.68,3.3768047882862704,0.3248614278315036,-0.32912218247387853,0.4502931037574666,-0.06140749903141443,6.177886708947387,5.869792642200253,3.3772852410246306,0.3238296821645111,-0.32601127781363487,0.0008235277318074254,0.013938028941357813,0.0016087692235211004,0,1,162.47316704066816,0.6527472527472528
8.700000000000001,3.3853255556165207,0.32194568170795373,-0.330341033753555,0.4504927459570915,-0.060348328233540374,6.184162391244784,5.882715316428465,3.385809274397374,0.3209416301509135,-0.32726840214545727,0.000795265398801832,0.01187715461283068,0.0021770851394160573,0,1,162.52481117638578,0.8622710622710622
8.72,3.3938521737357585,0.31901642375033273,-0.3315354565320168,0.4508165479081895,-0.05897681261176796,6.174482631038001,5.8808364868029255,3.3943297201976685,0.31804301094797366,-0.32849279990978775,0.0007672995905713482,0.009755338418618132,0.001451782998265816,0,1,162.57182732117403,0.5963369963369963
8.74,3.4023712117559475,0.31607852154333915,-0.332699858089451,0.45029017593379717,-0.05722374968910123,6.161295503960006,5.87924877701722,3.402846660715542,0.3151341082908818,-0.32968434866787033,0.0007396275463485804,0.00857595308850198,0.0015259947834235787,0,1,162.60344652071493,0.6205128205128204
8.76,3.4108775125299937,0.3131341014165762,-0.3338232875358678,0.4500315414512769,-0.05501298217535348,6.158872073463819,5.888008962647964,3.4113601796101016,0.31221520661272156,-0.33084292926582215,0.0007122723450014314,0.009761116864695779,0.0020215973606375615,0,1,162.64437294986604,0.8058608058608059
8.78,3.4193817002223477,0.31017990792988726,-0.3349039150537403,0.45010656499875423,-0.053230535373684024,6.1528042197965735,5.886426415479884,3.4198703618763147,0.3092865910218504,-0.33196842584654895,0.0006852870903910722,0.01207813298290382,0.0014892178832370262,0,1,162.68723262376753,0.6043956043956044
8.8,3.427879450894823,0.30721778757025087,-0.33595716077504034,0.44984635399403644,-0.05162804286417525,6.143489586871342,5.891874903442829,3.428377293811314,0.3063485472795012,-0.3330607258613306,0.0006587088421815625,0.010500847854908697,0.001853591908368979,0,1,162.72536069850247,0.7413919413919413
8.82,3.436371349277437,0.30424786369128526,-0.3369633733695594,0.4498943647900162,-0.04884006883959294,6.140873594712859,5.9037873022472045,3.436881062980226,0.3034013617775992,-0.3341197200810757,0.0006325354719126813,0.009627770351350684,0.0021692959580467686,0,1,162.7723492717594,0.8542124542124541
8.84,3.4448649187272395,0.3012680127872784,-0.33791487137790316,0.45015046647347157,-0.04649561483006552,6.138172076881226,5.907705517789749,3.445381758181553,0.3004453215167931,-0.33514530260724484,0.0006069270084925252,0.011127530999669701,0.0017616141784720374,0,1,162.8206085583112,0.709157509157509
8.86,3.453358023538789,0.29827942286201575,-0.3388310435521043,0.45028694459143037,-0.04506054706843391,6.139038458547001,5.91564942879869,3.4538794694121067,0.2974807140846951,-0.33613737088244017,0.0005820143284485515,0.009367049816036461,0.001948266511473784,0,1,162.86819239400376,0.7736263736263734
8.88,3.4618532829513087,0.295281453472196,-0.33971924493338185,0.4505269913671876,-0.04375205643561987,6.136971490704919,5.919179772474563,3.4623742878315094,0.2945078276343262,-0.3370958257006608,0.0005577643514016449,0.012212010172147882,0.0017243822911723883,0,1,162.91579324579308,0.693040293040293
8.9,3.470347749383697,0.292275387558625,-0.3405850489357417,0.4505059403914415,-0.04307510095393799,6.136187060379667,5.916873945994588,3.470866305726288,0.2915269508627624,-0.33802057121722356,0.0005341210352480699,0.010657702097305839,0.0015238199557853216,0,1,162.95762993158246,0.6285714285714284
8.92,3.4788381564458386,0.2892625139034781,-0.3414458043073659,0.4504389841381489,-0.04252384854240487,6.131258188654434,5.922536126812559,3.4793556164735557,0.2885383729899778,-0.3389115149583475,0.0005109145466619067,0.008842464660079867,0.001830756595849914,0,1,162.99971582603388,0.7333333333333333
8.94,3.4873258729826455,0.28624247069992975,-0.3422778642229931,0.45043894971304055,-0.040481595753201406,6.124385445584449,5.9278696107678215,3.4878423145043094,0.2855423837378783,-0.3397685678304009,0.00048795036697693676,0.008878941553755399,0.0018427742876542808,0,1,163.0427605631257,0.7333333333333333
8.96,3.495810526339646,0.2832157594335061,-0.34306508828033183,0.45042543190168255,-0.038094988973074395,6.1189984068057335,5.93513154765431,3.496326495266351,0.28253927330952294,-0.3405916441288108,0.00046527012180869003,0.009291386727741817,0.001947482077274798,0,1,163.0865521093211,0.7736263736263734
8.98,3.504293769397047,0.28018224115493584,-0.34380412244734065,0.45053227792865463,-0.03586694823834859,6.116949607957908,5.941573898578044,3.5048082551868456,0.2795293323685264,-0.34138066154663327,0.0004429877234813231,0.009509421834393888,0.0019004846299848777,0,1,163.1328751280365,0.7575091575091575
9.0,3.512777324217963,0.2771417189429775,-0.3445070306290198,0.4505999404543786,-0.034758151689398165,6.116008743501998,5.939417433943362,3.513287691634537,0.2765128520186373,-0.34213554118278394,0.0004211899366679606,0.009546786746500476,0.001496666487285525,0,1,163.17637471833632,0.6124542124542124
9.02,3.5212576888157567,0.2740956679511093,-0.34520057558643347,0.4505065208495158,-0.03416321568760479,6.110731864785896,5.9441130547580645,3.5217649028816207,0.27349012378348647,-0.3428562075499284,0.0003997860465827732,0.011478776321828338,0.0017929692379839435,0,1,163.21769801538517,0.7172161172161171
9.040000000000001,3.529734940134302,0.27104419772923743,-0.34586728651488985,0.450417655474506,-0.03252870314710068,6.104635863306599,5.944529184833771,3.530239988065299,0.27046143958650004,-0.3435425885820304,0.0003785933765563716,0.011040923125078263,0.0016024869859758706,0,1,163.25806346231593,0.6527472527472528
9.06,3.5382077911923866,0.26798806486399085,-0.3465055429039758,0.4504790114573673,-0.03127919520459793,6.109048269333067,5.954503934997845,3.5387130471490384,0.26742709173097157,-0.34419461564155873,0.00035757778777714694,0.009655809975550485,0.002051830756344686,0,1,163.305980503267,0.8139194139194137
9.08,3.5466850035518367,0.26492435105749507,-0.3471203406790595,0.45065636590885755,-0.030092716795825144,6.0987375666557,5.951049208095928,3.5471841808835234,0.2643873728802852,-0.3448122235263508,0.0003366391718328796,0.010409345206125641,0.001389940889543806,0,1,163.34974886622624,0.5721611721611721
9.1,3.5551547710431253,0.261857554209609,-0.34770898831923447,0.4501897651439962,-0.02856150899952597,6.090157698216103,5.952647832047654,3.555653490767337,0.26134257603828537,-0.3453953504761328,0.0003157135306030258,0.008394216595956974,0.0016855089694877146,0,1,163.3839056808474,0.6769230769230768
9.120000000000001,3.5636175202941613,0.25878781868794576,-0.34826110045548536,0.4501805009994508,-0.026435514000186667,6.088820221303965,5.9639773568200125,3.5641210790073807,0.25829299452978494,-0.3459439381786957,0.0002947595676449866,0.009376471348441263,0.0021405484220856086,0,1,163.42983415483312,0.8461538461538461
9.14,3.5720833191363837,0.2557118910575365,-0.3487686894581944,0.45052124245220937,-0.024645020387986702,6.090932082686242,5.968021194224285,3.57258704847904,0.2552389219812073,-0.34645793177572637,0.00027381537157951613,0.009098262624658552,0.00176290098832943,0,1,163.4806227032297,0.709157509157509
9.16,3.580551874113213,0.2526302111156494,-0.3492539924619074,0.4505346369782377,-0.02339592182635005,6.079573479040443,5.970462984444977,3.581051502686113,0.252180652301353,-0.3469372798682934,0.00025289013658499865,0.0075113696986340885,0.0016953120021420687,0,1,163.52232316041523,0.684981684981685
9.18,3.589015423908445,0.24954586641539928,-0.3496972241769159,0.450436161954864,-0.02065500558500505,6.076186721504811,5.983416596105816,3.589514545720527,0.24911847966228431,-0.34738193452198707,0.00023193807480694872,0.007827318985072138,0.002244533814223182,0,1,163.56729746594232,0.8864468864468864
9.200000000000001,3.597481337375717,0.2464566732489457,-0.3500824528280755,0.4506344184060818,-0.018160292679090882,6.071386965226148,5.9841144834535855,3.597976282221837,0.24605269848032296,-0.3477918512717126,0.00021109938815884076,0.009799687900768322,0.0016246234619644029,0,1,163.61366035764166,0.6608058608058607
9.22,3.60594512073017,0.24336474196744617,-0.35043164986582115,0.45043521023861044,-0.016289571663607658,6.06040650956548,5.989215666542035,3.606436817336543,0.24298360339715064,-0.3481669891261364,0.0001905153674831355,0.00833058844926083,0.0018509833681276122,0,1,163.65261924833987,0.7413919413919413
9.24,3.614403937645192,0.24027149136580062,-0.35073041858053683,0.4502421032054865,-0.013780708778738665,6.054942252723557,5.990953354435982,3.6148962566772167,0.2399114892610069,-0.34850731057178586,0.00017023543727975014,0.00755839877175358,0.001697733045172456,0,1,163.6922014827312,0.684981684981685
9.26,3.622859129435047,0.2371768924916853,-0.35099073507210904,0.45014582840668,-0.012041753881831124,6.0489743757156145,5.9959057479257805,3.6233547062814773,0.23683665110797575,-0.3488127815767999,0.00015037234976546024,0.01142164533403961,0.0018350359253014314,0,1,163.73363743694782,0.7333333333333333
9.28,3.631312443828591,0.23408065687141003,-0.351213246131148,0.4500980313989108,-0.010462072627114405,6.046970737153309,5.996222021195474,3.631812272570812,0.2337593841433544,-0.3490833715943326,0.00013093595903189585,0.010736218493351601,0.0016064139899015228,0,1,163.77557232356557,0.6527472527472528
9.3,3.6397645094448943,0.2309828497275495,-0.3514166993133393,0.450185214398542,-0.009823626236598007,6.049605653333057,6.002503804821007,3.6402690623092626,0.23067998372309526,-0.3493190535656078,0.00011188742467246296,0.010118604942839705,0.0018690599479871395,0,1,163.8221666752579,0.7494505494505493
9.32,3.648220236650693,0.2278818113111805,-0.35160479057195126,0.45033794753776135,-0.008583343257309705,6.040990004516797,6.006079621612663,3.648725182561987,0.2275987453353146,-0.3495198039226246,9.303397878433672e-05,0.010340871842618999,0.0017488593020772436,0,1,163.867068456171,0.701098901098901
9.34,3.6566741125779947,0.22477980247572818,-0.35175468334045623,0.45023571207342505,-0.006258738364650413,6.036103105387312,6.013680534889678,3.6571807406537293,0.2245159645818589,-0.3496856025905147,7.429852712646727e-05,0.012454200476264998,0.001979488332584378,0,1,163.90969902070245,0.7897435897435896
9.36,3.6651281242050997,0.22167652060001086,-0.35185811032616326,0.45026628905273564,-0.004235325453943984,6.0314782527101025,6.014928572853744,3.665635844127188,0.22143193715992182,-0.3498164329895494,5.576190597453775e-05,0.012259142615125151,0.0016580657475445126,0,1,163.9528545537384,0.6688644688644687
9.38,3.673580654242928,0.21857294582530237,-0.3519291118257551,0.450228686679736,-0.0024356100403701954,6.025794320930288,6.02425315578741,3.674090600701306,0.21834695884370317,-0.34991228203679786,3.7475298152425196e-05,0.0146385042502566,0.002053065911990115,0,1,163.99668174601752,0.8139194139194137
9.4,3.682034973651621,0.21546823535383614,-0.3519539090668389,0.45047959377831726,-0.0005085171965269294,6.031280404391455,6.029788141570561,3.682545118229508,0.21526132546610235,-0.34997314014743525,1.945282265216426e-05,0.013145435399018489,0.0018511351068149495,0,1,164.04723828941627,0.7413919413919413
9.42,3.6904955910498316,0.21236108513406404,-0.3519582798036602,0.45074419232274543,0.000801504479532863,6.022075257120143,6.0387469871049655,3.690999504657886,0.2121753329004375,-0.34999900123570127,1.7002446635480347e-06,0.012749510671205415,0.0020095458590156934,0,1,164.09567271142416,0.7978021978021977
9.44,3.698957455335011,0.20925363189179214,-0.35191398127967766,0.45066110971590606,0.0031568793403973904,6.019062314571194,6.037401836149894,3.6994538679833484,0.2090892770421834,-0.3499898627155085,-1.5823049271551724e-05,0.01235217337244617,0.0015442209206604773,0,1,164.13697626864683,0.6285714285714284
9.46,3.707416640358543,0.20614773272437598,-0.3518436549588944,0.450416685266303,0.00425306414382281,6.008630248486656,6.038096723961986,3.707908316211763,0.20600345379071852,-0.3499457255007015,-3.3035125970650386e-05,0.010825936707104458,0.001632486843519576,0,1,164.17397635636442,0.6608058608058607
9.48,3.715870548128311,0.20304458460023847,-0.3517387376153473,0.4502634308195166,0.006420289003225145,6.005575284397494,6.047315490044448,3.716362957316084,0.20291815903107385,-0.3498665940049649,-5.001780953261147e-05,0.015067792148704316,0.002065376023204224,0,1,164.21671130553048,0.8219780219780218
9.5,3.724327031478288,0.1999417042425105,-0.351587805826984,0.4504992785199702,0.008757757588997897,6.002140043645993,6.055249609774643,3.7248178991944987,0.199833688615676,-0.3497524761413823,-6.672722614827967e-05,0.01598909151477213,0.0019804682712184496,0,1,164.2656501550433,0.7897435897435896
9.52,3.7327877782746,0.196838916623818,-0.35139265877394416,0.4507202625098275,0.010591206228095286,6.003890521463358,6.06189616287223,3.7332732496285956,0.19675033834607514,-0.3496033833216449,-8.306612021311299e-05,0.01588216046585451,0.0019096205222516316,0,1,164.314927918382,0.7655677655677656
9.540000000000001,3.741254692810918,0.19373587905210332,-0.3511697859252833,0.4510810761601753,0.01189274802382795,6.00509405712398,6.071976316004784,3.741729116241579,0.19366840395465054,-0.34941933045491064,-9.902225568648235e-05,0.015406928938189976,0.002057525415656236,0,1,164.36736561233354,0.8219780219780218
9.56,3.749729827400901,0.19063210596734562,-0.35091604950731775,0.45148582590846653,0.013517333885786858,6.006367199198692,6.080745345063087,3.750185606456531,0.19058818108628517,-0.3492003359463126,-0.00011466934980887636,0.013626848951814529,0.00200178153296543,0,1,164.42043882660292,0.7978021978021977
9.58,3.7582122179296387,0.18752826085733032,-0.35062967444183774,0.4516054695255238,0.01559225567475434,5.993779045568095,6.085138269716182,3.75864282745475,0.1875099652800015,-0.3489464216951193,-0.0001300358385381108,0.015557750661231598,0.0018173721249865604,0,1,164.46490994025243,0.7252747252747253
9.6,3.766692637330293,0.18442812133534006,-0.35029100566027666,0.4514132909725458,0.017721568186566138,5.994984466103275,6.085675918611416,3.767100886134174,0.18443405195055104,-0.3486576130925442,-0.00014504647431574694,0.014148043905410522,0.0016453049678628595,0,1,164.50591868240807,0.6688644688644687
9.620000000000001,3.7751738040362115,0.18133108108409923,-0.34993290931151516,0.45144451067709446,0.0185747215218059,5.988100573356057,6.0907319142164145,3.775559889067895,0.18136073636994787,-0.3483339390192069,-0.0001596575535357065,0.013021758094227285,0.0018311857999934733,0,1,164.54936833538227,0.7333333333333333
9.64,3.7836552767015057,0.17823750163511842,-0.34954095161577187,0.45133912815053767,0.020709405669453926,5.980873267875261,6.094023792427734,3.784019942462796,0.17829031364894063,-0.34797543184224494,-0.00017399603023180184,0.013399474772623987,0.0017778692043461386,0,1,164.59038818948517,0.7172161172161171
9.66,3.7921353395995223,0.1751483939526453,-0.34910768777218854,0.4511449557687716,0.022564974138075032,5.973798246775488,6.093977936296321,3.7924811521183157,0.17522307871841344,-0.3475821274120774,-0.00018801111614108966,0.013548606451617222,0.0016160443672181835,0,1,164.6290165301188,0.6608058608058607
9.68,3.800612739903124,0.17206456856547295,-0.3486419682130145,0.4510491876068167,0.024260820975801626,5.9707221126802335,6.102370683741253,3.8009436233853497,0.17215932631070865,-0.3471540650588194,-0.00020167913086849797,0.0118383289184124,0.0020190576883749034,0,1,164.67229339678065,0.8058608058608059
9.700000000000001,3.8090930372667997,0.16898433564121207,-0.3481362067840422,0.4510412402055717,0.026324850700936823,5.960898277480186,6.101432718514705,3.809407461125311,0.16909935094086323,-0.3466912875883496,-0.00021500953112506328,0.011144998503196755,0.0015644920498530945,0,1,164.71359648040524,0.6366300366300366
9.72,3.8175700434060045,0.16591032745121703,-0.34759176912644396,0.4507754511586746,0.028428664935654723,5.95427465969411,6.109002776613135,3.8178727696693686,0.16604344688775247,-0.34619384127802943,-0.00022794265203775776,0.009306076532162411,0.001998310749536103,0,1,164.75336864321233,0.7978021978021977
9.74,3.8260471599288945,0.1628417152391111,-0.3469987028365157,0.4506215725850318,0.030789409217272086,5.943100328535609,6.106141752290679,3.8263396527778646,0.16299190817513207,-0.34566177587207536,-0.0002404114865185643,0.008393676032445977,0.001489071085487348,0,1,164.79170585832105,0.6124542124542124
9.76,3.834519202684147,0.1597808113158955,-0.34636612872112926,0.4503503117237828,0.032588027310645425,5.941125575989357,6.113933522992722,3.8348082135999335,0.15994502855257198,-0.3450951445765846,-0.0002523039340078364,0.008625476387042958,0.0020029773116487237,0,1,164.83238278902843,0.7978021978021977
9.78,3.842993852600808,0.1567251929725345,-0.345696030127712,0.4503598612061307,0.03458153688490251,5.9299071725687975,6.113941408047811,3.843278554633341,0.15690310147627493,-0.34449400405421454,-0.000263605448613109,0.007994501469425873,0.0016152523893236403,0,1,164.87394184536427,0.6527472527472528
9.8,3.8514654066045972,0.15367729079063921,-0.34498522644533075,0.450017844553966,0.03629007414845633,5.926299452110914,6.113894079969307,3.8517507776845443,0.1538664200897723,-0.34385841441851633,-0.0002742627527792121,0.008714266344521899,0.0016290973555252997,0,1,164.91089371327706,0.6608058608058607
9.82,3.8599356851233066,0.1506367657316627,-0.3442517179219181,0.44995222949833846,0.03708612439128551,5.924570084994986,6.115870802035941,3.8602249838290064,0.15083527720449003,-0.3431884392279241,-0.0002842820881784233,0.00740199325560403,0.0016917170200128617,0,1,164.95276678250653,0.684981684981685
9.84,3.868408308422128,0.14760248399498843,-0.3435016413396905,0.45008952688346526,0.038262667954165185,5.9239045265401975,6.125937142034507,3.8687012733717543,0.14780996528017878,-0.3424841454793985,-0.0002938172957015521,0.007797761888424546,0.002085851857831389,0,1,165.0007433776708,0.8300366300366299
9.86,3.8768878021510558,0.14457305693618286,-0.3427166320316895,0.45017789893842514,0.04048439349910467,5.911859771260799,6.127583036201219,3.877179745808226,0.14479077640520066,-0.3417456036017274,-0.00030296872751037614,0.006827850309035283,0.0016987940118364242,0,1,165.0441389356293,0.684981684981685
9.88,3.885365369266744,0.14155203663040283,-0.34188344864762016,0.44984941237249976,0.04263452195476076,5.907032727791268,6.128406112806808,3.885660499785387,0.14177800227666656,-0.34097288744848314,-0.00031164961677946116,0.005994133727439904,0.001680486916606272,0,1,165.08147950276236,0.684981684981685
9.9,3.8938416922019266,0.13853957593386,-0.3410184603456858,0.4497069786132708,0.04400094265512492,5.9007191085412,6.130262545469935,3.894143633063158,0.13877193418041803,-0.3401660742906373,-0.0003197846016429778,0.007081576360313057,0.001702533192500577,0,1,165.12128188207197,0.693040293040293
9.92,3.902317902687284,0.13553554284067287,-0.3401235376289619,0.4496212227307572,0.04554175940447631,5.897791558974615,6.134696423175796,3.902629242476151,0.13577286297084656,-0.3393252448088331,-0.00032741773638391927,0.006187408574735071,0.0018280747205769443,0,1,165.1634672071964,0.7333333333333333
9.94,3.9107968643409996,0.13253921066667326,-0.3391982142982987,0.4496052038120239,0.047143416916939324,5.890860433376497,6.137288440753342,3.91111742389574,0.13278107905054576,-0.3384504830853181,-0.00033458132519518504,0.006192340893783848,0.00173418003025827,0,1,165.20557883138082,0.701098901098901
9.96,3.919276128723285,0.12955174788846371,-0.3382381701809685,0.449351638631415,0.04891915675200128,5.881589365794843,6.136431712698098,3.9196082721924657,0.12979687234978965,-0.33754187659553564,-0.0003412879866874947,0.007414891283048886,0.0015861000380620882,0,1,165.24255514327865,0.6446886446886447
9.98,3.927752223977377,0.1265747018850168,-0.3372449599416249,0.44908540063040825,0.05024480584284595,5.879403418974589,6.137147600362158,3.928101881198805,0.12682053230583176,-0.33659951619937767,-0.00034751977086672274,0.01235212393718696,0.0016541562866128623,0,1,165.28096127142473,0.6769230769230768
10.0,3.9362297340556944,0.12360670961373206,-0.3362320852174473,0.4492436207551515,0.05144747162042492,5.879790771701153,6.149545578346824,3.9365983436723004,0.12385234784201998,-0.33562349613209846,-0.00035333738243999743,0.011023098058724179,0.0021972780129794756,0,1,165.33027381578162,0.8703296703296701
10.02,3.9447167958382727,0.12064516998369638,-0.3351818222801996,0.4495105743862848,0.053748931531518884,5.871619321869211,6.154031331436585,3.9450977512590772,0.12089260734672196,-0.3346139139948913,-0.00035882127000965125,0.010002974777266017,0.0018294784804704922,0,1,165.3782220542337,0.7333333333333333
10.040000000000001,3.953206922798335,0.11769277210789751,-0.3340852184598217,0.44943536673101614,0.055649194225876594,5.87124105654123,6.157152338041907,3.9536001944577635,0.11794159865205588,-0.3335708707451286,-0.00036387569817752214,0.011726863099531363,0.0017777117192103176,0,1,165.42108155898805,0.7172161172161171
10.06,3.9617013317058043,0.11474945378152059,-0.33296256672674607,0.4495561136945513,0.05702187224110135,5.8663589727004775,6.165111834172198,3.9621057625838096,0.11499960901242239,-0.33249447068626625,-0.00036846150441705115,0.013063665272556937,0.0019931181425543176,0,1,165.4673285868532,0.7978021978021977
10.08,3.970201189692035,0.11181509320190762,-0.33180224483840925,0.4496437208140016,0.05854361197039503,5.8678813773570875,6.164798535485498,3.9706145437342406,0.1120669250828329,-0.3313848214574131,-0.0003726162889719929,0.013584262083833665,0.001592883073035678,0,1,165.51242857712631,0.6527472527472528
10.1,3.9787049185175976,0.10889050998715917,-0.3306290292766419,0.44947844521128516,0.05946817341668812,5.853090140184056,6.165921829898404,3.9791266247528396,0.1091438328970304,-0.3302420340225673,-0.0003763818458351688,0.014558775855058537,0.0016667390819243844,0,1,165.5503963813095,0.6769230769230768
10.120000000000001,3.987205656873932,0.10597826193106101,-0.3294141023683767,0.44936324813762885,0.06188527538798875,5.857421103388001,6.1780169798577935,3.987642091195788,0.10623061784539875,-0.3290662226595199,-0.00037985353014689116,0.017072897164506846,0.002229823027987743,0,1,165.59712366371974,0.8864468864468864
10.14,3.995716845193395,0.10307417206470565,-0.3281606315190609,0.44978971900477716,0.06358601370407033,5.852509423288349,6.182395714625149,3.996161027297761,0.10332756465265656,-0.3278575049484276,-0.00038292896376767823,0.016067113592368846,0.0018086169883356207,0,1,165.64840537295993,0.7252747252747253
10.16,4.004234506783408,0.10017994518886547,-0.3268717099392838,0.4499593689927751,0.0653982060752041,5.855368843708185,6.194540205645152,4.004683515938508,0.10043495735533285,-0.3266160017600541,-0.0003855905577449182,0.01468740110282304,0.0022054872763225264,0,1,165.69884224356497,0.8783882783882783
10.18,4.012763485561006,0.09729429377927779,-0.32554740133778526,0.4502507762432324,0.06690594547030433,5.850172924285606,6.193481753491413,4.013209638609919,0.09755307927902049,-0.32534183724368376,-0.0003878151135074221,0.013759916061197799,0.0015482256292657093,0,1,165.74628094523754,0.6366300366300366
10.200000000000001,4.021294561858344,0.09442062955473601,-0.3241996115557324,0.44990341803103473,0.0681238828670325,5.839459244802964,6.19224132888428,4.021739475383588,0.09468221301540562,-0.32403513881470625,-0.00038962815620387676,0.013713371088556565,0.0015711438905500752,0,1,165.78129182314717,0.6446886446886447
10.22,4.029822121911598,0.09156107272773134,-0.3228214369836163,0.44961100947090293,0.069515005984948,5.8378734212376315,6.193481570311023,4.030273104878906,0.09182264039906925,-0.3226960371418757,-0.00039108435244438795,0.014235516328281241,0.001692257165283595,0,1,165.8197047691479,0.684981684981685
10.24,4.038352503118138,0.08871374115698918,-0.3214230879795713,0.44982887684874967,0.07070285610779484,5.839521266972077,6.2067737840623805,4.0388106042316645,0.08897464248405995,-0.32132466613424343,-0.00039222703717582555,0.012230139435438629,0.0022456142954478397,0,1,165.8707600951195,0.8864468864468864
10.26,4.046894678263417,0.08587588751266555,-0.3199897708725529,0.4501259205858888,0.07248669317234757,5.834399249571946,6.206758100681397,4.047352049063212,0.08613849952023479,-0.3199211629277674,-0.0003931264623258533,0.01455146874320944,0.001608465262469938,0,1,165.91866809343446,0.6527472527472528
10.28,4.055440712468264,0.08305047874189625,-0.31852911032997955,0.45011231696987236,0.0737748269367733,5.834855040216381,6.216011197060674,4.055897513450155,0.0833144909293671,-0.3184856678715987,-0.0003937727133047056,0.01340075105582677,0.002071305691691283,0,1,165.96431983993136,0.8300366300366299
10.3,4.063995475163131,0.08023617075982992,-0.3170388295643903,0.45041858970764503,0.0750709455317096,5.835591822808248,6.21896935192611,4.064447069894631,0.08050289528101941,-0.31701832451404655,-0.0003942112248599744,0.010963132041847679,0.001740632035788392,0,1,166.01389103493025,0.709157509157509
10.32,4.072557779087981,0.07743360343958328,-0.31553128063895497,0.4504807912431498,0.07589868552025762,5.831609568592632,6.222183890268144,4.073000789295147,0.07770399026818106,-0.3155192795882242,-0.0003945098503152966,0.010624832851277086,0.0017622502781119986,0,1,166.0579539350313,0.7172161172161171
10.34,4.08112455534461,0.07464395818329476,-0.31400091124043367,0.4505251395305929,0.077136661194048,5.831460293570396,6.22714875159657,4.081558740918018,0.07491805268266878,-0.3139886829973748,-0.00039479408373237917,0.009785360745757948,0.001855051212280745,0,1,166.10312932821856,0.7494505494505493
10.36,4.08969781140176,0.07186681076189776,-0.3124483141754441,0.45057115078294846,0.07819069655232687,5.8260512665663065,6.227332784833977,4.090120992369401,0.07214535839029032,-0.3124266877998821,-0.0003951358786387398,0.009237744262250568,0.001622575734657683,0,1,166.14599968836535,0.6608058608058607
10.38,4.098272584121227,0.06910396912967638,-0.31087521851022437,0.4502250399730432,0.07894296447011928,5.818615742100367,6.21993298358471,4.098687609567943,0.06938618230577084,-0.31083345019396397,-0.0003956257030175051,0.009978228449378028,0.001270770546487332,0,1,166.18020665962698,0.5318681318681318
10.4,4.1068431211886205,0.06635740993523287,-0.3092937308314116,0.44990410593132324,0.07954708448654846,5.815694990083007,6.225539204510778,4.107258656718043,0.06664079836744172,-0.3092091295020536,-0.00039639829617038234,0.009465419384691452,0.001897388354540841,0,1,166.21892587168483,0.7655677655677656
10.42,4.115417435471774,0.0636246784617035,-0.30768770881319524,0.44999240479212305,0.08123375075336674,5.810494161994193,6.230618918715463,4.115834196283768,0.06390947951169296,-0.30755388815486645,-0.0003976025650064994,0.008158554157301597,0.0018696014683969864,0,1,166.26400552833366,0.7494505494505493
10.44,4.123996455748124,0.06090577984317384,-0.3060436387493092,0.4499318225521494,0.08339994871043709,5.802069420245896,6.235314904678052,4.124414288963391,0.06119249764718927,-0.3058678916751578,-0.00039922838859300625,0.007956747064956771,0.0018708050437213908,0,1,166.30611646427036,0.7494505494505493
10.46,4.1325776260877145,0.0582019248064701,-0.3043516627307223,0.4497375439178685,0.08590767365904001,5.792167743971545,6.237936642055865,4.132998993664604,0.0584901236288511,-0.3041513086611706,-0.000401163574603914,0.01055868078357366,0.0017852462411037107,0,1,166.345441975361,0.7172161172161171
10.48,4.141159095028126,0.05551414827876512,-0.30261338094696494,0.4495915149984216,0.08735676501082816,5.7950273072501055,6.23708663413265,4.141588367480387,0.05580262723160189,-0.30240431076977603,-0.0004032330260240174,0.009503069054362085,0.0016333183973936682,0,1,166.38691680228342,0.6608058608058607
10.5,4.149745040572594,0.05284140780645785,-0.30086720598337235,0.44955903225764665,0.08790850181469241,5.784921097818443,6.240589923952286,4.150182465665566,0.05313027712388362,-0.30062707269930716,-0.0004054437888244179,0.00857135577947173,0.0017825966939832294,0,1,166.4283445893697,0.7172161172161171
10.52,4.158332687667576,0.0501846993970575,-0.2990868863603915,0.44947270620983987,0.09004491880394079,5.784010120087529,6.24746945013556,4.158781341614044,0.05047334084094209,-0.29881977217209016,-0.0004079305350741773,0.00840709915133427,0.0019789679775783497,0,1,166.4722029179798,0.7897435897435896
10.540000000000001,4.1669264771109455,0.0475430154975662,-0.2972707631119249,0.4493547267448538,0.0916392648085787,5.7700339901530135,6.241516185554366,4.167385046836747,0.04783208475788464,-0.2969825899166714,-0.0004106090322806465,0.009538783768198555,0.001347526858093695,0,1,166.5099927740264,0.5641025641025641
10.56,4.175515056581507,0.04492013590662705,-0.2954223056233395,0.44878340965365904,0.0933754868496527,5.762615822463203,6.244340322110099,4.175993630940271,0.04520677406251289,-0.2951157096497458,-0.0004134399768453002,0.008188437917195633,0.0018007720031643637,0,1,166.54366749874615,0.7252747252747253
10.58,4.184103305854677,0.042314868619721835,-0.2935363314143841,0.4487429103166618,0.09527304638453334,5.75970791165385,6.250292067969232,4.18460714160623,0.042597672727933335,-0.29321931805778423,-0.00041636004326673823,0.00970616620660443,0.0019271159679692396,0,1,166.58731962421552,0.7736263736263734
10.6,4.192697011677819,0.03972579780427365,-0.291615310971702,0.44861215177594754,0.09665809938011767,5.7506210109142675,6.244126094535732,4.193225624571366,0.040005043484949446,-0.2912936047783654,-0.0004192951129961966,0.008703067195117407,0.0013322664320099542,0,1,166.6253019416825,0.556043956043956
10.620000000000001,4.20128801155098,0.037155628852636825,-0.28967374820378844,0.448258922238789,0.0979529562169743,5.745202014928393,6.2520404680232735,4.2018491236083735,0.03742914779423851,-0.2893387623812125,-0.00042224518153359785,0.010966087588257456,0.00203305118173136,0,1,166.66387649978319,0.8139194139194137
10.64,4.209883263638924,0.034602520988664,-0.28769245924375497,0.44836846780768397,0.10004062774979026,5.742724506685457,6.256077350311371,4.2104776805074655,0.03487024581831739,-0.2873549863489364,-0.0004252149170334762,0.01097629556524457,0.0018296141932087062,0,1,166.70979457839258,0.7413919413919413
10.66,4.218484888316938,0.03206621322866707,-0.285677458387321,0.448382393925072,0.1017734409742878,5.7356672830810576,6.261671394748387,4.219111335058709,0.032328596393301386,-0.28534247505748717,-0.0004281098289690095,0.012003477174545335,0.0019060068959422805,0,1,166.75335697467867,0.7655677655677656
10.68,4.227091092542848,0.02954757155500021,-0.2836209164510881,0.44835778172833324,0.103654423556849,5.734183885615168,6.264181550098049,4.227750125035119,0.02980445700046092,-0.2833014297563168,-0.000430862806477513,0.013374908451037294,0.0017614940532190704,0,1,166.7966861588218,0.7172161172161171
10.700000000000001,4.235702965757839,0.02704661756867354,-0.28153805966349044,0.44843682070373136,0.10486481700374985,5.731571545804807,6.270705782371543,4.236394086176513,0.027298083737580813,-0.28123205454825434,-0.0004334003484661047,0.012950320832135043,0.001941797743421847,0,1,166.84223620394187,0.7816849816849816
10.72,4.24432230352648,0.02456308021773353,-0.2794227352652164,0.44853001129509157,0.10708067778376665,5.7232022535534215,6.278896767739134,4.245043252174163,0.024809731290127462,-0.2791345563690965,-0.0004357427725480424,0.012169262809355182,0.002041917506427793,0,1,166.88802884658227,0.8139194139194137
10.74,4.252947761374726,0.022097756955337604,-0.2772549225141441,0.4486363152949519,0.10910549380068477,5.728241138935002,6.282154994961021,4.253697654656225,0.02233965290222944,-0.2770091449669131,-0.00043775515591070726,0.012175739435542308,0.0017952655049945365,0,1,166.9356539080426,0.7252747252747253
10.76,4.2615830010162705,0.019649974459950672,-0.2750713718370752,0.448843946791199,0.10965237227090492,5.72365906687622,6.28680110169218,4.262357323173959,0.019888100347477414,-0.2748560328810732,-0.0004393451809936998,0.01411600901974992,0.0018321851042425452,0,1,166.98248128977505,0.7413919413919413
10.78,4.27022502486166,0.017220734220497764,-0.272862351202003,0.44889838642198665,0.11140504276578361,5.720899788887771,6.29420127006353,4.271022285188767,0.017455323899549558,-0.2726754354209911,-0.0004406318578534527,0.012525380759499483,0.0019997507072791465,0,1,167.02817453286048,0.7978021978021977
10.8,4.278875318533171,0.014809937696440609,-0.2706170149965563,0.44914112932130046,0.11297594388662933,5.723449560435339,6.3006429894421645,4.27969256606002,0.015041572302668876,-0.2704675706445955,-0.00044156763935780793,0.012326401135122924,0.0019416655484023049,0,1,167.07801753301825,0.7816849816849816
10.82,4.287536566420422,0.012417147213819639,-0.26834728859404067,0.44936571462882496,0.11438640292064256,5.717386896637452,6.307411412098175,4.28836818903372,0.012647092741899294,-0.26823265933652446,-0.00044212589547609846,0.012488498411883668,0.0019567247236160767,0,1,167.12582556082108,0.7816849816849816
10.84,4.296205642523795,0.010043520131449206,-0.26603856509371276,0.44960577694629034,0.11624927278371248,5.723958901501149,6.317621187004957,4.2970491752319715,0.010272130813287563,-0.26597092498604635,-0.0004422915637942006,0.012032872004704872,0.0021284502501760505,0,1,167.17811033816676,0.8542124542124541
10.86,4.304889050331402,0.007687632431866529,-0.26370548280715606,0.4499083244120016,0.11710888087201103,5.7174777835934645,6.315526787751141,4.3057355436432845,0.007916930493858424,-0.26368259376471126,-0.00044200076940040874,0.0132924134577243,0.0015054973036518482,0,1,167.22523399862743,0.6205128205128204
10.88,4.313575882897474,0.005352636758481452,-0.261352958806409,0.4497310173463512,0.11860416193582615,5.712614702248237,6.325017508351715,4.314427311113716,0.005581734111470603,-0.26136789450373427,-0.00044132756486609784,0.012577433461805792,0.002110505012220487,0,1,167.26736606374618,0.838095238095238
10.9,4.3222701930795315,0.00303772694446919,-0.2589575070839788,0.45011861333211906,0.12069858531379549,5.719454660227193,6.3365242606028,4.323124492338858,0.0032667823145417136,-0.25902705867111303,-0.0004402343758796928,0.014541657671951655,0.002187975003469733,0,1,167.32293686446093,0.8703296703296701
10.92,4.330980988664486,0.0007409051985955466,-0.2565333530310497,0.45062696775066297,0.12176822815733372,5.718904003593269,6.341340964225343,4.331827099856648,0.0009723140416502537,-0.25666032034847974,-0.00043861537634503803,0.013969081874692185,0.0018376412163442768,0,1,167.37667849667778,0.7413919413919413
10.94,4.339702516968464,-0.0015360570062262937,-0.254089045108861,0.45079722995339594,0.12247759806084692,5.722371297437979,6.344482373779113,4.340535144041055,-0.0013014335089767681,-0.25426791620769457,-0.0004365162705263426,0.013396507221684026,0.0017682044484765846,0,1,167.42437532036658,0.7172161172161171
10.96,4.348433695678238,-0.003792717383424948,-0.25163583471807055,0.4509636062018052,0.12355463255718574,5.714113368053209,6.35312988519417,4.349248633096601,-0.0035542249100817447,-0.25185008548717763,-0.00043404799307920645,0.015842157561915517,0.0020457550018922466,0,1,167.4714119863181,0.8139194139194137
10.98,4.357172318016815,-0.00602827598462338,-0.24913814027932468,0.45120336129204547,0.12586820572843005,5.720810371577568,6.363687596128083,4.3579675730537595,-0.005785826536090879,-0.2494070699679865,-0.00043124014506743425,0.013966445004802517,0.00215824932915909,0,1,167.5243812975694,0.8622710622710622
11.0,4.365925829091136,-0.008244211182747114,-0.24661115529053246,0.451596974485722,0.1270315232774204,5.715375987515685,6.366558242629685,4.366691967765201,-0.007996006593915741,-0.24693911394963716,-0.0004279480376679587,0.014205431322797885,0.0017589042887944384,0,1,167.57474432007797,0.7172161172161171
11.02,4.3746860270835795,-0.01043818234334545,-0.24405652936834393,0.4515169296285231,0.12826129589148866,5.714615233635233,6.36809634721559,4.375421818902915,-0.010184535153832377,-0.24444646422567473,-0.0004241824315796977,0.012652338089849516,0.0017206501932632845,0,1,167.61705142952036,0.701098901098901
11.040000000000001,4.383451318118868,-0.01260956518349064,-0.24148493992402037,0.45140395950191553,0.12922822466146872,5.70471678723497,6.367853617131408,4.384157125956205,-0.012351184180428167,-0.24192937005899423,-0.00041995111264096346,0.014817757456737336,0.001631699097261019,0,1,167.65653672970885,0.6688644688644687
11.06,4.392217583395042,-0.014757161488790003,-0.2388851801775152,0.4513954855803451,0.13040759128288057,5.714065756173575,6.376224152788017,4.392897886230542,-0.014495727563606283,-0.23938808315691518,-0.00041528406200268356,0.015341575546179148,0.002043883535008839,0,1,167.70489790802415,0.8219780219780218
11.08,4.400997748143363,-0.016883919693277682,-0.23627497022322008,0.4518799762208547,0.1310830978439148,5.709466657267878,6.382672999171615,4.401644094847308,-0.016617941149637487,-0.23682285764600985,-0.00041019748668983595,0.014640156522468676,0.001914710126672603,0,1,167.7579231504798,0.7736263736263734
11.1,4.409787102702018,-0.018988524442573006,-0.23363604836123317,0.4518976338880739,0.1326136344192454,5.707973201532143,6.384171406494703,4.41039574474441,-0.018717602772248702,-0.23423395004669167,-0.00040478801028689064,0.013007909526102868,0.0017186310593721998,0,1,167.80191734463378,0.701098901098901
11.120000000000001,4.418581705319657,-0.02106975822104497,-0.23097544809074555,0.45176684184736177,0.1337868548620625,5.69787309026036,6.384898302647051,4.419152826677778,-0.020794492283737556,-0.23162161924756292,-0.0003990194906952964,0.013215687641565936,0.0016810284273751641,0,1,167.84141850097228,0.684981684981685
11.14,4.427376473369341,-0.023126204180021294,-0.22828338163013132,0.4514645892756827,0.134935462570031,5.697260580013922,6.38068080226509,4.427915329223741,-0.02284839158610197,-0.22898612647952699,-0.00039287587685803453,0.01250469293941627,0.0014676921136673182,0,1,167.87885478398505,0.6043956043956044
11.16,4.436172479086891,-0.0251579420666963,-0.22558840193811955,0.4512783908643624,0.13473079248987846,5.6934557668914865,6.378837231498129,4.436683238782291,-0.024879084662173562,-0.22632773528966418,-0.0003863604073281861,0.014668418490118285,0.0015355509249203592,0,1,167.9174442815401,0.6366300366300366
11.18,4.4449700611257486,-0.027165080959232916,-0.22288871562507293,0.4511138173304963,0.13568046185423466,5.686646113918138,6.383792692391245,4.445456539581223,-0.026886357606743426,-0.2236467115148783,-0.0003796763746374459,0.01611888253284382,0.0018913468465424632,0,1,167.95792610714625,0.7655677655677656
11.200000000000001,4.453771909393751,-0.029148080595912867,-0.22015683599780364,0.45126753264949715,0.13721600518709537,5.692627849798494,6.391179351548405,4.45423521368116,-0.028869998657668868,-0.22094332325531227,-0.0003728552740098948,0.015601828947003559,0.0019998777310850646,0,1,168.00771099732322,0.8058608058608059
11.22,4.46258610469801,-0.031108483780081388,-0.21740953656642367,0.4515351632386132,0.13730936409078975,5.6918276893999336,6.3870592261699315,4.463019240981464,-0.030829798226949083,-0.21821784084753984,-0.00036584618044287003,0.01322030941424461,0.0014406926436318357,0,1,168.05461773950313,0.5882783882783882
11.24,4.471404835617469,-0.033044502823435025,-0.2146671279965295,0.45138352293744355,0.13721399586695046,5.689399965649804,6.389058888885868,4.471808599227042,-0.03276554893175815,-0.2154705368375302,-0.00035883086319547867,0.012032019852767938,0.001725234514275975,0,1,168.09509031662532,0.701098901098901
11.26,4.48022801899719,-0.03495612577250848,-0.21191559702063656,0.4514486313392872,0.13799431294148776,5.689553242892243,6.393463648040579,4.480603264016002,-0.03467704562542295,-0.212701685953395,-0.00035200561396638507,0.0133182536787819,0.0018422228048735612,0,1,168.14060132536025,0.7494505494505493
11.28,4.489058759357843,-0.036843890124309,-0.20914577938466664,0.4515082372501006,0.13945111584357126,5.680657090511518,6.398748376836226,4.489403208808233,-0.03656408542833398,-0.2099115650779153,-0.0003454369054132919,0.012956720632039393,0.001902179002337745,0,1,168.1849129259563,0.7655677655677656
11.3,4.49789307246204,-0.038706675983202585,-0.20633434171574982,0.4513084589494729,0.14127659640796592,5.676601656306142,6.395231115818054,4.498208404934829,-0.038426467758776436,-0.20710045322085327,-0.00033906018879509845,0.012580503337594447,0.0014913214193675861,0,1,168.22378679922465,0.6205128205128204
11.32,4.506727659554576,-0.040543491246563285,-0.2035047736520031,0.4510574526012447,0.1419587734748127,5.670369846435004,6.396609550202505,4.507018821608411,-0.04026399436366934,-0.20426863149105254,-0.0003327485610479027,0.012985427875889643,0.0017160967037286867,0,1,168.2618880717067,0.701098901098901
11.34,4.515563368918768,-0.04235438594355189,-0.20065345869991152,0.4508556711770357,0.1429675794280052,5.666752694112531,6.393746683824945,4.515834425934318,-0.042076469349199765,-0.201416383068326,-0.00032652521835455865,0.013085503730022393,0.0015114900185141944,0,1,168.30039188145918,0.6285714285714284
11.36,4.524400159031309,-0.04413920282577324,-0.19779069912148692,0.4507500575452402,0.143557996407961,5.6650743547162286,6.398806269165879,4.524655182922685,-0.04386369921133944,-0.19854399317513902,-0.00032039274894020246,0.012199503119827136,0.001884393324688094,0,1,168.34275315692412,0.7655677655677656
11.38,4.5332433372603855,-0.04589889890531056,-0.19490890279696899,0.4509359353002755,0.14441753991484407,5.668256849379828,6.402171802268976,4.5334810555013645,-0.04562549286623102,-0.19565174904808705,-0.00031440359920453505,0.011871666935884831,0.001787617286077292,0,1,168.39084012138406,0.7252747252747253
11.4,4.542095366376002,-0.04763380483287989,-0.1920191898025279,0.4509788442777201,0.14456757881582147,5.663686015988867,6.398446185570467,4.542312004529735,-0.047361661680430885,-0.19273993990917315,-0.00030860068324629767,0.010419625302558199,0.0014367796650588405,0,1,168.4329003449908,0.5963369963369963
11.42,4.550948568588427,-0.04934237591304461,-0.1891241060297621,0.4507207486267458,0.1453938335745928,5.656494164148681,6.402674225413487,4.551147988813369,-0.04907201950099529,-0.1898088569368844,-0.0003031257471849229,0.010320896642730816,0.0018549899000930847,0,1,168.47156531385616,0.7494505494505493
11.44,4.5598032407660956,-0.051024536671806724,-0.18619795248191107,0.4504827080822394,0.14703166575876236,5.64827683296666,6.398121684946164,4.559988965119556,-0.050756382685397075,-0.1868587932370755,-0.0002979887560383213,0.009788545838689754,0.001440401794558066,0,1,168.5086027226512,0.5963369963369963
11.46,4.568655141994337,-0.05267923734788613,-0.18324767761902092,0.45010120803798825,0.14841817451768352,5.639459901803179,6.402383916245924,4.568834888193687,-0.05241457013125944,-0.1838900438136577,-0.00029307244305115914,0.009918989145418982,0.0018781325220961764,0,1,168.54529221899057,0.7575091575091575
11.48,4.577507309333746,-0.054306814533910244,-0.18025991910900308,0.44993416612407444,0.14968595948062108,5.639992991099431,6.396589130955434,4.577685710776474,-0.05404640330589353,-0.18090290553910005,-0.00028825934349562687,0.01155397109484943,0.0015056405097008674,0,1,168.58487174588288,0.6124542124542124
11.5,4.586360003942913,-0.055907131813535,-0.1772712170827478,0.4495589569800069,0.1499509825956101,5.623917302884567,6.394839517407591,4.586541383622028,-0.05565170627562672,-0.1778976771247404,-0.00028349148273114426,0.010339020959391201,0.0015633201323964618,0,1,168.61871272054162,0.6446886446886447
11.52,4.595206817723583,-0.057478989669209696,-0.17425014923850654,0.44911193190987775,0.15192390018196425,5.621332510831404,6.396608873391827,4.595401855516762,-0.05723030573490798,-0.17487465909091585,-0.00027882468880836435,0.011879911846422024,0.0017681925599360437,0,1,168.6554027944973,0.7172161172161171
11.540000000000001,4.604054901202815,-0.05902337808297053,-0.17120229372994947,0.44898350878129895,0.15291786838720586,5.614053750619856,6.394467378768504,4.604267073299141,-0.05878203103517732,-0.17183415373691033,-0.00027407194176922974,0.014358003136492402,0.001547149632769751,0,1,168.69446147689885,0.6366300366300366
11.56,4.612903121226317,-0.06053992878956243,-0.1681344200845646,0.4489636211349885,0.15390066543015923,5.61945026001402,6.404536955150566,4.613136981880235,-0.060306714213485504,-0.16877646511072603,-0.0002691838903737573,0.015304337491973644,0.00213552406957368,0,1,168.74168331362208,0.8542124542124541
11.58,4.621763370431168,-0.06203048994682293,-0.16504857097595474,0.44940680045759374,0.1545311503688326,5.620883557546596,6.405955646624069,4.6220115242651065,-0.06180419002085109,-0.16570189897867726,-0.0002641319049183184,0.014657313541476013,0.001678954469133187,0,1,168.79353494552626,0.684981684981685
11.6,4.630632566330321,-0.06349439352286947,-0.1619552093046247,0.4495966752524282,0.1551960185989398,5.621326870271487,6.415987714714002,4.630890641575006,-0.06327429595034112,-0.16261076279481507,-0.0002589751519599946,0.014163584027942785,0.0021151598173234087,0,1,168.8428188387598,0.8461538461538461
11.620000000000001,4.639511867535717,-0.06493166618881147,-0.1588355553939192,0.44970152624288756,0.15670580964289707,5.61305669318939,6.4130406587365965,4.639774273070359,-0.0647168722648623,-0.15950336567018164,-0.00025374470996375746,0.01247248283903759,0.0015024193302066724,0,1,168.88615017660553,0.6205128205128204
11.64,4.648391272050499,-0.06634043047955385,-0.15569044965536924,0.44951175479054056,0.15797495577771536,5.6127447089620865,6.4210149043287075,4.64866235617456,-0.06613176202464927,-0.1563800183419005,-0.00024834175717139087,0.013596270403098909,0.002049121436346557,0,1,168.92865561284822,0.8219780219780218
11.66,4.65727772840392,-0.06772155227797559,-0.1525177709758236,0.44976562654867824,0.1589709196329826,5.6151308444210075,6.42191734033603,4.657554826498541,-0.06751881111443662,-0.1532410331421014,-0.00024266215401421128,0.011789553721041908,0.0016736992462572653,0,1,168.9772023922754,0.684981684981685
11.68,4.6661713837503855,-0.06907486689919828,-0.14933963939327846,0.4497746390749385,0.15883033990106027,5.613376218939715,6.419276066582555,4.666451617866132,-0.06887786827030191,-0.15008672396668857,-0.00023668568570962535,0.010277677556023702,0.0014933013375516002,0,1,169.0192487090477,0.6205128205128204
11.700000000000001,4.67506705802939,-0.07039959101049595,-0.1461645885283623,0.449585626520415,0.15872795794970238,5.610398863261551,6.416652022537001,4.675352662340157,-0.07020878510616567,-0.1469174062439506,-0.00023055981659835773,0.01024598428634669,0.0015049631594165613,0,1,169.05767614158847,0.6205128205128204
11.72,4.683962691756987,-0.07169545182874557,-0.14298582968446627,0.4493300961418242,0.15989263007527965,5.597133849316054,6.4212983746818635,4.684257890249325,-0.07151141613993638,-0.14373339690301928,-0.0002244218737951397,0.010037839774734223,0.001887682245012401,0,1,169.09568545178803,0.7575091575091575
11.74,4.69285660514697,-0.07296202796035084,-0.13976070592595588,0.4490547052897922,0.16207648013330686,5.5947080510247424,6.41877987730032,4.693167230215837,-0.07278561881928654,-0.1405350143421751,-0.00021818010434182414,0.010248191184025793,0.0015592542824034994,0,1,169.13414939648374,0.6446886446886447
11.76,4.701750413365583,-0.0741992222207433,-0.13651697381847294,0.44889134756319915,0.1622587128965079,5.592823123236294,6.4169079953636015,4.702080609183748,-0.07403125354704751,-0.13732257839700884,-0.00021158839222928727,0.012294334377518697,0.0015475966387344386,0,1,169.1734164573114,0.6366300366300366
11.78,4.71064595830306,-0.07540724456756048,-0.13326877221232625,0.4489623366554276,0.16310738304613087,5.5919117912971315,6.429112897308193,4.710997952448047,-0.07524818370621021,-0.13409641030843797,-0.00020469271677745052,0.012255885307634695,0.0022307278639219774,0,1,169.22115963306254,0.8864468864468864
11.8,4.719551507453757,-0.07658704872002892,-0.1299881280877251,0.4493520705373704,0.1642810664155288,5.599095358660055,6.4295027540937655,4.719919183684437,-0.07643627568451887,-0.1308568326905826,-0.0001974597487436697,0.01188610491331733,0.0017934839810841985,0,1,169.27348608003447,0.7172161172161171
11.82,4.728466868915329,-0.07773838627368382,-0.1267104278198377,0.44954346192855116,0.1638107950893319,5.597982657081596,6.4319027380656,4.72884422497985,-0.07759539889864564,-0.12760416949850545,-0.00018984647255295564,0.0106697889755965,0.001725192359395722,0,1,169.32005799179754,0.701098901098901
11.84,4.73738757842475,-0.07886070288663351,-0.12342930569199759,0.44953408420312985,0.16426568289477883,5.596283486647878,6.431508938146214,4.737772996863618,-0.07872542581793333,-0.12433874599581492,-0.00018203177474854045,0.010070031901711183,0.001618606407828238,0,1,169.36244678564796,0.6688644688644687
11.86,4.74631087053659,-0.07995358274122581,-0.12014152120419708,0.44947389417966954,0.16448140867233763,5.5957937519546785,6.431377897954584,4.7467054183393325,-0.07982623198769459,-0.12106088872214009,-0.00017406640593123392,0.010381319646769516,0.0016279805191800611,0,1,169.40420709311874,0.6688644688644687
11.88,4.755237172812354,-0.08101703952898714,-0.11684948043288473,0.4494988754122076,0.16503745814275209,5.593239698569458,6.436698404266385,4.755641406917376,-0.08089769605205473,-0.11777092546047647,-0.0001660138360894039,0.00872807538002417,0.0018963878606482742,0,1,169.44854261933222,0.7655677655677656
11.9,4.764168096560973,-0.08205116074513737,-0.11353631070084035,0.4494798347349208,0.1661595273926609,5.588787989835153,6.434894610347634,4.7645808786481,-0.08193969977632713,-0.11446918520440921,-0.00015787922577255108,0.00840368773137372,0.0015669508365461216,0,1,169.49022382961792,0.6446886446886447
11.92,4.773098878372444,-0.08305521673173433,-0.11020818246684559,0.44918408848196145,0.16651533252908307,5.584291360778738,6.429554422105395,4.773523748155626,-0.08295212806890895,-0.11115599812521218,-0.00014958208609141605,0.00981034329895425,0.0013945799954173665,0,1,169.526133354419,0.5802197802197802
11.94,4.78202664540311,-0.08402884265901568,-0.10687807195822963,0.448991483313719,0.16665679539776607,5.584138905848698,6.4327316926230145,4.782469928672302,-0.08393486900268586,-0.10783169553883233,-0.00014113524455458367,0.009151672385269273,0.0017986025074314682,0,1,169.56670247491653,0.7333333333333333
11.96,4.790957888152163,-0.08497273115737285,-0.10353906789226353,0.4490554302871307,0.16730030044446334,5.581256584237857,6.433545301795771,4.791419332073727,-0.08488781383593463,-0.10449660987275775,-0.00013258573192526517,0.00846171234710833,0.0016734102631041359,0,1,169.61044193889063,0.684981684981685
11.98,4.799891173434655,-0.08588662887443345,-0.10018674360065286,0.4488866251616353,0.16792098206049674,5.576326926180796,6.430891560974445,4.8003718689144135,-0.08581085703271245,-0.1011510746327764,-0.0001239245330955727,0.010968424251489257,0.0015252553199536223,0,1,169.64899988786436,0.6285714285714284
12.0,4.808822784428163,-0.08677006353646247,-0.0968248241867119,0.44867369814549785,0.16802561592408732,5.57722566324253,6.427959329511689,4.809327448463997,-0.08670389628272189,-0.09779542436962405,-0.00011512629744984517,0.011899733645489644,0.0015430936232684878,0,1,169.6878411343452,0.6205128205128204
12.02,4.817755013299337,-0.08762326225720221,-0.09346732431741454,0.4486154871525318,0.16839617367264806,5.569893259143606,6.433912349638825,4.818285978744016,-0.08756683252064128,-0.09442999464553066,-0.00010624291291398306,0.014047400763520344,0.0019326660725769162,0,1,169.73004087036279,0.7816849816849816
12.040000000000001,4.826689459747779,-0.08844630575213407,-0.09007834661033469,0.4486989891446441,0.17038355017021833,5.570790823018233,6.441142925190829,4.827247366565262,-0.08839956994490998,-0.09105512200066382,-9.727230155268964e-05,0.014048602093426463,0.00201385571232654,0,1,169.77744127998747,0.8058608058608059
12.06,4.835631799251641,-0.0892393769811238,-0.08665988142668572,0.4491292092854655,0.17110569395899092,5.580424962537687,6.44759268567854,4.8362115175656335,-0.0892020160359583,-0.08767114391947621,-8.797693925114816e-05,0.012292861363360259,0.0019301602882166868,0,1,169.83235953042015,0.7816849816849816
12.08,4.844587047342374,-0.09000273048118096,-0.08324136466292664,0.4495125087887202,0.17091491868720549,5.5792323663922545,6.448443886492597,4.84517833624853,-0.08997408157387254,-0.08427839879695571,-7.832113370849302e-05,0.011688470097905825,0.0016469481476554804,0,1,169.88223172769824,0.6769230769230768
12.1,4.85354654435957,-0.09073560369578532,-0.0798197965732776,0.44936689339465774,0.17125505360389695,5.574444713906351,6.44525461707522,4.854147726021743,-0.09071568065548527,-0.08087722590478728,-6.842683169162885e-05,0.010328503628873454,0.001488742701243273,0,1,169.92103459660288,0.6205128205128204
12.120000000000001,4.8625037576259915,-0.0914374177562617,-0.0763910751830666,0.4491479602926533,0.17177580295441797,5.571163738379567,6.4469128426580244,4.863119589236811,-0.09142673071088173,-0.07746796535742553,-5.831451217291684e-05,0.012582901176057818,0.0017331003453591176,0,1,169.9601692096715,0.709157509157509
12.14,4.871461048676497,-0.09210828669977957,-0.07294868652736936,0.4490614580732308,0.172142374427957,5.5711544415291225,6.442816540321208,4.872093827228868,-0.09210715251931338,-0.07405095807808476,-4.794611749267054e-05,0.012121043907181382,0.001482176182765249,0,1,170.00073859070554,0.6043956043956044
12.16,4.880417520150729,-0.09274810481055076,-0.06951086282457128,0.44878554371123075,0.17187246319247249,5.563483939279386,6.437962191670154,4.881070340356934,-0.09275687022450985,-0.07062654576464511,-3.73245534488847e-05,0.010640552880150395,0.0014058526574610153,0,1,170.0363524438427,0.5882783882783882
12.18,4.889368816724789,-0.0933566273155395,-0.06606994441148385,0.44856160419633134,0.17207821254206052,5.567164287746816,6.440074897056828,4.890049028044625,-0.09337581134938075,-0.06719507085548425,-2.6531719366571354e-05,0.013446141019123274,0.0017491526999391938,0,1,170.07710565546645,0.7172161172161171
12.200000000000001,4.898323953799475,-0.09393445742407817,-0.06262992912841284,0.44883437985508023,0.1720826193021714,5.5697775319897485,6.445337063247472,4.899029788821296,-0.09396390681009956,-0.06375687649523325,-1.558180290853612e-05,0.012233637625045962,0.0018702022210675961,0,1,170.12668057198712,0.7575091575091575
12.22,4.90728638177439,-0.09448178749820092,-0.059183514446375665,0.4490115161601587,0.17265028945259367,5.5673481629648505,6.44703742723771,4.908012520363574,-0.09452109092956153,-0.06031230650046358,-4.536578212740402e-06,0.01057146963219744,0.0017127358866766973,0,1,170.17274887359181,0.701098901098901
12.24,4.916251824992996,-0.09499824031679396,-0.05572487521708795,0.4491318738513825,0.17288847454838482,5.575127376441845,6.450123815336971,4.916997119537268,-0.09504730145020836,-0.05686170532530396,6.625955649139858e-06,0.013427006143466232,0.0018514895459489922,0,1,170.22051932168557,0.7413919413919413
12.26,4.92522552096588,-0.09548404984305219,-0.052273291819419955,0.44958226334371915,0.17250858509212627,5.580209679295233,6.457739521427662,4.925983482439645,-0.09554247954621249,-0.053405418026996394,1.7886388128321445e-05,0.013912992648739884,0.0019715695958514856,0,1,170.27465149965542,0.7978021978021977
12.280000000000001,4.934209836365006,-0.09593934458077379,-0.04882185253218347,0.44994893989945467,0.17212935400148466,5.587838368469952,6.454929891312254,4.934971504442034,-0.0960065698350141,-0.0499437902313902,2.911665091993477e-05,0.011791553554933849,0.001843514996073825,0,1,170.3253381478729,0.7333333333333333
12.3,4.943200227982303,-0.09636393027865699,-0.045393887666381756,0.4500824081083368,0.1712264047704038,5.586121413468286,6.459048312873104,4.943961080232777,-0.09643952038820482,-0.04647716809838086,4.015895396310963e-05,0.011302854794602383,0.0018131984507693266,0,1,170.3713196144135,0.7333333333333333
12.32,4.952193913542112,-0.09675778716053043,-0.041960849030003695,0.4501149037416363,0.17210488958845271,5.583189289812691,6.460318790053008,4.952952103860461,-0.09684128274175138,-0.04300589828729252,5.08217746761546e-05,0.012403099876464825,0.0017090764905332567,0,1,170.41482517398444,0.701098901098901
12.34,4.961188735920806,-0.09712068497526419,-0.03850987381416378,0.4502078847480887,0.17319577572130404,5.584015722395402,6.469399151069356,4.961944468777451,-0.09721181190555435,-0.03953032792221358,6.118915221877971e-05,0.012705131729787352,0.0020898541950651883,0,1,170.46252030499278,0.838095238095238
12.36,4.970189837829367,-0.09745261615516991,-0.03503211385989381,0.4503821927369376,0.17446692956249196,5.579529993644102,6.468435839740189,4.970938067883681,-0.09755106637233565,-0.036050804557284245,7.14177952374603e-05,0.010629531840651392,0.0016017786267030765,0,1,170.50807774589111,0.6608058608058607
12.38,4.979189952491467,-0.09775308700421152,-0.03153698058192879,0.45007710489720654,0.17478752968206016,5.5755737888003924,6.461305951045445,4.979932793570696,-0.09785900812585106,-0.032567676141941115,8.167662254100155e-05,0.008996011268268137,0.0013112107916103954,0,1,170.54367312591415,0.556043956043956
12.4,4.988184478240307,-0.09802190502711315,-0.028045190265961348,0.4499664844053405,0.17452151805166974,5.5805384665921345,6.467336120188453,4.988928537765919,-0.09813560264842172,-0.029081290986123737,9.201438471539985e-05,0.0084471063380664,0.0019246361789762578,0,1,170.58773387325417,0.7816849816849816
12.42,4.9971847241948755,-0.09825944461080935,-0.02455222553750746,0.4503206510146037,0.1750001864747441,5.5798427182988855,6.472632315474744,4.997925191977124,-0.09838081892778153,-0.025591997725442076,0.00010238659075608456,0.010835544080475783,0.0018767372158006723,0,1,170.63842224135857,0.7575091575091575
12.44,5.00619003313791,-0.09846558228448249,-0.02104353615335832,0.45042967134272166,0.1755568496958958,5.581967898638137,6.471734984501409,5.006922647337096,-0.09859462946323612,-0.02210014528631447,0.00011282610336460433,0.011955524333177432,0.0015946510526637647,0,1,170.68377811293854,0.6608058608058607
12.46,5.01519785282253,-0.09864014653829647,-0.01753498418766199,0.4506265019924549,0.1756390306031872,5.584855682327055,6.480953871228151,5.015920794648466,-0.09877701027112996,-0.018606082851074644,0.00012338970391636257,0.01282959994958342,0.002073622535050834,0,1,170.7334673588421,0.8300366300366299
12.48,5.024213680240945,-0.0987831792798664,-0.014015050939498192,0.4510710208804196,0.17572712822584047,5.5953410777493895,6.480896382495474,5.024919524428689,-0.09892794088961837,-0.015110159823055037,0.0001340800716608897,0.011531830699564809,0.001967714313694302,0,1,170.78726826206957,0.7816849816849816
12.5,5.033237975113479,-0.0988946366269132,-0.010514100224685194,0.4514224066488934,0.17499431364207602,5.59538043911037,6.488650766666138,5.033918726955142,-0.09904740438274219,-0.011612725791644886,0.00014485224837635673,0.012243230819876012,0.0019774812590725444,0,1,170.8387404455145,0.7978021978021977
12.52,5.042267858194037,-0.09897453759537342,-0.007004476123885228,0.4514208681515879,0.17560437302344675,5.590674793710221,6.480249984077279,5.042918292310346,-0.09913538734380226,-0.008114130497332808,0.00015556680396886896,0.010807114671438476,0.0012445722511335577,0,1,170.87946284792747,0.5238095238095238
12.540000000000001,5.05129180876147,-0.09902270751665715,-0.0034963143540360014,0.45112984945249834,0.17550776949171534,5.590045385475586,6.484323261573099,5.051918110427257,-0.09919187989803227,-0.004614723796732438,0.00016628038111533868,0.009311715800465777,0.0018479189620581593,0,1,170.91884650711592,0.7494505494505493
12.56,5.0603153246333035,-0.09903919234345997,1.9726411965949493e-05,0.4510961953923051,0.17579078452023045,5.587151937521279,6.47724679241427,5.060918071134643,-0.09921687570456826,-0.0011148556275982966,0.00017701127549687423,0.010246500614875257,0.0013404489806346231,0,1,170.95933005162036,0.5479853479853478
12.58,5.069333617631337,-0.09902397111706802,0.003530970017199201,0.45076848338352604,0.17562934708922098,5.582274010259314,6.476880394193753,5.06991806420249,-0.09921037195771344,0.0023851240261695615,0.00018779428668275894,0.010079798610561613,0.0016279702340533664,0,1,170.99587278417263,0.6688644688644687
12.6,5.078347042588597,-0.09897708931568074,0.0070490267476632975,0.45056512758565515,0.17588051743426522,5.581127542794736,6.471664191027527,5.078917979387443,-0.0991723693874982,0.005884865169522399,0.00019863655708133798,0.010683395950519042,0.0014367364364604174,0,1,171.03411526223263,0.5882783882783882
12.620000000000001,5.087356416959178,-0.09889854445733713,0.010560129885817754,0.4505378271736739,0.17518257826155986,5.587453975249034,6.474153328939999,5.087917706478249,-0.09910287225953425,0.009384017831262633,0.00020958587928316582,0.009761892989357899,0.0018059108397000534,0,1,171.07877397283795,0.7172161172161171
12.64,5.096369479510694,-0.09878837641634566,0.014058080053119738,0.45074572500548,0.17485028087905238,5.58525819848464,6.474755764295627,5.096917135341202,-0.09900188837416377,0.01288223209903942,0.00022054907609316815,0.011423094885312152,0.001639403949672047,0,1,171.1251361725311,0.6769230769230768
12.66,5.105381535945079,-0.09864669502581896,0.01755747947873281,0.4503886283666206,0.1747738244727837,5.577393501089952,6.461031170968522,5.10591615596552,-0.0988694290649032,0.01637915815434146,0.00023146039690136083,0.010849183594674822,0.0011229108649546404,0,1,171.1580246113086,0.4673992673992673
12.68,5.114380251960766,-0.09847376597739652,0.021045455059243393,0.4497655047752283,0.17441388452931472,5.571590301616432,6.460609571887349,5.114914658508702,-0.09870550919618329,0.01987444630747732,0.0002423177867976413,0.009767267052111162,0.001641575055753075,0,1,171.1900355350616,0.6769230769230768
12.700000000000001,5.1233713577193,-0.09826958959683685,0.0245424151902924,0.4495565799355242,0.17537613046702197,5.565531969427832,6.460324428967496,5.123912533341788,-0.09851014716038636,0.02336774703254472,0.0002531367922948503,0.011048341644948584,0.001646287448303807,0,1,171.22849449513646,0.6769230769230768
12.72,5.132357413219699,-0.09803400015006043,0.028056937083925544,0.4494185074008895,0.17537766777360397,5.572157343387151,6.454791109231264,5.132909671094537,-0.09828336487418239,0.02685871100238162,0.0002641059362093324,0.010371130410430866,0.0018150502301315652,0,1,171.2695988893663,0.7252747252747253
12.74,5.1413422616743585,-0.09776691588593561,0.031547350321007125,0.4494414664594812,0.17416209271880578,5.5699414835012835,6.455955211809887,5.1419059627004655,-0.09802518777416606,0.03034698912350046,0.0002752569742665589,0.010919426960847732,0.0016643768096872846,0,1,171.31270219412664,0.684981684981685
12.76,5.150325818857483,-0.0974685253170735,0.035032983025916675,0.44944548769013387,0.1740285851359853,5.57475649984082,6.453760813842926,5.150901299441785,-0.09773564481179732,0.03383223257099603,0.0002864327130809763,0.010480972235286958,0.001726680973764827,0,1,171.35628598370127,0.693040293040293
12.780000000000001,5.159309714712509,-0.09713882172314733,0.03850348241513631,0.44954432876175665,0.17333672423505064,5.574516245260828,6.456073809347784,5.159895572994154,-0.09741476844764829,0.03731409282342824,0.0002976103384611179,0.010708347703807405,0.0017272293346675682,0,1,171.4013387591591,0.709157509157509
12.8,5.168294185673247,-0.09677788963577898,0.04197379420721001,0.44965494500499475,0.17374007166932648,5.575508685227052,6.459577631776925,5.168888675471268,-0.09706259464495948,0.04079222169767277,0.0003087120013833868,0.012992260837179304,0.0018027637611026104,0,1,171.44737481599608,0.7333333333333333
12.82,5.177279830551413,-0.09638563812923838,0.04545016013347884,0.44966463400130285,0.17330136888019718,5.578158471959687,6.449876453052641,5.177880499469251,-0.09667916286250956,0.04426627138374094,0.00031981788948309223,0.010901924238122841,0.0016245114829110952,0,1,171.48905234656553,0.6527472527472528
12.84,5.186260696247286,-0.0959624122316625,0.04889839544785875,0.44947209883418526,0.17202561064123412,5.576156013443058,6.451225002973923,5.186870938110834,-0.09626451604680189,0.04773589447955917,0.0003308790552887917,0.009538942425574787,0.0016849103670244503,0,1,171.52868630461822,0.693040293040293
12.86,5.195238533676648,-0.09550834115059949,0.05234274823493696,0.44945193194569627,0.17237369180978804,5.57515027107953,6.451160578750899,5.195859885089294,-0.0958187006235729,0.051200744025709226,0.00034175251209400486,0.010258059910514155,0.0016341100167614475,0,1,171.57108238997526,0.6688644688644687
12.88,5.204214328226432,-0.09502335025371894,0.055790259317764754,0.44949003984065367,0.1719916885964278,5.581633565813475,6.449334297214513,5.204847234712135,-0.09534176648862658,0.05466047354012416,0.00035251842034776556,0.010060736098745878,0.0018108984286782648,0,1,171.6157096817686,0.7252747252747253
12.9,5.213190605024444,-0.09450736346872583,0.059217838095809605,0.44952273479962546,0.17105732814180863,5.577906621341344,6.4467916904257105,5.213832881944507,-0.0948337669980007,0.05811473705273502,0.00036315724705269034,0.009463262709753993,0.0014857496353591904,0,1,171.65777866139018,0.6205128205128204
12.92,5.222162269039331,-0.09396082641437624,0.06263946585298341,0.4493577745257015,0.1710733682423787,5.578037671253428,6.446460515301841,5.22281672245232,-0.09429475895746978,0.0615631891400694,0.00037356473027002805,0.009751916471051947,0.0016228241558846057,0,1,171.69786977165364,0.6688644688644687
12.94,5.231131076511213,-0.09338365655012344,0.06605991230926611,0.44939731717243386,0.17094393178282646,5.579749943083107,6.447081270099686,5.2317986526450575,-0.09372480261139081,0.06500548495979225,0.0003837910759010497,0.011444478725938016,0.0016544310463055267,0,1,171.74190843251995,0.6769230769230768
12.96,5.240099314312864,-0.09277572747385805,0.06947633542769113,0.4494987910564466,0.17052411869406575,5.583879263628811,6.446344110639091,5.240778569718238,-0.09312396163089824,0.06844128028519048,0.0003938716985687582,0.011710478728007023,0.0016917362675866743,0,1,171.7872327940332,0.6769230769230768
12.98,5.249067902571847,-0.09213703853861216,0.07287949619193389,0.44965617573452266,0.17000332993725165,5.585832117778895,6.449841428252695,5.249756371695557,-0.09249230310145452,0.07187023153959411,0.0004037852775330627,0.010335096588132581,0.0017812986963516297,0,1,171.8341090571284,0.7252747252747253
13.0,5.258037860735871,-0.09146758089096607,0.07628141861572091,0.4498090090766878,0.17019038659061622,5.586259205078343,6.451098442193187,5.258731957470633,-0.09182989750976271,0.07529199583073543,0.00041350070482953216,0.008513985616029528,0.0016872006355841407,0,1,171.8801358685854,0.693040293040293
13.02,5.267007280081905,-0.09076745826150046,0.07968627900582967,0.4498622647685303,0.17020442492459245,5.587655622718369,6.450967499968718,5.26761101145372,-0.09114414698822582,0.07870623098503679,0.0004229909744329718,0.007177357875549132,0.0016214569934510092,0,1,171.9242416491239,0.6688644688644687
13.040000000000001,5.275974073876144,-0.09003682611677286,0.08308793273406871,0.4495497848812335,0.16992622227935325,5.576219684294654,6.437817498523699,5.276308258250312,-0.09044259514664064,0.08211259558182828,0.0004318117741763744,0.011818917661334135,0.001000545274966791,0,1,171.9573658690889,0.43516483516483506
13.06,5.284921374336555,-0.0892771720640776,0.08648018134212584,0.44793142217816845,0.16868356142378588,5.548428435864194,6.393917110556795,5.284823701195946,-0.0897265423521155,0.0855107489874882,0.0004393864427245065,0.013385382231849274,0.0004375155569281697,0,1,171.96881539226214,0.14505494505494504
13.08,5.293817812017155,-0.0884916041936828,0.0898308932927804,0.44485265050684614,0.16720693910140733,5.496803149560672,6.3502916127200555,5.293157350481184,-0.08899728724245601,0.08890035138950808,0.0004450481363118637,0.014379904825570692,0.0008230958605283667,0,1,171.96920751256246,0.2498168498168498
13.1,5.302643010285094,-0.08768254753156725,0.0931846784575069,0.4411259281834491,0.16792765224927825,5.4450748622159795,6.297437794338756,5.301309223105049,-0.0882561264440557,0.09228106383047242,0.00044822972274240344,0.01373036094820523,0.0008390595898877806,0,1,171.96920751256246,0.25787545787545785
13.120000000000001,5.3113864264095465,-0.08685138545426763,0.096540282738491,0.43654617111972943,0.1672349183303437,5.374564604556552,6.216949814913341,5.309279342824045,-0.08750435429087851,0.09565254824195464,0.0004487432595359773,0.01240284169675649,0.002049569483994207,0,1,171.9723037213581,0.684981684981685
13.14,5.32001911533774,-0.0860016154684689,0.09986996631667075,0.4303134952317275,0.16604718183991354,5.2805882682780005,6.123441474042018,5.317067740096873,-0.08674326254461152,0.09901446747832253,0.00044626295505452733,0.01339081220767101,0.0027204105612939067,0,1,171.98954421867293,0.9509157509157509
13.16,5.328512898038272,-0.08513701655998634,0.10319149074608125,0.4229385733778183,0.16637954020227924,5.172798742875727,6.021874756885686,5.324674452024823,-0.08597414011606605,0.1023664853504544,0.00044049897429884456,0.01351503581446469,0.0033665550237056974,0,1,172.02621237078495,1.1926739926739927
13.18,5.336849719979705,-0.08426035988473664,0.106527924283187,0.41480881492111266,0.16694974547089458,5.06033390782363,5.9063970198950315,5.332099522287906,-0.0851982727879029,0.10570826665935631,0.0004314770264534333,0.012983969872491332,0.0035633201948704896,0,1,172.08118545443168,1.2652014652014654
13.200000000000001,5.345015296136771,-0.08337415083316332,0.1098630035718794,0.4059691935466238,0.16660580289812724,4.936884927111278,5.782285863306233,5.339343001076811,-0.08441694293875787,0.10903947722968253,0.0004193198629048005,0.01300756768702192,0.004047721462633824,0,1,172.15727262667838,1.4505494505494505
13.22,5.352995775199699,-0.08248111603808386,0.11319336093231083,0.3965574265425184,0.1663592017328913,4.810298122462937,5.653390337616045,5.346404945020691,-0.08363142926884136,0.11235978394315141,0.0004040726308205515,0.013730628488140332,0.004176819028548773,0,1,172.25039606869552,1.4989010989010987
13.24,5.36078310209072,-0.08158345561682967,0.11651461562936169,0.3866926579231641,0.1653851299980971,4.67785580680809,5.510061944717284,5.353285417110864,-0.08284300652708483,0.11566885477185881,0.0003858182884715635,0.011440664036898914,0.004861186769006265,0,1,172.364449549881,1.7326007326007324
13.26,5.368363647083839,-0.08068421850170475,0.11980503496556232,0.3759253010324479,0.1639213499771314,4.526219649448727,5.3568388827886775,5.359984486620469,-0.08205294523990629,0.11896635881147943,0.00036456386605014787,0.012065794954707644,0.005313770828138442,0,1,172.51885858468606,1.9260073260073256
13.280000000000001,5.375718085432705,-0.07978733214761816,0.1230790233635515,0.3643847636250736,0.163429171489268,4.372391077435514,5.200107469487427,5.366502229020153,-0.08126251144166471,0.12225196631435749,0.00034031709041359103,0.010893925849177099,0.005428245996477565,0,1,172.7026548559304,1.9582417582417582
13.3,5.382838562125045,-0.07889534874379374,0.12634192750947532,0.3525364469570888,0.16277665639158106,4.211831727273479,5.035304613419664,5.372838725889838,-0.08047296640687242,0.1255253487224801,0.00031326586209361965,0.009917402588591384,0.005816165665014361,0,1,172.90724688061925,2.0952380952380953
13.32,5.38971621927281,-0.07801103192969025,0.1295911770397083,0.3402971584853566,0.16239081286057536,4.046879449298708,4.872950612003822,5.378994064826627,-0.07968556638423334,0.12878617870033462,0.0002836155055464362,0.008718565750894244,0.005926945344444157,0,1,173.12989691823776,2.1597069597069596
13.34,5.396346897751236,-0.07713656870880002,0.13284091566603126,0.3277087240262893,0.162228491856464,3.8750830544840045,4.6942554136337336,5.384968339348947,-0.07890156233257278,0.13203413016764054,0.0002516346234113123,0.011949091086291127,0.006462981456487438,0,1,173.38214413153017,2.3450549450549447
13.36,5.4027180324146045,-0.07627530308408857,0.13607648819670007,0.3146568768116853,0.16177852017909242,3.7009849577283793,4.526122848116693,5.390761648796944,-0.0781221996587234,0.13526887833195775,0.00021762647859836543,0.013162431738225532,0.006345086148029311,0,1,173.65141752473346,2.3128205128205126
13.38,5.408830419427915,-0.07542886267998421,0.13931672463508996,0.30168003242889957,0.16135707626686022,3.5325790621629563,4.340345660423684,5.396374098229264,-0.07734871795743077,0.13849009972116577,0.00018190564960262104,0.01609655139674752,0.006811952387826781,0,1,173.92828846632278,2.4739926739926736
13.4,5.414679170476211,-0.07459969712557736,0.14252022364883668,0.2884490432461402,0.15992872574875563,3.3524621521515465,4.170556634152971,5.401805798316227,-0.07658235075333975,0.1416974722158094,0.00014475663827911772,0.013833977285944475,0.006627923942510605,0,1,174.21682942924068,2.4256410256410255
13.42,5.4202645108760565,-0.07378962398715694,0.14573129910333718,0.275187206357904,0.16072247306046905,3.1742010189054857,3.987766234643079,5.407056865229533,-0.07582432524512155,0.1448906750813123,0.0001064050141027994,0.014354180629623839,0.0066420086411622115,0,1,174.51676630088105,2.4256410256410255
13.44,5.425582147341604,-0.07300093188421605,0.14893822875875337,0.2619502755147904,0.15972771163664704,3.0091125745650777,3.8141381145770783,5.412127420528525,-0.07507586205179981,0.14806938900004887,6.726439239173806e-05,0.016577339102258736,0.0062381821324724585,0,1,174.8057041120957,2.2805860805860805
13.46,5.430641636301217,-0.07223399856428729,0.15211988651942837,0.24886341447913116,0.15881057219564657,2.823129324583866,3.630824868236393,5.417017591043106,-0.07433817496133244,0.1512332961032765,2.759524359641566e-05,0.020594251700994753,0.006954706418168366,0,1,175.11095203624774,2.562637362637362
13.48,5.435430796991078,-0.07149247220337807,0.15529730862385716,0.23535130117469133,0.15852871594476486,2.656050669054705,3.4555173843851197,5.421727508753405,-0.07361247068150384,0.1543820800029208,-1.2363794346995777e-05,0.017903232228097192,0.006307953375312647,0,1,175.42153783675755,2.3128205128205126
13.5,5.439960693695519,-0.07077637634072059,0.15845436962660644,0.22274375795586998,0.15715794922387535,2.4945300130743444,3.2878612856219824,5.426257310666258,-0.07289994859318114,0.15751542582321615,-5.229692221323315e-05,0.016695924304674738,0.006014171886757624,0,1,175.68858648278106,2.2080586080586078
13.52,5.444242544837154,-0.07008568534624549,0.16158702720016888,0.2102495297837017,0.15628839265829617,2.3240665906578686,3.1168391912795395,5.430607138688569,-0.07220180050598521,0.1606330202321916,-9.201647043798142e-05,0.018726808027299213,0.006249740879285315,0,1,175.96144134228442,2.3128205128205126
13.540000000000001,5.44827192063857,-0.06942279098380423,0.16470909878601636,0.19758068978805865,0.15555850324729897,2.163348784249961,2.946733588346696,5.434777139497701,-0.071519210416427,0.1637345514730045,-0.0001313217707450457,0.02551512765990838,0.006131786279043289,0,1,176.2384870678025,2.264468864468864
13.56,5.4520536589478095,-0.06878854689483425,0.1678071406696131,0.18537887050050111,0.154791582981721,2.0012626054404703,2.7910022936198686,5.4387674644088895,-0.07085335426855636,0.1668197093951148,-0.00016999007769508958,0.023951005667813236,0.0058737743259388575,0,1,176.49255158281306,2.1838827838827837
13.58,5.455596842559102,-0.06818302282514142,0.170909332133355,0.17347789890431384,0.15484101064212635,1.847191299834927,2.626918478132131,5.442578269239857,-0.07020539971716998,0.16988818548530157,-0.00020781601752231735,0.023078666626319154,0.005878805066408033,0,1,176.73786354772986,2.1758241758241756
13.6,5.4589038879261915,-0.06760731644857573,0.1739909655360618,0.16172495814253895,0.15345946019491688,1.6960661043050411,2.4723017878588602,5.446209714172664,-0.06957650589362228,0.17293967289851284,-0.0002445842143858014,0.02092333355086915,0.0054596214901586615,0,1,176.97345926632198,2.03076923076923
13.620000000000001,5.461982416276452,-0.0670616464919336,0.1770525894189667,0.15048665688768886,0.1526154648405349,1.5530171086687077,2.324217767374494,5.449661963612898,-0.06896782317428214,0.17597386648855046,-0.00028016659696765856,0.019471614641937668,0.005167262654303423,0,1,177.18496611262165,1.9260073260073256
13.64,5.464842407940388,-0.06654570351775178,0.18009455172525482,0.13954038381408812,0.15131974992877745,1.4104846845756251,2.171644829412776,5.452935186046315,-0.06838049295167592,0.17899046283858333,-0.00031444049397824875,0.021848871813463643,0.005417774094597649,0,1,177.39069269472864,2.0146520146520146
13.66,5.467484359075718,-0.06606083593998621,0.18310531404378488,0.12860507128825813,0.1501514811137727,1.2666310936417262,2.029775678156467,5.456029553892998,-0.06781564740835506,0.18198916029149054,-0.0003473302694395892,0.02281472639049662,0.0050789578535118535,0,1,177.59406722278823,1.9098901098901095
13.68,5.469914311166846,-0.06560732431730172,0.18610909994328828,0.11830964283280793,0.15000237079979228,1.1402249209716502,1.898806553856358,5.45894524335914,-0.0672744092935263,0.18496965898002576,-0.0003787473051917623,0.020702665337605484,0.004399601745541604,0,1,177.76524521474016,1.652014652014652
13.700000000000001,5.472149144505026,-0.06518328788374479,0.18910158522827986,0.10856146411655276,0.1492169958529601,1.0081199667421497,1.7628845650905778,5.461682434286552,-0.0667578917024781,0.1879316608568041,-0.00040858860225924084,0.019682172714109276,0.004696350946821859,0,1,177.92586031736036,1.7648351648351646
13.72,5.474187894005935,-0.06479015294567385,0.19207798963698533,0.09870011408083962,0.14825160799183026,0.8845864998587786,1.6322203219812113,5.464241310000003,-0.06626719785883751,0.19087486972410567,-0.00043682575331664415,0.022844232907757698,0.0044513954506965325,0,1,178.08653918136767,1.676190476190476
13.74,5.476037731288542,-0.06442775394086728,0.1950300312614638,0.08951568766202468,0.14684789110943658,0.7723081251283511,1.5121219383188351,5.466622057152448,-0.06580342089968828,0.19379899126349673,-0.0004634332210580242,0.0225350926931148,0.004007641598905001,0,1,178.22059319017538,1.515018315018315
13.76,5.477712815796956,-0.06409447822116024,0.19795220911232786,0.08074935411412015,0.14524947827856613,0.6566437577659497,1.3875506010188359,5.468824865568298,-0.06536764366357976,0.19670373306526004,-0.0004884266453133526,0.021049899499069127,0.004280459910635026,0,1,178.34888074906212,1.6117216117216118
13.780000000000001,5.479212221259407,-0.06379162763368407,0.2008422251342761,0.07177787115168666,0.14398438474924796,0.5376315260799751,1.2672775016284255,5.470849928084796,-0.06496093848145401,0.19958880465763632,-0.0005118631469928437,0.02784790191532479,0.00409847359333141,0,1,178.48605194133182,1.5633699633699631
13.8,5.48053662958879,-0.06352015213092378,0.20371653493852043,0.06317192343808556,0.1430564443325501,0.43449414728921354,1.1534390973874198,5.472697440391616,-0.06458436697051664,0.20245391753587003,-0.0005337756017654879,0.030607696191221924,0.0038447155572135933,0,1,178.60855105602906,1.4505494505494505
13.82,5.4816988796741555,-0.06327845000530348,0.20656056404197917,0.05507936622152766,0.1415430636934016,0.32561969509348726,1.0415895863074203,5.4743676008687725,-0.06423897983107567,0.2052987851910612,-0.0005541933365891271,0.02709951578128388,0.003853329350217455,0,1,178.72309875920527,1.4586080586080585
13.84,5.482701224315557,-0.06306704258551052,0.20938498342216416,0.04707937089187481,0.14092910142039386,0.223504889767964,0.9374251510244729,5.475860610422968,-0.06392581664636975,0.208123123138815,-0.0005731921544508801,0.032140093454624985,0.003549013834914183,0,1,178.83513063663636,1.3538461538461537
13.86,5.483551670937607,-0.06288517002353151,0.21219756695461203,0.039532218269503615,0.13991034123814647,0.12854530735316283,0.8309134134157499,5.4771766723224475,-0.06364590568540623,0.2109266489476903,-0.0005908328821721148,0.037597520264155346,0.003796677098570213,0,1,178.9399604661248,1.4263736263736264
13.88,5.484255571652352,-0.06273258101631256,0.21497746294178033,0.032117471883394325,0.13835431067408768,0.0292847969644978,0.729868166095042,5.478315992030495,-0.06340026370882702,0.21370908226744267,-0.0006072084337855468,0.03312874625874885,0.003664678454342832,0,1,179.04804234391761,1.3780219780219778
13.9,5.48481538221421,-0.06260960906416407,0.21773942564990584,0.024959865184894552,0.13774497962478843,-0.06104764662695809,0.6352960443800728,5.479278777037666,-0.063189895777819,0.21647014485705837,-0.0006224276043317266,0.0419795830830808,0.0034842079850988944,0,1,179.1519226670724,1.3054945054945055
13.92,5.485240780711197,-0.06251493875412797,0.2204866299440734,0.018379656186917104,0.13692552486585377,-0.1448399706405234,0.5472506123116422,5.480065236692844,-0.06301579506608311,0.21920956061257954,-0.0006365936755485377,0.037221890016337536,0.003351709988056159,0,1,179.24518660909487,1.249084249084249
13.94,5.485541999960022,-0.06244704402884779,0.22321659235937052,0.012262587425549065,0.1359182021035349,-0.22176003016015655,0.4634012301764046,5.480675582033253,-0.06287894267487557,0.22192705559471348,-0.0006498400263515376,0.03989261418954056,0.0033319535619903556,0,1,179.33187967281918,1.2329670329670328
13.96,5.485725746505947,-0.06240511318057884,0.225922829062313,0.005998795550848669,0.1346976563497854,-0.31407123246573454,0.36582945643248066,5.4811100256135195,-0.06278030745113183,0.2246223580562268,-0.0006623287202603527,0.03984965662233967,0.004154141024871844,0,1,179.44227773293088,1.5311355311355312
13.98,5.485778609613897,-0.06239292298331066,0.22860463203335088,-0.0007967279950664358,0.13301386226792178,-0.39484212741833735,0.2697573811501438,5.481368781333874,-0.0627208458086825,0.22729519846911891,-0.0006742359810939884,0.04567001903129983,0.004244102249577917,0,1,179.57181419387268,1.5553113553113553
14.0,5.4857043634260645,-0.06241032466223364,0.2312409846054889,-0.007086185822641736,0.1311264809415151,-0.4787573038852559,0.1866366032251614,5.481452064267636,-0.06270150155256916,0.22981334791940028,-0.0006851342766149621,0.04055610099647331,0.0039065805898645875,0,1,179.69434852721244,1.4344322344322342
14.02,5.485511402810448,-0.06245603741478096,0.23385447302782056,-0.012864476898812632,0.12857147056829052,-0.5314085168253824,0.09424103100896161,5.481452064267636,-0.06270150155256916,0.22981334791940028,-0.0006856895775431789,0.047058636583263036,0.004496025183490446,0,1,179.80759196780357,1.6197802197802196
14.040000000000001,5.485213609411203,-0.06252737518239518,0.23635233127589023,-0.017889329470932344,0.11976831592795029,-0.5637531375933078,-0.0010915688293353532,5.481452064267636,-0.06270150155256916,0.22981334791940028,-0.0006873157184869511,0.052032863420627906,0.0049485182175783606,0,1,179.91371169864146,1.7728937728937728
14.06,5.48482505885477,-0.06262142926562299,0.2386307271953287,-0.021955959481632762,0.10683332654675454,-0.5682372391321504,-0.08239718909586173,5.481452064267636,-0.06270150155256916,0.22981334791940028,-0.0006903868411542552,0.04503288675253046,0.0045221617444402284,0,1,180.00547934152308,1.6117216117216118
14.08,5.484370617278337,-0.06273245793203175,0.24062549834161398,-0.024992563645469246,0.0918656293657719,-0.5708233840476564,-0.16245154086866387,5.481452064267636,-0.06270150155256916,0.22981334791940028,-0.0006949765705826862,0.04830625592795537,0.0046457714991772064,0,1,180.08658249481255,1.652014652014652
14.1,5.4838588789939235,-0.06285848598701191,0.2423181086895853,-0.027571540156770862,0.07670212388541751,-0.5573708833742519,-0.2256762897369249,5.481452064267636,-0.06270150155256916,0.22981334791940028,-0.0007011193901744787,0.04091331173112908,0.003927585111727833,0,1,180.15698387670258,1.386080586080586
14.120000000000001,5.483307693446083,-0.0629951304408898,0.2437086094573625,-0.029317849585280897,0.061713322285528546,-0.5436126247634107,-0.28684993816750753,5.481452064267636,-0.06270150155256916,0.22981334791940028,-0.0007086135719349311,0.040954475183952274,0.0039214270115325925,0,1,180.21561280507447,1.386080586080586
14.14,5.482723953211652,-0.06314061822390865,0.24480454192775444,-0.030715015986410202,0.04766895060485857,-0.5231681890938883,-0.3298427808369902,5.481452064267636,-0.06270150155256916,0.22981334791940028,-0.0007173027619429658,0.048170325989658425,0.0030802931912871923,0,1,180.26252097787557,1.0798534798534798
14.16,5.48212148590397,-0.06329139118561142,0.2456362920566374,-0.03136619453483717,0.03473378668237507,-0.4951442045486421,-0.3701775720312082,5.481452064267636,-0.06270150155256916,0.22981334791940028,-0.0007268722293258666,0.046907469019585035,0.0029965428371547115,0,1,180.29873295997203,1.0476190476190477
14.18,5.481509562833501,-0.06344498962541005,0.2462028170276904,-0.03168544210982459,0.021143484975573265,-0.46124160976391754,-0.4074882903291879,5.481452064267636,-0.06270150155256916,0.22981334791940028,-0.0007370389070785606,0.04335927848337422,0.0028934418102234197,0,1,180.33482998597694,1.0073260073260073
14.200000000000001,5.480894495534613,-0.06359966212295547,0.2464948757241327,-0.03168201827211708,0.007807176776753566,-0.4281708779982703,-0.43527918993162723,5.481452064267636,-0.06270150155256916,0.22981334791940028,-0.0007475351624774899,0.038222494090455014,0.002447284560338138,0,1,180.3660959402413,0.8461538461538461
14.22,5.48028285247995,-0.06375358434334305,0.24653689056426817,-0.031243992808875236,-0.0038748400832895446,-0.39011885637759547,-0.45128323325103814,5.481452064267636,-0.06270150155256916,0.22981334791940028,-0.000758080894700896,0.034789405096781766,0.001866030069127611,0,1,180.38877923157497,0.6366300366300366
14.24,5.479684843542478,-0.06390403439326181,0.24635764255146284,-0.030398412385286535,-0.014440915116221191,-0.35303743869218585,-0.4655908742055875,5.481452064267636,-0.06270150155256916,0.22981334791940028,-0.0007683515379277013,0.031725327051377185,0.0017771293080504971,0,1,180.40696591106808,0.6043956043956044
14.26,5.4791033355261165,-0.0640501615688187,0.2459724672643774,-0.029463750801370415,-0.02450027402060132,-0.313104830215775,-0.47541575356542776,5.481452064267636,-0.06270150155256916,0.22981334791940028,-0.0007781718000223341,0.030318803423276107,0.0015373786521224106,0,1,180.42352197767147,0.5157509157509157
14.280000000000001,5.4785421621660735,-0.06419089328010745,0.24539100159686433,-0.028360984138369034,-0.03373330379510198,-0.27827976556367057,-0.4809643881964161,5.481452064267636,-0.06270150155256916,0.22981334791940028,-0.0007873705993269767,0.034786619964393244,0.0013020172552928033,0,1,180.43697078777942,0.43516483516483506
14.3,5.47800213275023,-0.064325941542002,0.24463908600066273,-0.02720485798354779,-0.04189716091747551,-0.23959902970147356,-0.48419532115365166,5.481452064267636,-0.06270150155256916,0.22981334791940028,-0.0007958518745188295,0.04073840425848595,0.0012744701816169261,0,1,180.4483229334536,0.4835164835164835
14.32,5.477486734439119,-0.06445437660734658,0.24372279351151904,-0.025798855883242093,-0.050164930089115586,-0.19730900981904986,-0.4842197087450042,5.481452064267636,-0.06270150155256916,0.22981334791940028,-0.0008035046829519944,0.046896783987261534,0.001469343429881394,0,1,180.46046354017088,0.556043956043956
14.34,5.477000343687648,-0.06457507024931851,0.2426457081232415,-0.024270746649179536,-0.05688243527452823,-0.16894051560471302,-0.4723863465701161,5.481452064267636,-0.06270150155256916,0.22981334791940028,-0.0008102273980649562,0.052417641006192964,0.000792545276665696,0,1,180.46820024517714,0.3142857142857142
14.36,5.476542959129901,-0.06468801887398573,0.24147042303893781,-0.02273082690762275,-0.06137304651084286,-0.13067054570537437,-0.46539359464618846,5.481452064267636,-0.06270150155256916,0.22981334791940028,-0.000816016209263823,0.04851329873461525,0.0012696571426595287,0,1,180.47383793163436,0.4835164835164835
14.38,5.47611684759288,-0.06479269240919006,0.2401886735039928,-0.021105490947725677,-0.0666957578644503,-0.09935365154990175,-0.4543984140928025,5.481452064267636,-0.06270150155256916,0.22981334791940028,-0.0008208713541856451,0.04347235094412677,0.000981773087237488,0,1,180.48006210614457,0.37875457875457874
14.4,5.475720902513469,-0.06488939875054876,0.2388178332378371,-0.019621730409586965,-0.0700953165843763,-0.07585623308167441,-0.43969421211334353,5.481452064267636,-0.06270150155256916,0.22981334791940028,-0.0008248405631317596,0.04423805682269584,0.000614402777429887,0,1,180.48321053361653,0.2498168498168498
14.42,5.475352565465166,-0.06497881715676294,0.23739802368205035,-0.018185142162940045,-0.07188260449695803,-0.051540354149554816,-0.42246539655666077,5.481452064267636,-0.06270150155256916,0.22981334791940028,-0.0008280024375976855,0.0394551147220628,0.0006619207473014077,0,1,180.4852465077283,0.2659340659340659
14.44,5.475012999730859,-0.06506073549612837,0.23594607728491687,-0.01672050524491769,-0.07357408226604231,-0.02740594947221542,-0.4094881666045242,5.481452064267636,-0.06270150155256916,0.22981334791940028,-0.0008304154139847019,0.032918079249440235,0.0006859834039534946,0,1,180.48753551480704,0.2739926739926739
14.46,5.474700788616544,-0.06513556966270101,0.2344572030376593,-0.01521714622060304,-0.07488850992428633,-0.004463873420508598,-0.3842046421100706,5.481452064267636,-0.06270150155256916,0.22981334791940028,-0.0008321617351295877,0.02885323335786679,0.0006535388284504923,0,1,180.49050200504425,0.2659340659340659
14.48,5.474420750440767,-0.06520225067809504,0.23296291796312288,-0.013610445430295147,-0.07437084585874482,0.010552844969171235,-0.3634867231497595,5.481452064267636,-0.06270150155256916,0.22981334791940028,-0.0008332981198762314,0.03627364268745639,0.00047940190722470244,0,1,180.49315693595935,0.18534798534798533
14.5,5.474167710667486,-0.06526210493150288,0.23148612129372104,-0.01231082945135705,-0.07317401916147041,0.025094409575015974,-0.34100331886569774,5.481452064267636,-0.06270150155256916,0.22981334791940028,-0.0008339373477389324,0.036173204382809465,0.0006386441771090989,0,1,180.49498613045168,0.24175824175824176
14.52,5.473940738243076,-0.06531544293025132,0.23003832012584202,-0.010920818691342492,-0.07133557100371889,0.038360484004466955,-0.3148064101649116,5.481452064267636,-0.06270150155256916,0.22981334791940028,-0.0008341696723852753,0.03247463136020868,0.000864096419680712,0,1,180.49783549858597,0.32234432234432236
14.540000000000001,5.473740822090911,-0.06536212179795817,0.22863650387204473,-0.009675893008217196,-0.06848588377323903,0.041526577743640714,-0.292884692709825,5.481452064267636,-0.06270150155256916,0.22981334791940028,-0.0008340812463800266,0.04016049932850638,0.0007218589718957363,0,1,180.50068762826837,0.2659340659340659
14.56,5.473560869334287,-0.06540387856303383,0.22730009377426186,-0.008667810776088003,-0.06518231791271198,0.05128996457451168,-0.26918305786164787,5.481452064267636,-0.06270150155256916,0.22981334791940028,-0.0008337477023986069,0.03763202600093432,0.0008637218398796914,0,1,180.50340279992324,0.32234432234432236
14.58,5.473402861160308,-0.06544032609515946,0.2260239108853465,-0.007628233830158183,-0.06221127072082929,0.0524560457521347,-0.2511440322879611,5.481452064267636,-0.06270150155256916,0.22981334791940028,-0.0008332433942591581,0.04521303926272015,0.0006125728455186677,0,1,180.50582923160093,0.22564102564102562
14.6,5.473260688501315,-0.06547293371029513,0.22481408614160728,-0.006841575099386875,-0.05802807764333911,0.0505248424863705,-0.22195667737416933,5.481452064267636,-0.06270150155256916,0.22981334791940028,-0.0008326073881852075,0.04704027462597638,0.001220159048558607,0,1,180.50986897746708,0.4432234432234432
14.620000000000001,5.473136803930917,-0.06550119585769995,0.22370722239933322,-0.005806332932630377,-0.0528672707688344,0.05576175291542773,-0.1980971672337155,5.481452064267636,-0.06270150155256916,0.22981334791940028,-0.0008319061108298463,0.03952000552013805,0.0009938268361802515,0,1,180.5150607811667,0.3626373626373626
14.64,5.473033052132648,-0.06552474912091594,0.22268897824046957,-0.004849543637997383,-0.048328715324052814,0.05135512856426028,-0.17199465550969814,5.481452064267636,-0.06270150155256916,0.22981334791940028,-0.0008312059114722863,0.03776914065351378,0.0011324003863400593,0,1,180.51995105301648,0.4109890109890109
14.66,5.472945257576331,-0.065544589965717,0.22177773476758306,-0.004186071815131239,-0.042606427589447216,0.0440665675724437,-0.1513667907892604,5.481452064267636,-0.06270150155256916,0.22981334791940028,-0.0008305258895707334,0.040555972320646075,0.0009287837479316791,0,1,180.525230949561,0.3384615384615384
14.68,5.4728683129349545,-0.06556190926156714,0.22097650555272216,-0.003598465717589754,-0.03756540675482779,0.04443994019107096,-0.1303284907111963,5.481452064267636,-0.06270150155256916,0.22981334791940028,-0.0008298621778029232,0.04622779927912326,0.0009612561976673137,0,1,180.52943377379427,0.3465201465201465
14.700000000000001,5.472805251520231,-0.06557605375255096,0.22026778311646164,-0.002896838039333786,-0.032603262731919665,0.03498892506408991,-0.1063423606198845,5.481452064267636,-0.06270150155256916,0.22981334791940028,-0.0008292696706659612,0.03907423879347507,0.0011157809119071837,0,1,180.5346257634447,0.40293040293040294
14.72,5.472753750160865,-0.06558756976340863,0.219675190171792,-0.002275755728160943,-0.02661270378014061,0.032956382887329265,-0.08200506448694686,5.481452064267636,-0.06270150155256916,0.22981334791940028,-0.0008287511208149361,0.043274657658380546,0.001181789609866645,0,1,180.54081129679963,0.42710622710622703
14.74,5.472716410107658,-0.06559589823585779,0.2191944012866848,-0.0016603357785218566,-0.021040256406841984,0.020755716882454874,-0.06291097896293843,5.481452064267636,-0.06270150155256916,0.22981334791940028,-0.0008283547221697662,0.036142957322884736,0.0009396610736014509,0,1,180.5466029163392,0.3384615384615384
14.76,5.472686256708501,-0.06560261001814763,0.2188302705568485,-0.0013418916641319615,-0.015331273498548284,0.015114854625749923,-0.04348061196171089,5.481452064267636,-0.06270150155256916,0.22981334791940028,-0.0008280212273628481,0.03324850348292691,0.0009937877317278188,0,1,180.55173510571012,0.3626373626373626
14.780000000000001,5.472664938624249,-0.06560734827785798,0.21857218909008289,-0.0008145399150907678,-0.01011848063746867,0.008144090880466059,-0.021987434645100227,5.481452064267636,-0.06270150155256916,0.22981334791940028,-0.0008277787434700498,0.043800106438340314,0.0010879936378272981,0,1,180.55681246338256,0.3948717948717948
14.8,5.472653203400178,-0.06560995402152059,0.218423203573291,-0.0005151716126979433,-0.004405083379042131,-0.008352122451796815,-0.0076004753198996135,5.481452064267636,-0.06270150155256916,0.22981334791940028,-0.0008276427447923562,0.05220532924226082,0.0009482034132048227,0,1,180.56248435579545,0.3384615384615384
14.82,5.472642359391504,-0.06561236071948155,0.21839092945410327,-0.0005286966237790592,0.0011087342593889588,-0.01733711570083537,0.005753268639995207,5.481452064267636,-0.06270150155256916,0.22981334791940028,-0.0008275159486464193,0.05068055737288343,0.0007495322624947975,0,1,180.5670725188204,0.2659340659340659
14.84,5.472634122745077,-0.065614188854581,0.21845508469177455,-0.00022970098951496798,0.005284678149586236,-0.019322270011526824,0.02106328920666968,5.481452064267636,-0.06270150155256916,0.22981334791940028,-0.0008274197467994055,0.048158924985590004,0.0008053588315938092,0,1,180.5701131514008,0.2901098901098901
14.86,5.4726339673687665,-0.06561422325935479,0.21859588066214605,0.0001627866750648809,0.009277119650984838,-0.029136745067163763,0.03660153756566091,5.481452064267636,-0.06270150155256916,0.22981334791940028,-0.0008274178529665394,0.044116874410660756,0.0008196759086725684,0,1,180.57348389848178,0.2901098901098901
14.88,5.472638852276841,-0.06561313750491653,0.21882762324624286,0.00034523865609947444,0.01417850707872562,-0.03952987458993566,0.05184420594299716,5.481452064267636,-0.06270150155256916,0.22981334791940028,-0.0008274734056319278,0.04486825067893459,0.0008491604446674446,0,1,180.5776067398831,0.3062271062271062
14.9,5.472647242752328,-0.06561127014907253,0.21915579946055516,0.0005218545236213076,0.01821932231560737,-0.042016393572173995,0.05904550452649869,5.481452064267636,-0.06270150155256916,0.22981334791940028,-0.000827566459500969,0.03869436673541931,0.0004448870759006943,0,1,180.5801619563781,0.16117216117216118
14.92,5.472658610651357,-0.06560873594705198,0.2195425110153587,0.0005733500162104494,0.020849967200271123,-0.052930197972630176,0.0661408788412226,5.481452064267636,-0.06270150155256916,0.22981334791940028,-0.0008276884438188988,0.03975347107047151,0.000581621096106199,0,1,180.5816787772481,0.2095238095238095
14.94,5.472668601598607,-0.0656065044626881,0.21999027873913288,0.000515664704829401,0.023747520437359098,-0.05589560650585799,0.07218633868724662,5.481452064267636,-0.06270150155256916,0.22981334791940028,-0.0008277915232142558,0.048420796246976934,0.000386281813615867,0,1,180.58305685168258,0.13699633699633695
14.96,5.472679955926614,-0.06560396265442459,0.22048661119624455,0.0006541802328547844,0.026645130188276564,-0.06670040678177604,0.08680726743441684,5.481452064267636,-0.06270150155256916,0.22981334791940028,-0.0008279030098437804,0.048037617491060954,0.000793790088953931,0,1,180.58540008990417,0.28205128205128205
14.98,5.472693972179733,-0.06560081713390083,0.2210613607032859,0.0007881253601300174,0.03040708956748676,-0.06908743808481091,0.09279411431422649,5.481452064267636,-0.06270150155256916,0.22981334791940028,-0.0008280330317685138,0.05316850810951192,0.00039408619561448477,0,1,180.5876819158169,0.14505494505494504
15.0,5.472710166063555,-0.06559717276929178,0.22168561353224964,0.0007995188084133799,0.03167836304957402,-0.07116497037117388,0.08997475825411388,5.481452064267636,-0.06270150155256916,0.22981334791940028,-0.0008281733798429706,0.04589859223306817,0.00011800260683235593,0,1,180.58807967716265,0.04835164835164834
15.02,5.472724222539686,-0.06559400026730436,0.22232054809745372,0.0007040974073855678,0.0320581088103849,-0.0728880334893227,0.09389937558721696,5.481452064267636,-0.06270150155256916,0.22981334791940028,-0.000828286292307987,0.04092817762144137,0.0002473150876825727,0,1,180.58826978197115,0.08864468864468862
15.040000000000001,5.472738917519502,-0.06559067349655333,0.22297107485168757,0.0008071378061973947,0.03300698840175185,-0.07360297633315316,0.09726480435957216,5.481452064267636,-0.06270150155256916,0.22981334791940028,-0.0008283944403469699,0.03677897220392481,0.0002163947244376652,0,1,180.58851920503022,0.08058608058608059
15.06,5.4727555667681616,-0.06558689278641085,0.2236384876403032,0.0009051759283422843,0.03369606878410588,-0.0733090042785036,0.09971474632531094,5.481452064267636,-0.06270150155256916,0.22981334791940028,-0.0008285057577474366,0.03345531337394592,0.00017117697707591875,0,1,180.58868480785353,0.06446886446886446
15.08,5.472773741171238,-0.0655827529950957,0.22431518376698212,0.0008843223945712837,0.03369463313945539,-0.07365163382874439,0.09417184755121312,5.481452064267636,-0.06270150155256916,0.22981334791940028,-0.0008286148583474548,0.02787841734824275,0.00022341412472682513,0,1,180.58881722701705,0.08058608058608059
15.1,5.4727891405683,-0.06557923457774324,0.22498159579913116,0.0007585156321225174,0.033117287653664146,-0.07307980646264828,0.09512024116718656,5.481452064267636,-0.06270150155256916,0.22981334791940028,-0.0008286968616569019,0.02643792025569716,8.321780122028718e-05,0,1,180.58892931860606,0.03223443223443223
15.120000000000001,5.472804589019464,-0.06557569391403865,0.2256437629247393,0.0008285246995791282,0.03312068672891004,-0.07229608007049458,0.09609306747858701,5.481452064267636,-0.06270150155256916,0.22981334791940028,-0.0008287683778123913,0.024187257325230617,8.552488282198914e-05,0,1,180.58896779481503,0.03223443223443223
15.14,5.472821382539195,-0.06557183326797852,0.22630560126861235,0.0008996597144541828,0.03286701345827657,-0.06896764618179835,0.09480349285891548,5.481452064267636,-0.06270150155256916,0.22981334791940028,-0.0008288347252374331,0.02864221302539437,0.00017249937898348913,0,1,180.58903482177635,0.056410256410256404
15.16,5.472839168158207,-0.0655677323543833,0.22695349187207292,0.0008500043505627411,0.031596540409348665,-0.06674979031781395,0.08580233973712648,5.481452064267636,-0.06270150155256916,0.22981334791940028,-0.0008288931180502721,0.03771619139574779,0.0004181715480545021,0,1,180.5894380751277,0.1531135531135531
15.18,5.472853622788057,-0.06556439002766229,0.22756628656796196,0.0006955732299804685,0.029793388101655816,-0.06346628039037933,0.08327495437207989,5.481452064267636,-0.06270150155256916,0.22981334791940028,-0.0008289313683937961,0.036024356670963015,0.00020519948005568757,0,1,180.58990407532593,0.07252747252747252
15.200000000000001,5.47286722095992,-0.06556123702946144,0.22815179258079785,0.0006237667766194338,0.028980778288983784,-0.0672202203855499,0.07980162030425723,5.481452064267636,-0.06270150155256916,0.22981334791940028,-0.0008289588720904583,0.04107583055194812,0.00015893543062875728,0,1,180.59009236767307,0.06446886446886446
15.22,5.4728771176017785,-0.0655589364092947,0.2287291515844945,0.00045366834517994974,0.02837547146479869,-0.06241215648487427,0.07534385898202095,5.481452064267636,-0.06270150155256916,0.22981334791940028,-0.0008289731509667701,0.051527526537309666,0.0002567594967662311,0,1,180.59035565741877,0.08864468864468862
15.24,5.472886194461733,-0.06555682073048426,0.229280165514888,0.00047914411139331106,0.026562094116488924,-0.05674635868479669,0.07036363302435387,5.481452064267636,-0.06270150155256916,0.22981334791940028,-0.0008289807660327433,0.04785377716166564,0.0003116768693798332,0,1,180.59083890086828,0.11282051282051281
15.26,5.472895804059651,-0.06555457547891021,0.22979149463332635,0.0005090284205495897,0.0244333363680524,-0.05053608674183313,0.06496285789539187,5.481452064267636,-0.06270150155256916,0.22981334791940028,-0.0008289835704031107,0.04204789659313449,0.0003430989837428819,0,1,180.59149999345902,0.12087912087912088
15.280000000000001,5.472905966751173,-0.0655521957480076,0.23025815497105417,0.0005359102565799685,0.022048985859317426,-0.043431721916461434,0.05857543604809879,5.481452064267636,-0.06270150155256916,0.22981334791940028,-0.0008289814234406752,0.04385499752446309,0.0003960179129557351,0,1,180.59236543790752,0.13699633699633695
15.3,5.472916246191512,-0.06554978393809106,0.23067579421650783,0.00044346562093877304,0.0198845218722851,-0.04418020839796014,0.05152811711278648,5.481452064267636,-0.06270150155256916,0.22981334791940028,-0.0008289746357440174,0.04079320156241533,0.00035691599321395614,0,1,180.59308323007775,0.12893772893772892
15.32,5.472922782882762,-0.06554824756958506,0.23105968328046778,0.0003659436924553739,0.018319713648318452,-0.035219354615953644,0.050576106118951004,5.481452064267636,-0.06270150155256916,0.22981334791940028,-0.0008289676907086672,0.04664526018203994,0.0004733503045286089,0,1,180.59375146839128,0.1692307692307692
15.34,5.472932302263508,-0.06554600623155324,0.23140783870347756,0.0004755507814528178,0.01637560382962731,-0.03358506372666029,0.04180707100654531,5.481452064267636,-0.06270150155256916,0.22981334791940028,-0.0008289537546386499,0.0486633022267868,0.0004513851835911088,0,1,180.594587795229,0.16117216117216118
15.36,5.472939070257443,-0.0655444105477126,0.2317138023837426,0.00027898825121424063,0.013684594729768568,-0.023425794903226754,0.03113294980013533,5.481452064267636,-0.06270150155256916,0.22981334791940028,-0.000828941743508514,0.059393009825461404,0.0005641501296997805,0,1,180.59618712421235,0.20146520146520147
15.38,5.472944544667492,-0.06554311815983603,0.23195349525541922,0.0002849204768698252,0.010779865451388525,-0.0213628232621763,0.029376080890225215,5.481452064267636,-0.06270150155256916,0.22981334791940028,-0.0008289303814133339,0.054903151456642124,0.00016104221423077214,0,1,180.5973931364835,0.056410256410256404
15.4,5.472950199199868,-0.06554178193409775,0.2321591160798288,0.00029461420820381276,0.009688033775381265,-0.018196938118113095,0.026339584178953206,5.481452064267636,-0.06270150155256916,0.22981334791940028,-0.0008289173651073319,0.056466926546294476,0.0001813418502601453,0,1,180.59757680857027,0.06446886446886446
15.42,5.472955988798887,-0.0655404126037711,0.23233811690972775,0.000300625611783691,0.0074958673035964,-0.0072228621469420115,0.015525882181979592,5.481452064267636,-0.06270150155256916,0.22981334791940028,-0.0008289028821794908,0.05102747986415344,0.0005818745148789742,0,1,180.59894242652845,0.2095238095238095
15.44,5.472961874230261,-0.06553901967219221,0.23245253528675353,0.00030525837413612815,0.004328542748356804,-0.0036460916127722064,0.012201053259056066,5.481452064267636,-0.06270150155256916,0.22981334791940028,-0.0008288872487079847,0.046081135222457395,0.00024370787709374905,0,1,180.6003659665589,0.08864468864468862
15.46,5.472967896868309,-0.0655375936885642,0.23252369597440598,0.00031291646175304265,0.0026435067649534815,0.0012702406034707603,0.0074890491866156875,5.481452064267636,-0.06270150155256916,0.22981334791940028,-0.0008288706872626732,0.03935486083332299,0.0002846178688484259,0,1,180.60084035492832,0.10476190476190475
15.48,5.472974058931746,-0.06553613433964009,0.23255904402202407,0.0003187490046467345,0.0008628067559176352,0.005279018285776279,0.003507025751124119,5.481452064267636,-0.06270150155256916,0.22981334791940028,-0.0008288533982463047,0.048433095274812606,0.00024111065041083711,0,1,180.60132159799537,0.08864468864468862
15.5,5.472980316644324,-0.06553465221202266,0.23256079524084433,0.00032576362625424287,-0.0008327057529371397,0.010230458224578486,-0.0012450711060141653,5.481452064267636,-0.06270150155256916,0.22981334791940028,-0.0008288357178835733,0.05249589723092748,0.000283306647531087,0,1,180.60181312180075,0.10476190476190475
15.52,5.472986696338845,-0.06553314129542169,0.232526411232336,0.00033124714403392054,-0.002675208566679579,0.014811335199342036,-0.005679768679434912,5.481452064267636,-0.06270150155256916,0.22981334791940028,-0.000828817792402795,0.05046845677430541,0.0002713133682476121,0,1,180.60235652360146,0.09670329670329668
15.540000000000001,5.472993165944018,-0.0655316094379465,0.23245583010052137,0.00033456254147891184,-0.004492126510638166,0.019716960632545404,-0.010380192259643777,5.481452064267636,-0.06270150155256916,0.22981334791940028,-0.0008287999578731851,0.046291604206198426,0.00029070546894074197,0,1,180.60290946838305,0.10476190476190475
15.56,5.472999364953971,-0.06553014221122427,0.23235004019959019,0.0002221462374866534,-0.005761315773974093,0.015294066651617588,-0.014414943249184431,5.481452064267636,-0.06270150155256916,0.22981334791940028,-0.0008287834144347762,0.041324657487618356,0.0002086169841204081,0,1,180.60332928679497,0.08058608058608059
15.58,5.473001043409815,-0.06552974509880337,0.23223194584338602,9.935404147480641e-06,-0.006439129941793305,0.019718596511264754,-0.019612709648243465,5.481452064267636,-0.06270150155256916,0.22981334791940028,-0.0008287790876869631,0.03669340563807392,0.0002574539388250127,0,1,180.60371858427524,0.08864468864468862
15.6,5.473001150206658,-0.06552971984666695,0.23208655179838145,7.480064337754875e-07,-0.00823867287344191,0.024596022948652214,-0.02471713472572108,5.481452064267636,-0.06270150155256916,0.22981334791940028,-0.0008287788273265359,0.03772184665372012,0.0002891852649088934,0,1,180.60428724432495,0.10476190476190475
15.620000000000001,5.4730010540759135,-0.06552974255475474,0.23190337025158386,-1.0165220596768344e-05,-0.010117713142871528,0.028760491301154475,-0.02924886138272406,5.481452064267636,-0.06270150155256916,0.22981334791940028,-0.0008287790402162916,0.04145622220929485,0.0002611338859619455,0,1,180.6048669666617,0.09670329670329668
15.64,5.473000767554418,-0.06552981018369078,0.23168748086805532,-1.905734953984652e-05,-0.010924155579666441,0.02560687802938419,-0.026256375656469672,5.481452064267636,-0.06270150155256916,0.22981334791940028,-0.000828779622726959,0.03758944908411378,0.00013601635839296318,0,1,180.60515861164748,0.04835164835164834
15.66,5.473000324262894,-0.06552991471660878,0.2314753061574163,-2.6815516066082158e-05,-0.01082076883476872,0.029853147648804562,-0.030709625554157686,5.481452064267636,-0.06270150155256916,0.22981334791940028,-0.000828780427422989,0.03349925231221049,0.00022046032188968766,0,1,180.60539585793703,0.08058608058608059
15.68,5.472999733208207,-0.06553005395862742,0.2312452003418717,-3.4220937802601154e-05,-0.012225735771142703,0.03303000189887582,-0.03408404883641609,5.481452064267636,-0.06270150155256916,0.22981334791940028,-0.0008287813688549991,0.034623703793200254,0.0001991929284114913,0,1,180.60573186701788,0.07252747252747252
15.700000000000001,5.47299900108861,-0.06553022624603283,0.23099164865005983,-4.1289649862343006e-05,-0.0125179067174621,0.02816802861792984,-0.029410661806265396,5.481452064267636,-0.06270150155256916,0.22981334791940028,-0.0008287823528836439,0.04162261545516019,0.00022451048011071836,0,1,180.60602544137166,0.08058608058608059
15.72,5.472998115057053,-0.06553043452093886,0.23075326509969057,-4.9313498804590616e-05,-0.011894944663637757,0.03167881125458189,-0.03313551600787629,5.481452064267636,-0.06270150155256916,0.22981334791940028,-0.0008287833177677182,0.05089804087433522,0.00017581071569495706,0,1,180.6063073057168,0.06446886446886446
15.74,5.472997075846239,-0.0655306785399713,0.23050776267126277,-5.785039071785135e-05,-0.012020308341022409,0.026254430571675844,-0.027939374411582427,5.481452064267636,-0.06270150155256916,0.22981334791940028,-0.000828784193437983,0.04752962743173106,0.0002569259012007185,0,1,180.60663248362994,0.08864468864468862
15.76,5.472995861318537,-0.06553096342057892,0.2302816532068514,-6.742939234292072e-05,-0.011104412348660105,0.02857082288642763,-0.030645288766571768,5.481452064267636,-0.06270150155256916,0.22981334791940028,-0.0008287849199413667,0.057132084000250896,0.00012112891890454173,0,1,180.6069034505279,0.040293040293040296
15.780000000000001,5.472994416786727,-0.06553130190776173,0.2300523437324042,-8.144876879549807e-05,-0.011900306651895521,0.030780305730766053,-0.033159321399886275,5.481452064267636,-0.06270150155256916,0.22981334791940028,-0.0008287854496796939,0.06386305085926679,0.00014444207233582293,0,1,180.6070326354584,0.04835164835164834
15.8,5.472992768917525,-0.06553168763302074,0.22980913078830018,-8.916146710497415e-05,-0.011745491237930904,0.0244172156767725,-0.027068900962598445,5.481452064267636,-0.06270150155256916,0.22981334791940028,-0.0008287856561544579,0.06344762402463185,0.0003111906923439604,0,1,180.6074227298799,0.11282051282051281
15.82,5.472990964960161,-0.06553210945083755,0.22959157242262673,-9.714924872509143e-05,-0.0105544092208628,0.026493051297649586,-0.02936516232463532,5.481452064267636,-0.06270150155256916,0.22981334791940028,-0.000828785450050058,0.0595042546567654,9.990017365862566e-05,0,1,180.60777969202584,0.040293040293040296
15.84,5.472989394048359,-0.06553247645477937,0.22937622759726842,1.5162510424060536e-05,-0.010678610186064936,0.02838329257048373,-0.022790166697437417,5.481452064267636,-0.06270150155256916,0.22981334791940028,-0.0008287849579823533,0.06207703965056554,0.0003045109226204707,0,1,180.6080061833019,0.11282051282051281
15.860000000000001,5.472991990450362,-0.06553187055951118,0.22917126833698717,0.00011452543894178771,-0.009622734492900352,0.020686509685778585,-0.022519486678610676,5.481452064267636,-0.06270150155256916,0.22981334791940028,-0.0008287864417751843,0.06804711154398684,0.00039135676615946057,0,1,180.60849139093108,0.14505494505494504
15.88,5.472991642228089,-0.0655319516846092,0.22899126768021444,-9.149622756169687e-05,-0.00866824886934943,0.020785457577463962,-0.023385661565086837,5.481452064267636,-0.06270150155256916,0.22981334791940028,-0.0008287861104423219,0.05836689547447834,1.5461104643424168e-05,0,1,180.6087847349299,0.008058608058608058
15.9,5.472990189418447,-0.06553229020295824,0.22881927683871472,1.9407557666499207e-05,-0.008166274075931377,0.02064347416496348,-0.014992859227015163,5.481452064267636,-0.06270150155256916,0.22981334791940028,-0.0008287847848725306,0.05780414835145911,0.00040772007473432515,0,1,180.60910149237867,0.14505494505494504
15.92,5.472992804965965,-0.06553168128749885,0.22867019124708443,0.00011117146256118677,-0.006732867161559417,0.013634217993831094,-0.01569771821490686,5.481452064267636,-0.06270150155256916,0.22981334791940028,-0.0008287876891456859,0.06478712733962719,0.00036784987372014415,0,1,180.60967004238063,0.13699633699633695
15.94,5.472992372174224,-0.06553178193828585,0.22854644523257772,-9.588285171133984e-05,-0.005804878619723965,0.012775418917270255,-0.015492654203045344,5.481452064267636,-0.06270150155256916,0.22981334791940028,-0.0008287871055826356,0.056475789881685834,4.888766724094463e-05,0,1,180.6099271724722,0.016117216117216115
15.96,5.472990462586779,-0.0655322260185256,0.22843301637594918,-0.00010025893085767144,-0.005577405601064606,0.01259525789033706,-0.015411130948112476,5.481452064267636,-0.06270150155256916,0.22981334791940028,-0.0008287845145111524,0.05906342290343597,1.4803791569324167e-05,0,1,180.60993311956304,0.008058608058608058
15.98,5.472988471542237,-0.06553268880726333,0.22832286079380124,-0.00010432504669211201,-0.005308146868964248,0.01084690504655715,-0.013771258104317799,5.481452064267636,-0.06270150155256916,0.22981334791940028,-0.0008287815844882538,0.05659330604276603,9.070497991930904e-05,0,1,180.60996074345047,0.03223443223443223
