time_s,x_m,y_m,yaw_rad,v_m_s,yaw_rate_rad_s,wl_rad_s,wr_rad_s,ref_x_m,ref_y_m,ref_yaw_rad,cross_track_m,estimated_slip,true_slip_speed_m_s,supervisor_active,drive_enabled,energy_j,current_a
0.0,0.0,0.025,0.03,0.0,0.0,0.0,0.0,0.0,0.0,0.0,0.025,0.00020751361889959159,0.0,0,1,0.0,0.0
0.02,0.0,0.025,0.02999345372772576,0.0,-0.001986084476350147,0.015876100159429023,-0.015876100159429023,0.00015749949355122722,3.7668306382369534e-07,0.003499941666958332,0.025000021437418283,0.0011442701283166327,0.0008133514614506487,0,1,0.0025147205168915923,0.2901098901098901
0.04,1.8805328141991928e-06,0.02500005628727357,0.02990534297334582,0.0005663908477357725,-0.005864081274358905,0.03618662178941622,0.004589638255477916,0.000614992278631111,2.9057412954551336e-06,0.006999533342666578,0.02500082966100799,0.00497837020180026,0.0010334303443422519,0,1,0.008762994460030682,0.37875457875457874
0.06,3.0444191625290483e-05,0.02500090873194007,0.02979030638973979,0.0027828019320050323,-0.004333346297057473,0.06575706281894679,0.06359108374548557,0.0013724615480343344,9.686567658045746e-06,0.010498425070873481,0.025003933758904917,0.008783366877388444,0.002809865145347305,0,1,0.032525150746137835,1.0234432234432234
0.08,0.00011980435917242037,0.025003569109789087,0.029762350781918714,0.006698669166230485,0.0035521768706221627,0.09768467562241873,0.1646430142139984,0.0024298794863436084,2.2817600671343013e-05,0.013996266965321955,0.025010636113365625,0.02454576414471616,0.004974643294401183,0,1,0.10670676668112143,1.805128205128205
0.1,0.0003038924291894768,0.025009064422049955,0.02995735599621954,0.01256326703022051,0.016848779029827614,0.16200356428107002,0.30177981310756036,0.0037872072890415454,4.439585344068817e-05,0.017492709244737413,0.025021778642251673,0.02672733632900082,0.00686895093717927,0,1,0.27391251912352754,2.4901098901098897
0.12,0.0006275187424982871,0.025018833254962243,0.030428836943807918,0.02036019966553798,0.03085436163627831,0.24013027631181383,0.4495521835980178,0.005444395189174722,7.651644311233187e-05,0.020987402267805606,0.02503791013153996,0.032260601437642394,0.0074938853934204755,0,1,0.5271605951691953,2.7076923076923074
0.14,0.0011156880013296156,0.02503386544293674,0.031175096328370504,0.029298613072256546,0.044062135247134024,0.3455717984928118,0.6164138284455999,0.007401382491553221,0.00012127212089549675,0.02447999656813647,0.02505898741837154,0.03728712642084855,0.008560618364207982,0,1,0.8685046596936995,3.0945054945054937
0.16,0.0017989796925369074,0.025055501599704825,0.03217419331072905,0.03984387051342369,0.05670460881892518,0.4644516309912751,0.8042843345616965,0.009658097614464208,0.00018075280279118849,0.02797014288921044,0.02508481130426789,0.03326613010889907,0.00970357890310776,0,1,1.329820498492526,3.497435897435897
0.18,0.0027054249347692357,0.025085224060804632,0.03343585281823833,0.051731300917444954,0.07000477390917194,0.6037245288142039,1.0098295862517792,0.012214458138873405,0.0002570451011672255,0.03145749221930386,0.025114976319958047,0.03240938598448215,0.010705011008695822,0,1,1.9201570036938305,3.8600732600732592
0.2,0.0038630011300329324,0.025124790135011635,0.034959329549784424,0.06496055359622238,0.08276943621781362,0.7598897463523224,1.2277693422846625,0.015070370865083645,0.0003522318573183197,0.034941695826389854,0.02514896195696624,0.0366496212274947,0.011395954193742716,0,1,2.638612846575591,4.1098901098901095
0.22,0.005295687214807983,0.025176116604433963,0.03673226750051216,0.07934247743389516,0.09532875975843395,0.9288714811628995,1.4642903521796622,0.018225731876815015,0.0004683916751493013,0.038422405293011185,0.025186170586148526,0.039955023167857526,0.012366834625477052,0,1,3.4861161285451168,4.456410256410256
0.24,0.007026858587172378,0.02524142179405575,0.038761520947923934,0.09480310592438183,0.1076601240991504,1.1156559855581791,1.7044525503042123,0.021680426612666406,0.0006075984561187341,0.041899272551121775,0.025225997771419966,0.04278456055138346,0.012575411769595507,0,1,4.448566642346375,4.536996336996337
0.26,0.009075768104663498,0.025323103929953267,0.04101640302076218,0.11143683272897675,0.11824636450471486,1.3267339649293888,1.9677712584496292,0.02543432994491389,0.0007719209355792277,0.045371949916893195,0.02526788184415053,0.040087166266321535,0.013679202398849594,0,1,5.567144436113929,4.939926739926739
0.28,0.011473731124579008,0.02542435902405193,0.04348138688971954,0.12970958848803796,0.12916998337081748,1.5496867668434418,2.2532831916344214,0.029487306265596397,0.0009634222206497007,0.04884009012548277,0.02531120350920184,0.0371429718807198,0.014744354044088331,0,1,6.882987117707927,5.318681318681318
0.3,0.014247191180953822,0.025548619974833292,0.046176741555235636,0.14885678403941355,0.14031510169663294,1.7836004500846079,2.5331897176565055,0.033839209579835085,0.0011841593297537043,0.05230334636575972,0.025355403018375765,0.040682525587569004,0.01447257546246411,0,1,8.296054327551447,5.230036630036629
0.32,0.01740578705698826,0.02569897588647596,0.04907086680706067,0.16861722311318283,0.14933158961510645,2.038097213436564,2.829761220199523,0.03848988360632781,0.001436182733956675,0.05576137231498609,0.02540015139249975,0.034325762554204504,0.01524186637491115,0,1,9.823783896893897,5.52014652014652
0.34,0.02097133630294744,0.02587934351073593,0.0521363715919416,0.18948599601018018,0.15747126594743321,2.300954482749718,3.1312150578268914,0.04343916188495615,0.0017215359002336343,0.05921382217344861,0.025445096507547064,0.029421022755199047,0.015435592796824354,0,1,11.4894256901318,5.5926739926739915
0.36,0.024957510900374482,0.02609353784211032,0.05535674381991049,0.21086762781170934,0.16455533363271097,2.576779753021074,3.4363961467794146,0.04868686789143746,0.0020422548367974268,0.06266035069903846,0.02548999896203905,0.030938749336072463,0.01559656980653168,0,1,13.242248654669897,5.657142857142857
0.38,0.029376270362653136,0.026345525085786088,0.05870662318264174,0.23298754584089473,0.17117884357058238,2.8589309118427373,3.7596868328036743,0.05423281515895089,0.0024003676406160503,0.0661006132417752,0.02553470144217307,0.027702056331155633,0.016464986340970156,0,1,15.124267584817948,5.971428571428571
0.4,0.03424321855399507,0.02663975840578641,0.06220084058413068,0.25563812121349827,0.1777842215296931,3.1498647051101685,4.069701005436798,0.060076807406660805,0.0027978940472460074,0.06953426577827142,0.025579122147474546,0.026764220323323432,0.01581045210361992,0,1,17.070140346998905,5.753846153846154
0.42,0.03955993905814526,0.02698010483180675,0.06579593425842191,0.2783275316012555,0.18189097984490393,3.4468369840527036,4.386525927069135,0.06621863867505808,0.0032368449831068967,0.07296096494613484,0.025623410832879306,0.026476460842470555,0.016102626758397853,0,1,19.050825003292484,5.866666666666666
0.44,0.04533248003940088,0.02737068910713425,0.06947102967830582,0.30137913242700826,0.18581529586166945,3.7452634794195214,4.704601046354272,0.07265809346803442,0.0037192221203206648,0.07638036807830426,0.025667621278559885,0.025165795888160813,0.016161039835844937,0,1,21.09136790270294,5.89084249084249
0.46,0.051563856415056245,0.027815554305225833,0.07322290941327408,0.32442079508876775,0.1893438197159641,4.044216288617553,5.017423399539592,0.07939494690160202,0.0042470174342370375,0.07979213323731593,0.025711895146821574,0.02351315142548232,0.0159106341306684,0,1,23.138158224731793,5.810256410256409
0.48,0.05825064981633813,0.02831834998072915,0.07703481355291374,0.34709955634925793,0.1916035237634408,4.338837050201746,5.316656395624115,0.08642896485916482,0.004822212763764695,0.0831959192494971,0.025756486500500143,0.01958603791359795,0.015245003807496882,0,1,25.130284275266735,5.584615384615384
0.5,0.06538235794948279,0.02888205465399951,0.08087592105661028,0.36948993517941114,0.19229478752727824,4.642050931263967,5.6183988976479595,0.09375990415324605,0.005446779374625694,0.08659138573908302,0.02580165194706394,0.017720457123468713,0.015353972514002945,0,1,27.120829112497294,5.632967032967032
0.52,0.07296097164234623,0.029510400942761174,0.08472087382380682,0.3918698911999463,0.192324067088873,4.932294528384528,5.9105676481203036,0.10138751269357071,0.006122677525648485,0.08997819316225429,0.025847431773526604,0.016292092968605548,0.014881109662190584,0,1,29.09040388583084,5.471794871794871
0.54,0.08097547609819504,0.0302059230346663,0.0885686048829147,0.41366865920855117,0.19213593414717187,5.226715693705586,6.19809621940596,0.10931152966139916,0.006851856038212704,0.0933560028410909,0.025893871394957132,0.014402823290445293,0.01484084530733043,0,1,31.00887966168181,5.447619047619046
0.56,0.08942090521166658,0.030971533213067236,0.0923989580635857,0.4352600286011537,0.19066410680175105,5.514963917105318,6.475446898601839,0.11753168569000333,0.007636251868956597,0.09672447699743981,0.02594097122127212,0.013263290895872207,0.014588445474077838,0,1,32.89401865357348,5.367032967032966
0.58,0.09828697381943825,0.0318093669823761,0.09619103904567029,0.4561616595977769,0.18813925492704622,5.796697571872206,6.7387957507875,0.12604770305117402,0.00847778968585559,0.10008327878669243,0.02598857130144996,0.011935594032717609,0.0143371167287773,0,1,34.68858959168136,5.278388278388278
0.6,0.10755873445300235,0.032720751767399796,0.09992196843271962,0.476358391326624,0.18505225636541067,6.067201498368711,6.997679669818246,0.13485929584764356,0.0093783814477781,0.10343207233146884,0.0260363424864568,0.010342931072767911,0.01384164976045732,0,1,36.398979488440304,5.109157509157509
0.62,0.117223950490293,0.03370696450280227,0.10359861031375243,0.4961433312425776,0.18223830842928668,6.339781709299178,7.2512888935957704,0.14380954951230765,0.010323307004304713,0.10677052275520522,0.026083666016573533,0.011114997914854778,0.013965575556425192,0,1,38.07433156582876,5.157509157509158
0.64,0.12727521653790438,0.0347696054122391,0.10720835874698162,0.5149611321042461,0.17845653425183228,6.580535071417002,7.470798895379931,0.1527566041828293,0.01129805731667925,0.11009829621564121,0.02612922797955984,0.01217150365060096,0.012485739759877157,0,1,39.577798585478824,4.633699633699633
0.66,0.13767265717639124,0.03590639555815568,0.11073737735844136,0.5313289640937066,0.17413338012700108,6.793229883798076,7.659446693213295,0.16170037137653376,0.012302524502048155,0.11341505993820392,0.026171491943467073,0.012431596497506817,0.011248619415279326,0,1,40.789162980409834,4.190476190476191
0.68,0.14836998061332307,0.0371137101619442,0.11417538958179109,0.5453112289845916,0.16946292288013623,6.969416166466895,7.812048843950384,0.17064076395797112,0.01333659748664073,0.11672048224928504,0.026208888927096108,0.01351251987172967,0.009592938847651444,0,1,41.73144035302834,3.5941391941391942
0.7000000000000001,0.15931552776341706,0.038386656058772846,0.1175215797262211,0.556752417557066,0.1652316828300525,7.113237844325741,7.939103871511807,0.17957769617412367,0.014400162026534958,0.12001423260940798,0.026239872762370227,0.015140076008935657,0.008134440505074503,0,1,42.436823042960604,3.07032967032967
0.72,0.17046326835422693,0.039720504472063906,0.12079112803781042,0.5659113899607205,0.1610885829962223,7.229548529685645,8.02653868417999,0.18851108368900818,0.015493100728928528,0.12329598164628147,0.02626307509481533,0.012694715991943765,0.0069115805349850845,0,1,42.94937682679358,2.619047619047619
0.74,0.18176453471382376,0.0411096838093364,0.12396026023898019,0.5725585214283675,0.15553571658149365,7.313019888629385,8.081238834449215,0.19744084361765826,0.016615293073903848,0.12656540118773668,0.02627725257485421,0.011583467890969121,0.005469756369320122,0,1,43.2894490158345,2.0952380952380953
0.76,0.19317013021277926,0.04254776557627294,0.12701884247132128,0.576770757225701,0.1504355698302861,7.360125091767392,8.10857762113125,0.20636689455947324,0.01776661543667571,0.12982216429454393,0.026281039218022502,0.011643350051952474,0.0038213829246076525,0,1,43.49370283895624,1.4989010989010987
0.78,0.20463263657000744,0.044028126790157586,0.129988247603584,0.5786718800222486,0.14618139844897782,7.380022406155305,8.104596416063869,0.21528915663091955,0.01894694111030984,0.1330659452931065,0.026273301463771055,0.009837169578087057,0.002604266144705103,0,1,43.600693517212854,1.0476190476190477
0.8,0.21610820468505249,0.04554433065158384,0.13286714302829442,0.5785009872982644,0.14137379921920296,7.37607345628499,8.074336686695847,0.22420755149757113,0.020156140328900653,0.13629641980802767,0.026253237879431648,0.008369814438047017,0.0015655437747583711,0,1,43.64761057066958,0.6608058608058607
0.8200000000000001,0.2275590855712455,0.04709027157660405,0.13564697036400852,0.5766567344235389,0.13665326010951495,7.350586847112574,8.029495149868973,0.23312200240547704,0.02139408029119606,0.139513264794548,0.026220107411831603,0.010070632160384894,0.0006013985307118386,0,1,43.66281570029509,0.3142857142857142
0.84,0.23895677586234204,0.04866081689341563,0.13834236421504306,0.5734950457849503,0.13263230337348186,7.308582777057772,7.965917646224976,0.24203243421184203,0.022660625184657345,0.14271615857084954,0.02617331374494834,0.013101287057797829,0.0012513599590385782,0,1,43.664290263038346,0.3465201465201465
0.86,0.2502752453901726,0.050251090422134666,0.14095597754687836,0.5690427826299804,0.12874162462245875,7.247639571259587,7.888664265472019,0.25093877341500936,0.023955636209941567,0.14590478085022376,0.026112527665917304,0.014833606623527397,0.0018538713978460963,0,1,43.664290263038346,0.5721611721611721
0.88,0.2614897501076983,0.051856255345407984,0.14349785990123978,0.5632993225141575,0.12497497227980016,7.171708465740751,7.788537128210168,0.2598409481837326,0.025278971605794266,0.14907881277309987,0.026037605007679196,0.014651798374938798,0.0029042826315569537,0,1,43.668550030632765,0.9589743589743589
0.9,0.27257371652974727,0.05347104817799036,0.14595475908223912,0.5563224797482165,0.12082045254482007,7.079594320891812,7.680600948528079,0.2687388883857268,0.02663048667433963,0.15223793693893056,0.02594857425653774,0.01466207479385295,0.003233294592126401,0,1,43.6862352256741,1.0879120879120878
0.92,0.28350746599589227,0.055090997606106216,0.14833986146924297,0.5484310716768795,0.11745460322002935,6.97536445940803,7.557970918565379,0.27763252561548535,0.028010033806755576,0.1553818374379319,0.02584551598447183,0.014730840139664315,0.0038996273962816907,0,1,43.721708881800176,1.3296703296703296
0.9400000000000001,0.2942722261270147,0.056711794583821314,0.15065693641355107,0.5396642285954255,0.11450300353581921,6.857448795800471,7.431995968273217,0.28652179322135435,0.029417462509320765,0.1585101998826739,0.025728773181568722,0.014377571878060533,0.0040201016467399375,0,1,43.776887530847624,1.3780219780219778
0.96,0.30485416536847154,0.0583298961222116,0.15292926917690877,0.530286599574961,0.11243080515374175,6.734500708557391,7.295100953786538,0.29540662633185255,0.030852619429820736,0.161622711439519,0.02559888007752933,0.01321016924200843,0.0045158810201816335,0,1,43.85023457518496,1.5633699633699631
0.98,0.31524163275315265,0.05994218641098022,0.1551521305452585,0.5203449580957485,0.10964601027080488,6.6054837114377465,7.150706272376889,0.30428696188122717,0.03231534838429996,0.1647190608599053,0.02545659953417842,0.01473314670758469,0.00487472961893487,0,1,43.94296410157399,1.7003663003663
1.0,0.32542537220315326,0.0615457622734533,0.15731938489209307,0.5101964796178373,0.10750167925777798,6.47356456581844,7.017139373186279,0.3131627386342367,0.03380549038414683,0.16779893851147104,0.025302638694129735,0.013754540027722644,0.004336345687844245,0,1,44.03951331610119,1.506959706959707
1.02,0.3354069018859367,0.06313953222098037,0.1594632469808586,0.49989547470660833,0.10667153817622013,6.3311043268759795,6.867568777376285,0.32203389721015074,0.03532288366349839,0.17086203640901762,0.02513776074044851,0.014691819900115661,0.005095408656868861,0,1,44.151409240135905,1.7890109890109887
1.04,0.3451732305713424,0.06472031736632672,0.1615849485257087,0.48904730951310565,0.10560917592314413,6.191011883529447,6.725021450117403,0.3309003801059573,0.03686736370695138,0.17390804824530784,0.02496315093057173,0.013119396225991696,0.004736444179697874,0,1,44.27638808026274,1.6600732600732597
1.06,0.35472586157379155,0.06628724176872164,0.1636918909214194,0.4785043159159994,0.10504801957820344,6.0521050300636015,6.583265822179309,0.33976213171877256,0.03843876327756659,0.17693666942169642,0.024779854781528853,0.013111251646606032,0.004718502972409944,0,1,44.3938052866241,1.6600732600732597
1.08,0.36406834338095617,0.0678398644950117,0.16578735982081275,0.46822282959146,0.10443316894099088,5.921910401057033,6.449474293517576,0.3486190983674406,0.040036912445152874,0.1799475970785896,0.024588944580717337,0.01472609528460702,0.004354559676430114,0,1,44.50014231891996,1.5311355311355312
1.1,0.37321129786264895,0.06937896703195931,0.16787003278860188,0.45868253216517074,0.10390685830097149,5.8020645985885615,6.328774409901491,0.3574712283133181,0.04166163861481775,0.18294053012573072,0.024391347251278,0.013095649643937005,0.0037853841938440547,0,1,44.58201625417224,1.3296703296703296
1.12,0.3821710341346142,0.07090639196712874,0.1699470511999361,0.44993681667873453,0.10394873651483333,5.688712427458237,6.218413809167336,0.3663184717802373,0.043312766555771064,0.18591516927230917,0.024187835283256656,0.013996161815457531,0.003533124681548483,0,1,44.642841824371644,1.2410256410256408
1.1400000000000001,0.39096070337233985,0.07242364140030613,0.17203139132792733,0.44172021167597714,0.10456910021082512,5.57995692561724,6.11394463397202,0.3751607809736381,0.04499011843036831,0.18887121705688925,0.023979226620826643,0.01573978658601978,0.003355313214627398,0,1,44.69191570639623,1.1765567765567764
1.16,0.39958918467400256,0.07393165558829752,0.17413190721432664,0.4339772186370101,0.10581343490724468,5.476149006841083,6.021357256275719,0.3839981100988648,0.04669351382338039,0.19180837787715574,0.023766428786294966,0.014507027553703328,0.0031614904915524544,0,1,44.73049408794751,1.1040293040293039
1.18,0.4080680991203037,0.07543202617040366,0.17626780881397397,0.4268876406500982,0.10778815856020081,5.3823711678514385,5.9363789270049905,0.39283041537862184,0.048422769771476235,0.1947263580194743,0.023550336732939946,0.014832994343724275,0.002730052934802163,0,1,44.75694656995326,0.9509157509157509
1.2,0.41641088980448676,0.07692684738035571,0.1784382671211316,0.4206056705666574,0.10890246409567463,5.307733769264404,5.860426699825145,0.4016576550695805,0.05017770079290532,0.19762486568826237,0.023331828012667546,0.012534440851921907,0.0018341696936489127,0,1,44.76998086128887,0.6285714285714284
1.22,0.4246355532242232,0.07841898548513657,0.1806173727375369,0.41498805434544356,0.10938711371125921,5.227756445911583,5.789111795873287,0.41047978947813396,0.05195811891736644,0.20050361103516845,0.023111457543939725,0.011750669725372162,0.002122769296935667,0,1,44.77705502488675,0.7333333333333333
1.24,0.4327466655678285,0.07990886380442459,0.18282042618079294,0.40961954801052936,0.11108007589968631,5.158028241952469,5.7295397156573085,0.4192967809752951,0.053763833716049675,0.20336230618805676,0.02288987524358662,0.011498271262563899,0.0016622154431538694,0,1,44.78143950969101,0.5641025641025641
1.26,0.44075717452696256,0.08139865946892848,0.18506178820745223,0.4051352442438134,0.11335730750238988,5.0976516393844395,5.684232295825139,0.4281085940107312,0.05559465233183848,0.2062006652797943,0.02266766904123453,0.013073139096035052,0.0012734828645263874,0,1,44.7820120538692,0.419047619047619
1.28,0.4486845857439888,0.08289158926792649,0.18735246980683862,0.40158470083895936,0.11503523383549151,5.060737821356688,5.642714192014911,0.43691519512593435,0.05745037950965861,0.20901840447683723,0.022445337695516356,0.013586440002315434,0.00023783086658440977,0,1,44.7820120538692,0.03223443223443223
1.3,0.45654758123507416,0.08439110628991471,0.18965290931480522,0.39879914680898054,0.11603904492061846,5.0146767799059635,5.618878778197692,0.445716552966522,0.05933081762696104,0.21181524200761384,0.02222315338339939,0.01450286674550601,0.0006509697811157844,0,1,44.78405149144328,0.25787545787545785
1.32,0.46435587503669684,0.08589899129489727,0.1920068713910361,0.39656719850558764,0.11861610226796854,4.994172206834622,5.596586831983474,0.4545126382936643,0.06123576672432595,0.21459089819070182,0.022001443923364398,0.017541949316069574,0.0006397544622589457,0,1,44.79174887691147,0.2901098901098901
1.34,0.4721261624762924,0.08741863445751603,0.1943821028873741,0.3952318041591205,0.11949368975297832,4.974133916579626,5.590429199757277,0.4633034239946369,0.06316502453617474,0.2173450954627959,0.02178048748177706,0.016089651345980477,0.0013465847696093047,0,1,44.80818895205088,0.5399267399267399
1.36,0.4798721748006028,0.08895276548992985,0.19679495324429858,0.39450892229132406,0.12170397803926959,4.965738795004422,5.590039903022733,0.4720888850924962,0.06511838652157785,0.22007755840646398,0.02156037267782659,0.016004997857867905,0.0016203146079196706,0,1,44.83526916103566,0.6446886446886447
1.3800000000000001,0.48760636663965656,0.0905041089976483,0.19924301853655874,0.3944322589017761,0.12286659422205523,4.969283196747746,5.594292902808733,0.4808689987548741,0.06709564589514526,0.22278801377768878,0.021341309671773702,0.016030170022636486,0.0017950559066883809,0,1,44.8744303568941,0.709157509157509
1.4000000000000001,0.4953409574375435,0.0920753020894413,0.20170481133730955,0.39495705872845926,0.12366558482317187,4.976036792018661,5.610615744119094,0.48964374430189195,0.06909659365798766,0.22547619053319187,0.021123336814199978,0.015539291897785886,0.002342660964070098,0,1,44.927744664815584,0.9106227106227106
1.42,0.5030865415244233,0.09366868837143248,0.20419479766960671,0.3958459072293934,0.12543729009351373,4.9831261130494635,5.627135540114547,0.4984131032131923,0.07112101862873578,0.2281418198575378,0.020906440474288537,0.012945421358051573,0.0023561731614299974,0,1,44.98863779854825,0.9186813186813186
1.44,0.5108463288103137,0.09528528549567462,0.20672062574882938,0.39701511808994994,0.12712063332727672,5.001879597479341,5.652649747204285,0.5071770591340868,0.07316870747460588,0.23078463519001557,0.020690891988908975,0.011231009686697829,0.0027806926181888625,0,1,45.06152097583936,1.0717948717948718
1.46,0.5186325104377253,0.09692803550416303,0.2092765236179267,0.39899495929780915,0.12863282017695363,5.029853984888257,5.689853795265443,0.5159355978808208,0.0752394447424993,0.23340437225129423,0.02047672529907661,0.011030790511717434,0.0033038395134778464,0,1,45.16023202782154,1.2652014652014654
1.48,0.5264595737412582,0.09860044552179717,0.21186411374418418,0.4014904656442818,0.12982656655932762,5.063489281137123,5.723280688732315,0.5246887074449529,0.07733301289012419,0.23600076906985076,0.020263859994221107,0.00942658316470106,0.0030885383643695086,0,1,45.272768098525184,1.1926739926739927
1.5,0.5343310351124343,0.10030370866110455,0.21446241982921604,0.4039299539617882,0.13012631268146133,5.092728738586209,5.7558953247072555,0.5334363779968547,0.07944919231712805,0.23857356600816693,0.020052411603343617,0.010046910122888442,0.003038195981778291,0,1,45.38197700671172,1.1684981684981683
1.52,0.5422449224492875,0.10203772431719417,0.21707036593101384,0.4065429872571903,0.13061751247260223,5.134094841449632,5.798437160541369,0.5421786018883222,0.08158776139622938,0.24112250578869293,0.019842519671403547,0.009734749230550533,0.003522472413617972,0,1,45.50494982050499,1.3538461538461537
1.54,0.5502123426756006,0.10380529300501143,0.21968665708273735,0.40965994902049735,0.13133459658012542,5.1696985768060735,5.842604262692133,0.5509153736543103,0.08374849650433751,0.24364733351957482,0.01963401157926222,0.008931625785360563,0.0035817973311887963,0,1,45.6411838890919,1.36996336996337
1.56,0.5582343179207766,0.10560708410169087,0.22232642607426376,0.41270393049522613,0.13233219448202319,5.2124842312990545,5.884207145013732,0.5596466900137846,0.08593117205364906,0.24614779672014353,0.019426998492083986,0.011316821408975535,0.0034684884292193185,0,1,45.77753409717863,1.3377289377289374
1.58,0.5663130645882203,0.10744408606962393,0.2249739555799622,0.4160571069679963,0.13278248431921735,5.257226818122761,5.9371134511193295,0.568372549869696,0.08813556052271067,0.2486236453461627,0.0192216052482687,0.011178502042731282,0.003997729845302056,0,1,45.92943077928285,1.5311355311355312
1.6,0.5744565665031167,0.10931857524694774,0.22764199221414097,0.41978328717670876,0.13375196861246022,5.308141239266103,5.987482939895782,0.5770929543080763,0.09036143248743728,0.25107463181483297,0.019017757868631826,0.010844012555687397,0.003865059279107408,0,1,46.09531447569901,1.4827838827838826
1.62,0.582668079481209,0.11123184793622184,0.23031699781421858,0.4234514234316108,0.1336885807168338,5.354841729357129,6.032802514285305,0.585807906596265,0.09260855665207537,0.2535005110295499,0.018815549411461654,0.010203130346775245,0.0036079348035886194,0,1,46.255647965448034,1.386080586080586
1.6400000000000001,0.5909433961580051,0.11318332646854107,0.23298788556619054,0.4270596120229569,0.13329090663450058,5.408865491213773,6.083193806218628,0.59451741218026,0.09487669988010138,0.2559010404044135,0.018615127599953252,0.010229824881399696,0.003930572078631178,0,1,46.420168894733614,1.4989010989010987
1.6600000000000001,0.5992874824920732,0.11517451944322546,0.23564682856560848,0.4308862571667884,0.13251712636807947,5.459852360705883,6.129243411533905,0.6032214786812026,0.09716562722504482,0.25827597988848694,0.018416366923004558,0.009319661404246367,0.0037809238960879177,0,1,46.589107744944855,1.4424908424908423
1.68,0.6076970589981211,0.11720491583104248,0.23828829348733463,0.4342046594453983,0.13161349482139797,5.499460105066396,6.164605851172373,0.6119201158910001,0.09947510196122722,0.2606250919898007,0.018219278587218387,0.010790667921176757,0.0032614124506469278,0,1,46.733424530790295,1.249084249084249
1.7,0.6161591276118094,0.11927158128292219,0.24091479251437764,0.437089331429819,0.13143433208869262,5.53767033052221,6.209015150700788,0.6206133357670844,0.10180488561440669,0.2629481417991024,0.01802410370619806,0.01004233269523995,0.0036142817758884616,0,1,46.86822323098065,1.3941391941391938
1.72,0.624673954402939,0.12137487412158418,0.24355064235972565,0.439988865923412,0.13163450933136278,5.575538048108079,6.238776724261856,0.6293011524263173,0.10415473799231965,0.2652448970133469,0.0178309188726816,0.00980117766198915,0.0031870444576528323,0,1,46.99808711865153,1.2249084249084248
1.74,0.6332345420347988,0.12351338129017617,0.24616945996386005,0.4425253403878956,0.1300736565131026,5.615250754586161,6.2686129640982315,0.6379835821380434,0.10652441721511026,0.26751512795892674,0.01764001991293097,0.009430553424258283,0.003332460943555937,0,1,47.11845467677026,1.281318681318681
1.76,0.6418397457688068,0.12568684504958572,0.24875452810302817,0.4451470959914162,0.12866631412832477,5.651239029509968,6.30264185289362,0.6466606433162961,0.10891367974563945,0.2697586076146392,0.017451331386013805,0.008405642652335562,0.003142430906213134,0,1,47.241733022342196,1.2087912087912087
1.78,0.6504892314820752,0.1278952053235634,0.2513228745296338,0.4474847029173906,0.12810596826908885,5.677789986264058,6.325673291487099,0.6553323565111614,0.11132228041966491,0.2719751116343883,0.017264770846960778,0.00983060740274156,0.002689680023540586,0,1,47.350275916491356,1.0476190476190477
1.8,0.6591716375869636,0.1301356798747275,0.2538752684876233,0.44927904335955393,0.1264358560525208,5.711055673893206,6.339619390027947,0.6639987443993077,0.11374997247588402,0.2741644183696192,0.017080633812983165,0.010162792465738715,0.0030729448324154918,0,1,47.44452735560702,1.1846153846153844
1.82,0.6678823941452128,0.132406981579866,0.2563738189664009,0.45093390378931736,0.12398208590616489,5.7309178855153196,6.3587917014376005,0.6726598317736826,0.11619650758583208,0.27632630889148263,0.016898912314056876,0.010003597929551128,0.0024415339465029273,0,1,47.5329074309962,0.9589743589743589
1.84,0.6766170874548465,0.1347077065070359,0.25884656191334193,0.4524528188368846,0.1226773195416928,5.760968600281827,6.372595937884137,0.6813156455323869,0.11866163588362842,0.2784605670127281,0.016719491760589546,0.00887571448502618,0.0029285168971740494,0,1,47.619640467592575,1.136263736263736
1.86,0.6853767229755265,0.1370379993691619,0.2612734746346974,0.45394738235899185,0.12018721307205472,5.780884304087042,6.384961103737295,0.6899662146667315,0.12114510599556289,0.280566979309322,0.016542291483927146,0.007427408823075402,0.002454510931226672,0,1,47.70239046602469,0.9589743589743589
1.8800000000000001,0.6941555043804964,0.13939602280358596,0.2636611440945262,0.4550751570848252,0.11839011281477847,5.80025365071889,6.39337585086134,0.6986115702484809,0.1236466650695164,0.28264533514179,0.016367222702692422,0.010433141142680822,0.0024379881538993953,0,1,47.77528069035464,0.9509157509157509
1.9000000000000001,0.7029492880464451,0.14178042837363133,0.26600967126436653,0.45611826486962986,0.11655247128314611,5.817575699370246,6.404346788417968,0.7072517454162948,0.12616605880420836,0.2846954266762808,0.0161942584559031,0.012126915870930299,0.0023448821269362874,0,1,47.84655942934299,0.9186813186813186
1.92,0.7117572725209451,0.144190758774511,0.2683267699455128,0.45699373648511676,0.1148322726416156,5.831509318667659,6.40525301890174,0.7158867753613711,0.12870303147826537,0.2867170489053494,0.016023322510381608,0.011436611368140307,0.0021875942168645968,0,1,47.91076483879226,0.8622710622710622
1.94,0.7205723374739701,0.14662481136337868,0.2706011325000956,0.45755416953738975,0.11265172667621089,5.843976624815793,6.409308576934654,0.7245166973123001,0.13125732597910444,0.2887099996684575,0.015854477006103207,0.014344901653020525,0.0021479053922748292,0,1,47.96904692937826,0.8461538461538461
1.96,0.7293934363885973,0.14908195655956802,0.2728370842770654,0.4581556992749617,0.11072904939962783,5.857285622749053,6.410744153913384,0.7331415505191367,0.13382868383162602,0.29067407967218967,0.01568761407580934,0.012985542199143692,0.002179241817146571,0,1,48.0276848530868,0.8622710622710622
1.98,0.7382200356580078,0.1515617261817219,0.27503052987907545,0.4587132737864621,0.10863937364788118,5.869091524106795,6.41415731399204,0.7417613762366987,0.13641684522671066,0.2926090925101822,0.015522645441421396,0.013073947218478653,0.0021100715146449844,0,1,48.0856330289047,0.838095238095238
2.0,0.7470514318881839,0.154063579028794,0.277184517501823,0.45908065122706676,0.10620667427367597,5.8795240286061805,6.404633763427217,0.7503762177071,0.13902154904951516,0.29451484468276373,0.015359470812643794,0.013206761688788777,0.0020629190303951828,0,1,48.13704012999065,0.8139194139194137
2.02,0.7558794633047095,0.15658475923084486,0.2792746208342519,0.4589073889703946,0.10291755988194212,5.879272076938681,6.392381207862525,0.7589861201415261,0.14164253290756262,0.2963911456163053,0.0151980599569681,0.012373048661914725,0.0015923531775753896,0,1,48.17605540881475,0.6446886446886447
2.04,0.7646951188780636,0.1591220798250902,0.2813110056852415,0.4584534123149724,0.10095998734499355,5.8761002758711225,6.385010524054826,0.7675911307012626,0.14427953315862252,0.29823780768227703,0.015038287146543431,0.013484980979633413,0.0014365059709106065,0,1,48.21013803906633,0.5882783882783882
2.06,0.7734984760322824,0.161675145666827,0.28331887901514996,0.45830332465492307,0.09932333693612491,5.887327178097549,6.380473002902635,0.7761912984779828,0.14693228493837718,0.30005464621601113,0.014880078728272392,0.012364791103647257,0.0021176477202568544,0,1,48.253425026367516,0.838095238095238
2.08,0.7822978309839831,0.16424601645865847,0.28527747794886443,0.45811534073335997,0.0963879196342128,5.881609274358274,6.359633765022998,0.7847866744733076,0.14960052218786987,0.30184147953516843,0.014723262111179091,0.012523639864692713,0.0013190595740110167,0,1,48.29002017492416,0.5399267399267399
2.1,0.7910780853443303,0.16682971333559843,0.2871780870195922,0.4571877897396526,0.09374082118697026,5.877451891262086,6.345525774697671,0.7933773115776419,0.15228397768073232,0.30359812895790594,0.014567882155227477,0.013804577536872356,0.0014318581305282074,0,1,48.316141185798536,0.5882783882783882
2.12,0.799838705698133,0.16942551881896556,0.2890322642632158,0.4564317342811621,0.09137456552279688,5.872848518968534,6.325680200873597,0.8019632645483024,0.15498238305018727,0.3053244188207452,0.01441378117787502,0.01418859139989869,0.0013930720908093552,0,1,48.3433247302702,0.5721611721611721
2.14,0.8085783113205851,0.1720325008861864,0.2908344146768553,0.45562489148740604,0.08915935951743308,5.866852092887605,6.3158503122880285,0.8105445899869436,0.15769546881582486,0.30702017649613855,0.0142608567139695,0.013071010302167526,0.001329293787476593,0,1,48.37118871967186,0.5479853479853478
2.16,0.8173002094317706,0.17465117550785858,0.29260532716641163,0.45491952116150175,0.08717865388696666,5.865383741468488,6.29284619751653,0.8191213463162934,0.16042296441014908,0.3086852324097316,0.014108970837523209,0.0121146280899398,0.001548203687158467,0,1,48.399302630330894,0.6205128205128204
2.18,0.8260009878545485,0.1772800595407614,0.29431383724176846,0.4539345716384832,0.08400786557428182,5.854901713810684,6.274818512827194,0.8276935937562067,0.16316459820489282,0.31031942005732055,0.013958110465555434,0.01073631838076253,0.0011445513564316556,0,1,48.42291196422363,0.47545787545787543
2.2,0.8346777252039007,0.17991763874505484,0.29597754173760654,0.4529538539555313,0.08218798065658599,5.8491682483408365,6.258451432186743,0.8361424261350795,0.16588173641144888,0.31192257602150236,0.013808104854214898,0.011968934858220039,0.0013494809947827702,0,1,48.44695099422418,0.5479853479853478
2.22,0.8433286422375994,0.18256292625415546,0.2976047316731625,0.4506363630316497,0.08107417884024941,5.781782614958885,6.196129517326887,0.8427577162110086,0.16802099368902684,0.31349453998801663,0.01365711887784442,0.011640804885685902,0.001598572930085973,0,1,48.45872920633082,0.5238095238095238
2.24,0.8518916342132198,0.18519652887107582,0.29922963041028766,0.4439449018040289,0.08074497825803899,5.659986869055688,6.059267399518156,0.8501789962951336,0.1704336304270778,0.31503515476177674,0.013505688902788278,0.011133303891511478,0.004841392709194647,0,1,48.505911333401805,1.5956043956043955
2.2600000000000002,0.8602890036159094,0.18779402224934172,0.300821700318707,0.43539620414873953,0.07829864118270925,5.5821489568626514,5.969689922703673,0.8583750038332617,0.17311192756556892,0.3165442662825891,0.013356843085807197,0.01497039329706505,0.0025462017706788242,0,1,48.55972528572068,0.8461538461538461
2.2800000000000002,0.8685520723785373,0.19036419351558861,0.3023661226331171,0.4307131240262422,0.07647804939164721,5.555991483268896,5.94229834609419,0.8672953840568816,0.17604165879608494,0.31802172364055914,0.01321139205175699,0.013583815630442572,0.0005170666033379456,0,1,48.570401498639285,0.24175824175824176
2.3000000000000003,0.8767628349531723,0.1929319120840543,0.30388733016930447,0.4306182090697549,0.07488998338061614,5.605840890095238,5.970417229381029,0.8768719479639676,0.17920238763606397,0.3194673790911824,0.013069117474228998,0.013398881590751819,0.004048954529704996,0,1,48.64466433226165,1.4666666666666666
2.32,0.8850114574705957,0.19552505128692285,0.30535303604045,0.4352002069901064,0.07208825078328615,5.716072570698256,6.07544358647858,0.8870203669282336,0.18256792581318926,0.3208810880701184,0.012929382099433518,0.012187713502272468,0.007202003461087181,0,1,48.91073266465072,2.3531135531135527
2.34,0.8933841586109519,0.19817051704019423,0.3067834385937618,0.44407455187623,0.07079259924675074,5.916178033723257,6.255182476897995,0.8976422618748305,0.18610694246026493,0.32226270920764744,0.01279115563275356,0.01441829044296421,0.013089394509896823,0,1,49.49042009149199,3.4007326007326
2.36,0.9019577105115235,0.20089281491799726,0.3081828441685978,0.4563825439498779,0.06909958109009232,6.187487150752439,6.484461710172885,0.9086276353359765,0.18978370962502752,0.32361210434280707,0.012653455746619193,0.01382856466981929,0.020807912763672554,0,1,50.38511433566068,3.972893772893772
2.38,0.9107760770782416,0.203706295733751,0.3095534566812995,0.47005905382226,0.06810120535696071,6.583890838244474,6.817122978459661,0.9198575863536267,0.19355896595405858,0.3249291385372083,0.012515549865652549,0.019694408872341095,0.03667198806389804,0,1,51.56070238944707,4.48058608058608
2.4,0.9198555440620101,0.20661672985367768,0.3109127596390874,0.4841050996798099,0.06784409027033561,7.033826432790204,7.200841955224515,0.9312072413305789,0.1973908772134302,0.3262136800885292,0.012377054238100893,0.032438793118531616,0.05632225993081913,0,1,52.82621443654576,4.246886446886446
2.42,0.9291986270692456,0.20962565430893018,0.31226770182045055,0.4981609661622114,0.06764141015145547,7.312102113177441,7.463589746812161,0.9425488287123684,0.20123606964782692,0.327465600543685,0.012237783631147709,0.0498231869253095,0.0630985602548732,0,1,53.904438521012764,3.7391941391941383
2.44,0.9388050298520196,0.2127337314724822,0.31361862342903524,0.5122085401735242,0.06743939398759197,7.345154562094742,7.547999196878987,0.9537548219354932,0.20505071012787554,0.3286847747116736,0.012097501959865876,0.0584968018685261,0.05149153684122393,0,1,54.73348138240369,3.199267399267399
2.46,0.9486741624270961,0.21594152415964687,0.31496496654511125,0.5261969877189988,0.0671044472398629,7.228373943119111,7.476474084630012,0.9647010734849516,0.20879160564984048,0.3298710806760941,0.011955878357071025,0.058853199019484465,0.028680902990508517,0,1,55.40264762888645,2.9816849816849813
2.48,0.958796258910298,0.21924653213887735,0.3162912156977529,0.5386678638548978,0.06533861565978807,7.166747858977176,7.490730646345951,0.9752698632024157,0.21241729407298288,0.3310243998073386,0.0118125968431173,0.054022999062330594,0.011252562543750066,0,1,56.03110553920203,2.957509157509157
2.5,0.9691262779092188,0.22263443513119766,0.3175947098089739,0.5486107548496619,0.0648362862861036,7.265783799898116,7.585521822056405,0.9853527861659513,0.21588909802958645,0.33214461677445517,0.011667668881872047,0.04661215425872036,0.008641924537056478,0,1,56.58878003023249,2.6432234432234427
2.52,0.9796231507409708,0.22609212305921864,0.31887654476065214,0.5563441702230986,0.0630902077706858,7.337086030414491,7.646468822280426,0.9948534094674912,0.21917211472365603,0.3332316195566805,0.011521136212667728,0.03789704576930669,0.0059244215344185225,0,1,56.98026494422857,2.0388278388278387
2.54,0.9902330435132846,0.2296018961611022,0.3201180238996856,0.5603362742130213,0.06103179554661373,7.347777501633304,7.650758629547692,1.0036896329451699,0.22223611583007613,0.33428529945464225,0.011373075660787584,0.03481683247956002,0.002343079563333017,0,1,57.15928850720048,0.9347985347985346
2.56,1.000868651716693,0.23313460308229236,0.32132206392056617,0.5591598878322193,0.05923429251814123,7.293953150106765,7.587198494772366,1.0117956962420214,0.22505633388112076,0.3353055511012287,0.011224017211890397,0.028181474365194484,0.0013745163027386598,0,1,57.19091030106879,0.40293040293040294
2.58,1.0114295732723984,0.23665640851547198,0.3224885250738014,0.5527387996044587,0.057353555155128993,7.169853929014713,7.452767716351305,1.0191237832798534,0.22761411432814208,0.3362922724721254,0.01107479422944401,0.02354463236271913,0.004678396357585379,0,1,57.22722453303802,1.515018315018315
2.6,1.0218202044330884,0.2401346876833392,0.32361839959050626,0.5416693960656954,0.055566250086325826,6.983193740606067,7.253801539311932,1.0256451851427122,0.22989741582278442,0.33724536489601753,0.010926247101343156,0.02226868686644815,0.008191868133702429,0,1,57.39674120487122,2.4256410256410255
2.62,1.031961195676161,0.24354194936301526,0.32471407028696664,0.5266705446035707,0.05424423890292085,6.699148929571892,6.971435203192114,1.031350993214826,0.23190114508902013,0.3381647330644569,0.010779090140305014,0.019788253706849977,0.014119309755717069,0,1,57.82428380150778,3.376556776556776
2.64,1.0417803269049188,0.24685294975297956,0.3257966796589753,0.5083506043579331,0.05398212611948712,6.308043286973105,6.551788800669802,1.0362523059471562,0.2336273169567663,0.3390502850413928,0.010634136891061257,0.021298319077539016,0.027223048270400563,0,1,58.5960056094768,4.263003663003662
2.66,1.0512378455204103,0.25005339189643344,0.32687396857922646,0.4890969982466875,0.05376523770132277,5.697868260191063,5.872514797857856,1.040379944552209,0.23508503459170285,0.3399019322723656,0.01049201219749997,0.02853577153832919,0.058873783570599636,0,1,59.753047588944774,5.0205128205128196
2.68,1.0603267046756375,0.25313997648671394,0.32794778403015395,0.4698068069573239,0.053608767561302194,4.838879415412054,4.997829430763388,1.0437836849567745,0.2362902895686764,0.3407195895933618,0.010352968520453497,0.052142376271856125,0.10515526548671728,0,1,61.23361467941164,5.35091575091575
2.7,1.0690471689765355,0.2561118860285769,0.329018479121702,0.45052776215782836,0.053453030066497736,3.8899637412317305,4.085820722533139,1.0465310251827697,0.23726558607787018,0.34150317523933066,0.010217226658333814,0.09507174087242767,0.15424728368047746,0,1,62.830365484728674,5.286446886446885
2.72,1.0773997166734623,0.2589683807985989,0.330086063764093,0.4312599603978422,0.05329774502760439,3.04813439206128,3.2827455764305915,1.0487055186881993,0.23803939810268224,0.3422526108523607,0.010085066813969768,0.15259632436256196,0.19518061372079268,0,1,64.28319382622887,4.835164835164835
2.74,1.0853848260976935,0.2617087257395141,0.3311505469934769,0.4120033951944957,0.05314291110333035,2.4049029864626648,2.6870010050853557,1.0504047148062927,0.23864547274687647,0.34296782148951493,0.009956831345175558,0.21889369526108615,0.22153851810016306,0,1,65.47886781183867,4.343589743589742
2.7600000000000002,1.0930029753654433,0.26433219034071376,0.33221193781968994,0.39275806013328207,0.0529885269831539,1.909032657114002,2.2084800532477926,1.0517377570126802,0.23912199690209876,0.3436487356303259,0.009832920988172705,0.2917519501180603,0.2395127907229327,0,1,66.52976504239662,4.182417582417582
2.7800000000000002,1.1002546423690527,0.26683804861747545,0.3332702452263938,0.37352394896351293,0.05283459136036062,1.4615529565216288,1.7413700852325338,1.0528226980945832,0.23951064802945865,0.3442952851839468,0.009713786904216901,0.36376818398746147,0.2538689048659223,0,1,67.56488335955744,4.279120879120879
2.8000000000000003,1.1071403047707213,0.26922557909111755,0.3343254781711522,0.3543010557831701,0.05268110293203213,0.9860991775712352,1.2311982576859135,1.0537835981895431,0.23985555288572144,0.34490740549596105,0.009599918934242842,0.4368510126892636,0.27197059601381274,0,1,68.66558719014012,4.3999999999999995
2.82,1.1136604400015164,0.2714940647710499,0.3353776455855063,0.33508937543699585,0.05252806039903518,0.423069772010058,0.6280223219871768,1.0547474769369916,0.2402021804743821,0.3454850353548476,0.009491830556822994,0.5143237246334167,0.29796803276377426,0,1,69.91090282459275,4.810989010989011
2.84,1.119815525271582,0.27364279314082235,0.33642675637505054,0.31588890437341627,0.052375462466010554,-0.09349742276768996,0.058434125424505545,1.0558411945162278,0.24059619727882733,0.3460281169981019,0.009390041140296474,0.603649538181318,0.3214576828351204,0,1,71.09169449203601,4.134065934065934
2.86,1.1256060376042893,0.27567105615271603,0.33747281941950796,0.2966996424882958,0.052223307841362185,-0.3012618433316434,-0.14889831346988489,1.057188338044153,0.24108231389070614,0.3465365961180122,0.009295056155177166,0.6990598986405621,0.31778944448839597,0,1,71.8757859607365,3.0461538461538455
2.88,1.1310324539217185,0.2775781502406707,0.3385158435728056,0.2775215970901029,0.05207159523724618,-0.11632116119859975,0.02606219065713776,1.0589061896350493,0.2417031524520673,0.34701042186709025,0.0092073460657482,0.771979628627015,0.2854605358858943,0,1,72.2992551260469,2.3047619047619046
2.9,1.1360952512403015,0.2793633763726582,0.33955583766314856,0.25835479142322615,0.05192032336955991,0.24170757471143328,0.3830258006011311,1.0611028503881779,0.24249816387488837,0.34744954686315593,0.009127324648743048,0.8130174292636171,0.23949271781835768,0,1,72.59593349133995,2.2886446886446885
2.92,1.140794907102979,0.2810260401879771,0.3405928104930959,0.23919928297954013,0.05176949095793119,0.4796224697352504,0.6435789422425662,1.063874590717736,0.2435026225963317,0.3478539271940757,0.009055327491466765,0.8253826625299078,0.2007670655933546,0,1,72.98300754865099,2.8688644688644684
2.94,1.145131900518959,0.282565452317366,0.3416267708396344,0.2200552028145779,0.05161909672570741,0.5438130357676481,0.6762386406956841,1.0673034918688686,0.2447467247020731,0.3482235224221533,0.008991591401763893,0.8227531366807643,0.179144933140286,0,1,73.52111640982352,3.2153846153846146
2.96,1.1491067139923556,0.2839809290964966,0.34265772745425294,0.20092283989217002,0.0514691393999439,0.630719322704768,0.7169910946262166,1.0714554363098021,0.24625481265194973,0.34855829558817397,0.00893623541869287,0.815697055940694,0.15692764428119313,0,1,74.02587758074571,2.731868131868132
2.98,1.1527198378842862,0.2852717941251574,0.3436856890629997,0.18180282180319926,0.05131961769742101,0.9972023686476704,1.0517268638332207,1.0763784961292036,0.2480447466382249,0.3488582132151002,0.008889244047476898,0.784585047701774,0.1126740343782177,0,1,74.3097077121057,1.6923076923076923
3.0,1.1559717821312825,0.2864373824885637,0.3447106547714336,0.1626994705820957,0.05115916100041763,1.6727595543192129,1.7150970166691832,1.0821017588091724,0.25012743887919575,0.34912324531141903,0.008850453245648437,0.7069366959357338,0.04378743492198628,0,1,74.41860288615315,1.1443223443223443
3.02,1.1589011178217505,0.287490679448984,0.3456704250628624,0.15054383480406158,0.04516598196608689,1.8547257942153126,2.0794978645240314,1.08863461902659,0.2525065629957331,0.3493533653741418,0.008819333226201941,0.5732669581164204,0.003163031538315736,0,1,74.480461431014,1.1523809523809523
3.04,1.1616691026701869,0.2884888330649001,0.34656067597997564,0.14324981494772496,0.04324217621983132,1.7648568881150388,1.9695407385781531,1.0959665537208554,0.2551784461430045,0.34954855039145405,0.008794627240194433,0.4697413291237453,0.0037502730361314296,0,1,74.5469712636164,1.345787545787546
3.06,1.164302040611135,0.28944086395498914,0.34738929524308254,0.13750078638438262,0.039006983975095395,1.7427970875006065,1.9201916894268036,1.1040673858332526,0.2581321468899989,0.3497087808450166,0.008775827488658114,0.3910796699173366,0.0008977366326405056,0,1,74.57999062963646,0.3465201465201465
3.08,1.166871500050148,0.2903722261382406,0.3481185250838506,0.13689343965189005,0.033802881413382654,1.791899224373665,1.9429789635056303,1.1128880301612727,0.26134971707688986,0.34983404071191765,0.008762206967256068,0.31476855686894895,0.00392154964467753,0,1,74.62347543679921,1.3377289377289374
3.1,1.169476623416433,0.2913185300453602,0.34874779578354864,0.1415579525291517,0.028795813466611368,1.9295129774782895,2.041018977489563,1.1223617029722244,0.26480664115843033,0.34992431746627495,0.008752979655769745,0.2556325558004814,0.008626725340376146,0,1,74.84419465722003,2.578754578754579
3.12,1.1722150384649874,0.2923150529397403,0.34927163062292704,0.15111782371358826,0.02363771825123763,2.178685462680566,2.22670635461914,1.132405565672387,0.2684724419831576,0.3499796020804882,0.008747446761313038,0.21915600741976138,0.016774752455189335,0,1,75.40421451186968,3.7230769230769227
3.14,1.1751685277958304,0.29339144751197965,0.34970927567222854,0.16421984850749344,0.020555006558510364,2.6498840530314305,2.5298904947886918,1.1429227622077358,0.27231143768175337,0.3499998890261421,0.008744987864826175,0.1915550863872349,0.03842690671598081,0,1,76.4344089691038,4.835164835164835
3.16,1.178380187863433,0.29456345199169726,0.35011601254489744,0.17840552245134872,0.020243253812530098,3.4535660745728305,3.108394819303735,1.153804800239045,0.2762836304546923,0.349985176274559,0.008745154141954335,0.19743972616366962,0.0844581513659943,0,1,78.00371902809377,5.52014652014652
3.18,1.181858657923584,0.29583441773687086,0.3505203125505096,0.19264395825792152,0.020184094715276407,4.452970549091593,4.001553761416606,1.16493421772299,0.28034570466034975,0.34993546529700176,0.008747689708324957,0.23162955297536475,0.14516381091985045,0,1,79.99793753114118,5.810256410256409
3.2,1.185603964038311,0.2972045936616055,0.3509234371162181,0.206872930610985,0.020125458407224062,5.4135743061240165,4.993757287974549,1.1761874695470065,0.28445210879819105,0.3498507610645268,0.008752413588760926,0.2751503262780978,0.20296897944568879,0,1,82.05566300242423,5.632967032967032
3.22,1.1896158545843416,0.29867412706978885,0.35132539057498186,0.2210929005490045,0.020066992449585697,6.175157980715461,5.866330932905304,1.1874379634794663,0.28855619383048886,0.34973107204748666,0.008759199203856649,0.3218405607091177,0.24585667657007634,1,1,83.87351425627187,5.0608058608058615
3.24,1.1938940859701042,0.3002431669232855,0.35172617632896996,0.23530417909008472,0.020008696339914693,6.444015072593398,6.176176439422551,1.198559171039814,0.2926113788460765,0.3495764102146834,0.008767992349454511,0.3591982691751235,0.2517986036590039,1,1,84.95112957840806,2.675457875457875
3.2600000000000002,1.1984384194277338,0.3019118626829863,0.35212579777045216,0.24950694429894646,0.019950569584790027,6.194968547046095,5.914577378668902,1.2094277370548756,0.29657231437822124,0.34938679103217135,0.008778829785118954,0.38357212967942345,0.21890630495062072,1,1,85.44809657808139,2.659340659340659
3.2800000000000002,1.2032486190805791,0.30368036361188544,0.35252425828184286,0.26370129903841155,0.019892611692224116,5.948038435550866,5.664601424179511,1.2199265116927174,0.3003960137635288,0.34916223346171077,0.008791856753183742,0.3894333593190453,0.18618117984942595,1,1,85.94734277745418,2.6673992673992672
3.3000000000000003,1.2083244508501716,0.30554881838271175,0.3529215612357302,0.2778873036283978,0.019834822171541026,5.705724142683587,5.424994221752506,1.2299474306537408,0.3040429237675837,0.3489027599588716,0.008807342763789052,0.3861071611773311,0.15381062328546397,1,1,86.44691574988641,2.6673992673992672
3.3200000000000003,1.2136656818377949,0.30751737485795255,0.3533177099947104,0.29206499429773264,0.019777200460352865,5.465733595852134,5.1877611784722255,1.2393941729043116,0.30747790728356916,0.34860839647078784,0.008825695035732195,0.3723315999191966,0.1216226934786444,1,1,86.94336813387262,2.6673992673992672
3.34,1.2192720799488195,0.30958617995792925,0.35371270779866326,0.30623438340319586,0.01971970384184931,5.228038935732247,4.952931874838354,1.248184530771029,0.3106711131908165,0.34827917243356304,0.008847469057714769,0.34702110913439954,0.089615280506674,1,1,87.4367624096688,2.6673992673992672
3.36,1.2251433993703769,0.3117553742418356,0.3541064948669437,0.32038981958967505,0.01963902681208555,4.992795494847872,4.72124977523639,1.2562524342414263,0.3135987113812836,0.34791512076932657,0.008873375681128075,0.3139335787265803,0.05780125761821159,1,1,87.92716602312082,2.6673992673992672
3.38,1.2312755810924596,0.31402366371309326,0.35448239106599005,0.33369156572269837,0.016151556888126944,4.76159878750372,4.6166689597223645,1.263549579768311,0.31624347444686945,0.3475162778829414,0.008904235816496759,0.26866235539778066,0.02649713914882479,1,1,88.41478471818108,2.6673992673992672
3.4,1.23763406492253,0.316377993781041,0.35473724112329036,0.3444246022398373,0.010736585204384213,4.689107203280869,4.739032780150178,1.2700466235441021,0.3185951914781122,0.347082683658364,0.008940339101398347,0.2194445068737431,0.009298389195060874,1,1,88.9013098906364,2.6673992673992672
3.42,1.2441773849583264,0.3188024373376352,0.35494987242039056,0.3538306820649885,0.010590557384055236,4.810496593617744,4.864095037709796,1.2757339098627074,0.3206509037518198,0.3466143814546553,0.008981705462548856,0.17677016403179172,0.008968768359312762,1,1,89.38910026892052,2.6673992673992672
3.44,1.250896069864055,0.32129347672459224,0.3551612885683134,0.3631957515762322,0.010548209117831877,4.93525465486577,4.988599021511361,1.2806217165599354,0.32241495666869013,0.3461114181016455,0.009029224566348708,0.14410146548067945,0.008952507271088594,1,1,89.87840807117917,2.6673992673992672
3.46,1.2577896690730017,0.32385102251627507,0.35537188101772943,0.3725421590616021,0.010509453163032246,5.0597659114481175,5.112958159292244,1.2847400113416698,0.3238988670225742,0.34557384389525075,0.00908405271094976,0.11752830904885936,0.008937080397982855,1,1,90.36939753168821,2.6673992673992672
3.48,1.2648578023892858,0.3264750114361035,0.355581704575944,0.3818694228069687,0.010471031503921955,5.183972931426471,5.236944261839389,1.288137724783608,0.32512100941794864,0.3450017125924437,0.009147447197924758,0.0978646415330125,0.008918043035761769,1,1,90.86185618118922,2.6673992673992672
3.5,1.2721000887420377,0.3291653792791818,0.3557907269325151,0.3911783260156363,0.010429826529721868,5.308036988853085,5.360816985740401,1.2908815576248267,0.3261061302784197,0.3443950814058779,0.00922074688269353,0.07906151075889827,0.008906115188992259,1,1,91.35601971745625,2.6673992673992672
3.52,1.2795161655607166,0.33192206774032984,0.35599896161615996,0.4004689975957168,0.010391759833323395,5.431732292426698,5.484340524858424,1.2930543513905601,0.32688470228682664,0.34375401099816644,0.009305351433466806,0.06799416459518641,0.008885358704616986,1,1,91.85171469556781,2.6673992673992672
3.54,1.2871056542723418,0.3347450122218815,0.3562064453124311,0.40974049743340185,0.010354739751158953,5.555277928052473,5.607683715812084,1.294753062088335,0.3274921361530442,0.3430785654758159,0.00940269910144283,0.05765834539853834,0.00887274772325386,1,1,92.34899555859519,2.6673992673992672
3.56,1.2948680422157262,0.33763409714782544,0.35641258439057827,0.4189491061613363,0.01012874944370977,5.678466920939751,5.7258784274742505,1.2960863864638732,0.3279678702144373,0.34236881238281563,0.009514240721171362,0.04889064197487813,0.008860375303449908,1,1,92.84241281734738,2.6673992673992672
3.58,1.3028009938991958,0.3405884950487673,0.35660835852154793,0.42785238088889505,0.008684801463640994,5.800997508310187,5.818815637033904,1.297172098840459,0.32835436144350294,0.34162482269388345,0.00964135840082374,0.0425074100644779,0.008872544512460723,1,1,93.3058696138558,2.6673992673992672
3.6,1.3108928911772473,0.3436036736873209,0.35674229697546445,0.4359140122841636,0.003727033753901722,5.921219992939389,5.89449152478188,1.2981341636882435,0.3286960038892779,0.3408466708073683,0.009785007524203426,0.039638051429531,0.008885623599531878,0,1,93.7170595944578,2.6673992673992672
3.62,1.3191243233077776,0.34667156841082974,0.35674950272618255,0.4418253724366779,-0.00267802099600589,5.950196234700583,5.919840522848213,1.2990996946033082,0.32903800235167296,0.34003443453781035,0.009945318907874375,0.03265463467810501,0.003930521176624624,0,1,93.96727385653111,1.418315018315018
3.64,1.3274232307562943,0.3497641918702535,0.3566556464831295,0.44286966444322623,-0.007489699942995162,5.941805809438107,5.879288402063393,1.3001958341837856,0.3294252301369971,0.3391881951081597,0.010121006743236589,0.02846171157304731,0.0013427282754627234,0,1,94.03444080922942,0.5399267399267399
3.66,1.3357002113020424,0.35284726524061644,0.35644495039176677,0.4391355397160297,-0.013782136394544094,5.867455349043094,5.772556833682208,1.3015466312776485,0.32990110004359374,0.33830803714165414,0.010310237412409459,0.023301823250311448,0.0035751712749007014,0,1,94.05437888389045,1.2007326007326007
3.68,1.343864161254788,0.3558857337804986,0.35611081773414893,0.43067003273029525,-0.02003580065751196,5.7342645213273995,5.596628459300141,1.3032699921938498,0.33050647727339194,0.3373940486533568,0.010510532190583191,0.022165317126654576,0.00711609615785741,0,1,94.15405260736864,2.216117216117216
3.7,1.351832196410795,0.35884770306873626,0.3556453757792593,0.4179483077685598,-0.026671676379238424,5.530800481084462,5.331283937068791,1.3054747807110416,0.33127866177265686,0.33644632104135497,0.01071915670218514,0.020029385002975523,0.013034393976345204,0,1,94.46350171482511,3.2798534798534793
3.72,1.3595260325143002,0.36170313432716467,0.35505221499221296,0.4014101106581541,-0.032308883806425735,5.249310235157119,4.970816639400902,1.308258138127385,0.33225046560699556,0.3354649490776199,0.010933085689988686,0.017402820668052807,0.02246017477986556,0,1,95.06592533501227,3.989010989010989
3.74,1.3668900433013873,0.3644308356614063,0.35438275645335293,0.38278317611373874,-0.03426511495322334,4.875781618560776,4.387601519609157,1.3117030892572588,0.33344940842374227,0.33445003089853037,0.011149674290112106,0.024674320759489124,0.047202690301939576,0,1,96.01283182470796,4.883516483516483
3.7600000000000002,1.3739001233405033,0.36702201141909474,0.353695645486654,0.36360040518676756,-0.034352276132044446,4.285167141724676,3.562005088771939,1.315876493324888,0.3348970509181444,0.3334016679950583,0.011367215467298079,0.05381961215591416,0.08992309106378366,0,1,97.3190865465189,5.213919413919413
3.7800000000000002,1.3805515031919107,0.3694754080382481,0.35300953794925877,0.3443834502943958,-0.03425310080284273,3.4727509647695256,2.6596542332197153,1.3208273902996035,0.3366084825822773,0.33231996520262064,0.011584499391327333,0.09913934720251993,0.13840129365037704,0,1,98.85175125659477,5.286446886446885
3.8000000000000003,1.3868439774643047,0.3717915249161184,0.352325421736423,0.3251775559945836,-0.03415359312393441,2.8824849407072306,2.070279835610519,1.3265857835668493,0.33859197597407753,0.33120503069059504,0.011800264075376848,0.17097750419054963,0.16341738563024713,0,1,100.00424712061374,3.6344322344322344
3.8200000000000003,1.3927775670126226,0.37397094403134384,0.35164329293158236,0.3059828703289491,-0.0340543745909409,3.0573659313630976,2.300216991398772,1.3331618891679502,0.34084881540525575,0.33005697595150363,0.012013066473216708,0.2308169986840196,0.12699626480176243,0,1,100.39399917119376,1.2893772893772895
3.84,1.3983526961364028,0.3760143917873649,0.35096137560460483,0.28730276371885066,-0.03603793163628022,3.892675724758869,3.293830004403065,1.340545870429838,0.3433733034254081,0.3288759157898637,0.012221308330970373,0.2356451724419518,0.03341830637772755,0,1,100.4287410780006,0.20146520146520147
3.86,1.4036877191475143,0.3779652413710452,0.3501005333139437,0.2823421576855937,-0.044334827606263026,3.8788054866072623,3.65314227488675,1.3487080649218344,0.34615294389395934,0.3276619683107071,0.012425683062008759,0.19183777413340922,0.00014463656476099152,0,1,100.43083589483709,0.06446886446886446
3.88,1.4089711249235164,0.3798919123532214,0.3492038394162277,0.2794979312462587,-0.04715618162843917,3.8494755365777773,3.5795973496637394,1.3575996986105132,0.3491687959013924,0.3264152549077701,0.01262864159925835,0.15582870830007386,0.0020684555120748516,0,1,100.43722657714818,0.7333333333333333
3.9,1.4141943228282576,0.38179103691142824,0.3481817135412872,0.2771117704966169,-0.05620833486401155,3.884272524551802,3.5538860271409187,1.3671540701307145,0.352395988444256,0.32513590025135425,0.0128285392415095,0.1303287919694351,0.003529085220606021,0,1,100.47109338948441,1.249084249084249
3.92,1.4194155865294658,0.383682848339022,0.34695416154308056,0.279409893127508,-0.06626837409047963,3.985514483212015,3.608009780120733,1.37728817654362,0.35580438168734524,0.3238240322758589,0.013024803402714545,0.1114282436560309,0.006912702036201979,0,1,100.62272595434403,2.224175824175824
3.94,1.4247279610765413,0.38559976382909555,0.3455525125066837,0.2866398840194546,-0.07413289234145763,4.19237166590886,3.736897171534401,1.3879047410946979,0.3593593569657927,0.32247978216698836,0.013217781988618012,0.09035355617009458,0.013702741378832928,0,1,101.04923762577212,3.4410256410256403
3.96,1.4302204364874214,0.3875724972773884,0.34399647663513244,0.2980110549041938,-0.08122205800781342,4.553530056608419,3.9368524871145376,1.398894593581794,0.36302271448342327,0.32110328434863344,0.013408125515888181,0.08385156239831697,0.02807150831995303,0,1,101.86868606600524,4.456410256410256
3.98,1.4359513742556784,0.3896204492016486,0.3423389482107956,0.31144947105244924,-0.08389014377006142,5.217751188835141,4.262285033644925,1.4101393452405266,0.3667536550322229,0.3196946764694288,0.013596046275005115,0.08759683015635167,0.06394274079387469,0,1,103.15611427858585,5.326739926739926
4.0,1.4419468393184633,0.3917516310780307,0.3406612990935866,0.3255735985720499,-0.0837868785637266,6.128956434676172,4.848488420085399,1.4215142927649214,0.370509820056542,0.3182540993889886,0.01378159081845793,0.11008568707942254,0.11817862710155491,0,1,104.89627937531297,5.673260073260072
4.0200000000000005,1.448212609676017,0.39396707885276216,0.3389878716399555,0.33972338623351517,-0.08354366990086945,7.01416892792993,5.655417445812494,1.4328914803863912,0.3742483630631417,0.31678169716382026,0.013964883968347776,0.1420183193474976,0.1704659860800643,0,1,106.78868569292315,5.3428571428571425
4.04,1.4547489657614256,0.3962659207551766,0.3373193050711339,0.3538649666581831,-0.08330096932621474,7.5352167549524385,6.35508022934535,1.4441428449751927,0.3779270247647697,0.3152776170329195,0.01414622754313927,0.17770390050897855,0.19544910579126895,0,1,108.31162563309,4.504761904761904
4.0600000000000005,1.4615560358291455,0.3986472369401128,0.3356555858125936,0.36799829815934565,-0.08305897379771163,7.555226819148298,6.623253535371924,1.4551433670047977,0.3815051844521625,0.3137420094030459,0.014326190875688323,0.20695728462558222,0.1828625082552115,0,1,109.22711786561317,3.191208791208791
4.08,1.4686339444488252,0.4011101114306477,0.3339966997825791,0.38212338638936166,-0.08281768128483544,7.204089618842905,6.425457661227672,1.465774149985633,0.38494486090975777,0.31217502783368284,0.014505621936688995,0.22275872655228285,0.14244797557973737,0,1,109.71680389658542,2.2564102564102564
4.1,1.475982812650212,0.40365363215130295,0.33234263292660543,0.3962402340280004,-0.08257710038547916,6.683551330955728,5.935239760509594,1.4759253526387615,0.38821163769777467,0.3105768290216814,0.01468564974671108,0.22016330033473896,0.08933646672043816,0,1,110.02399191065422,1.9501831501831497
4.12,1.48360246383369,0.4062767891037465,0.33069208927640675,0.41014996516791263,-0.08315684009142352,6.204039201231879,5.390049447012128,1.4854989016041487,0.3912754897736017,0.30894757278559093,0.014867672901937735,0.20176535722153635,0.0393531753071078,0,1,110.31723291381394,2.2564102564102564
4.14,1.4914558564822162,0.4089655526992659,0.3289031840429745,0.4199781489995577,-0.09505848385394328,5.968788754040542,5.451805409462304,1.4944109177784266,0.3941114911578685,0.30728742204967735,0.015052090977317361,0.16781352725937132,0.009619895621233665,0,1,110.69659616722515,2.651282051282051
4.16,1.4994834058850375,0.411697136514885,0.3269661521848143,0.4281667859351187,-0.0988985244175179,6.067803747073326,5.538488515030987,1.5025937963261242,0.39670038658949913,0.3055965428276307,0.015237713886177303,0.1380677140042434,0.008127775456052366,0,1,111.10620903269192,2.522344322344322
4.18,1.5076590206038842,0.4144611002402803,0.3249411657181175,0.43424504487471305,-0.10497337321046031,6.125795349094287,5.552800303527791,1.5099978888382262,0.39902901377093264,0.3038751042059644,0.01542488844188272,0.11304843073567374,0.005244665397371007,0,1,111.37064460025286,1.813186813186813
4.2,1.5159149442729598,0.4172329681267195,0.32275823492829303,0.43561795208194815,-0.11314810564192276,6.113575321314233,5.514753574425238,1.5165927458180188,0.4010905667805973,0.3021232783271058,0.015612939857642477,0.09196689114046025,0.0014020569446540065,0,1,111.4521883288667,0.5641025641025641
4.22,1.524157131115709,0.4199795971653258,0.32043553239710776,0.43196445750606155,-0.11941109607819522,6.0423474248050395,5.410142086557849,1.52236788842035,0.40288469541798905,0.30034124037218307,0.01580031792566928,0.07443195870242973,0.003515692759365807,0,1,111.47169272592409,1.1846153846153844
4.24,1.5322930947537223,0.422669331844855,0.3179863344221177,0.4235585527011512,-0.12609002117304796,5.90906935886221,5.226324471212104,1.5273330898945943,0.40441743953580805,0.29852916854350664,0.015985802647911062,0.0608100406150993,0.007627113337364322,0,1,111.57855689785691,2.3369963369963367
4.26,1.5402338951784047,0.42527241987893033,0.3153937812751083,0.4107153301249272,-0.132728403126543,5.699096788664601,4.982277601794173,1.5315181592021638,0.4057010016901768,0.2966872440467494,0.016168268977894043,0.05095358387517142,0.011826113396321114,0,1,111.88540134439836,3.0945054945054937
4.28,1.5479024658662937,0.4277638394813062,0.31270025540177576,0.39422766251255786,-0.13632122714966846,5.397657951481593,4.623426540656212,1.5349722315021017,0.4067533655918167,0.294815651072826,0.016346938565532324,0.043123750462516736,0.021569638804904978,0,1,112.5001386738127,4.037362637362636
4.3,1.555239049823697,0.4301253806726984,0.30996296330797907,0.37540438618545235,-0.1370803918652077,4.949193316073494,4.04754063682072,1.5377625823234715,0.4075977717601307,0.2929145767794742,0.01652185336161315,0.045447438887124304,0.045793563969508844,0,1,113.50579880400134,4.794871794871795
4.32,1.5622184016546314,0.43235085581767607,0.3072246046620271,0.35618906971688297,-0.13671569041767503,4.250506602836487,3.238479263237354,1.5399729939730051,0.40826206536737375,0.29098421127253904,0.016694044546604527,0.06826914991925978,0.0873271437947232,0,1,114.87951670114131,5.238095238095238
4.34,1.568837320382839,0.43444148203312133,0.30449406536401397,0.33697629535388784,-0.13631855116651648,3.3741996476842906,2.33941866082949,1.5417017137722164,0.4087779344200636,0.2890247475869628,0.016864958190468154,0.11438807697467601,0.135619371070038,0,1,116.46345664177296,5.286446886446885
4.36,1.5750952888714624,0.43639935430234267,0.301771458403853,0.3177747231370597,-0.13592253561121553,2.47736125351177,1.5032727440255402,1.5430590538074969,0.40918005908005517,0.28703638166748097,0.01703586155729471,0.1927541906983146,0.17920398556901318,0,1,118.03752280177292,5.165567765567764
4.38,1.5809918347203649,0.43822657053049024,0.2990567608199581,0.2985843598685581,-0.13552767050810358,1.6718450020550422,0.8348437465568289,1.5441646907602455,0.409505195012878,0.28501931234902855,0.01720773827739597,0.29220940138859286,0.21022082148025623,0,1,119.44444319171967,4.867399267399267
4.4,1.586526497370699,0.43992522083322894,0.2963499496350078,0.27940521185350453,-0.13513395251756527,1.0383230108789214,0.33830042724353715,1.5451447318415803,0.409791215116268,0.2829737413368565,0.017381257511873277,0.4024081914817686,0.22835722883190185,0,1,120.63551791088359,4.335531135531135
4.42,1.591698828169671,0.44149738756895385,0.2936510019384249,0.26023730017816504,-0.13474137830715324,0.6827339408347192,0.008914059865801469,1.5461286187020626,0.41007613479446076,0.2808998731863615,0.01755674955416569,0.5123356656603356,0.23463311649392024,0,1,121.5558775941904,3.602197802197802
4.44,1.5965083906791093,0.4429451454424806,0.2909598948861892,0.2410806776972443,-0.1343499445541008,0.6474291846584744,-0.08166555244136002,1.5472459452747909,0.41039714608850497,0.27879791528263026,0.01773418792314165,0.6150916870513021,0.22167910466506716,0,1,122.18398394149665,2.9978021978021974
4.46,1.600954761465915,0.4442705617467733,0.2882766057006443,0.2219354655079025,-0.1339596479452943,0.8356309353939712,0.028869372103036656,1.5486232677367024,0.4107896854522478,0.27666807781970165,0.017913178610496433,0.6920733496410417,0.1943179294905688,0,1,122.62582922056065,2.6432234432234427
4.48,1.605037531926787,0.4454756968973054,0.2856011116703043,0.20280193120461454,-0.13357048517724493,1.0740175065664868,0.180231179199748,1.5503809850801562,0.4112865587980609,0.2745105737795469,0.018092956966047787,0.7471370355735727,0.1639062005809569,0,1,123.03902498309931,2.852747252747253
4.5,1.6087563123314998,0.44656260558711897,0.2829333901496601,0.1836806565724355,-0.13318245295648232,1.156260724769525,0.24668894157207896,1.5526303671639545,0.4119171456631317,0.2723256189107724,0.01827239251230725,0.7762380407076488,0.13987431989279794,0,1,123.55655308637805,3.239560439560439
4.5200000000000005,1.6121107406182607,0.44753333925715577,0.280273418558942,0.1645728961946058,-0.13279554800645327,1.099674763135761,0.2750549515706047,1.5554708035965743,0.4127067020193802,0.270113431707044,0.01845000178445188,0.7964842166512972,0.11871262070558433,0,1,124.13878227682926,3.199267399267399
4.54,1.6151005013390978,0.4483899513461341,0.2776211743824399,0.14548134152435704,-0.13240976767973153,1.2134226976711724,0.44321429090635955,1.5589873414777038,0.413675778435234,0.26787423338523875,0.018623969108118116,0.7898880205696285,0.08708241384723109,0,1,124.57501425608413,2.3047619047619046
4.5600000000000005,1.6177253719657119,0.44913451001716587,0.274976618976556,0.1264171335038345,-0.13204010806627275,1.6667720062682245,0.8841648435070706,1.563248573015156,0.41483976707538783,0.2656082478633226,0.018792175135072916,0.7234636149545248,0.035017149708212375,0,1,124.79593717576287,1.668131868131868
4.58,1.62002036938008,0.44977891151440286,0.27229994989295153,0.11393785972078338,-0.13565541456221766,1.8280378263314165,1.1343414538107508,1.5683049255123855,0.4162085874852015,0.2633157017379597,0.018952559757884666,0.590529361464059,0.003087721918155706,0,1,124.89312106519836,1.1443223443223443
4.6000000000000005,1.6221539105626492,0.4503717336505067,0.2695756639904417,0.10728796202293399,-0.13691683707727464,1.7489127562709676,1.047431146644625,1.5743081630484683,0.4178187728151661,0.260996824261852,0.019104201455225362,0.47942217384981534,0.002716426979904929,0,1,124.94350663668888,1.0234432234432234
4.62,1.6241718348331176,0.45092647765053645,0.2668188514421177,0.1028369431096717,-0.13968487371409427,1.7436187242457795,1.0146933909047509,1.583006207710555,0.42013047824855154,0.25865184732081475,0.019242351273547204,0.3882269869916639,0.0013943352030838518,0,1,124.96561610250514,0.4673992673992673
4.64,1.6261520957398643,0.45146489967887915,0.26397800466402926,0.10353152293511803,-0.14434707614020703,1.809411608217629,1.0584772262649458,1.5917096804625324,0.4224216622631317,0.25628100541058796,0.019364038932112127,0.3239584450993218,0.004748403214564795,0,1,125.03274085761511,1.5956043956043955
4.66,1.6281960512110285,0.4520142924587518,0.26105294003445917,0.10937397416787946,-0.148500147269222,1.9639471814558715,1.1738613690658202,1.6004185913331959,0.42469208794068086,0.2538845356133868,0.019469616146414126,0.2685690125724386,0.009707036460158719,0,1,125.30313751967827,2.7882783882783877
4.68,1.630399097068103,0.4525994203670135,0.2580382175613284,0.11985539467655805,-0.15264983443311936,2.243198984737349,1.395727453865953,1.6091329481811047,0.4269415201388285,0.25146267757419416,0.019559484456996838,0.21901277430365979,0.019381060636450453,0,1,125.9493326062716,3.9487179487179485
4.7,1.6328415802277616,0.45324017237632935,0.2549698111338565,0.13355341242084953,-0.15381284571621134,2.753938620769809,1.7546089181430715,1.617852756690111,0.42916972552178806,0.2490156734767955,0.019634008180535196,0.18982244810852267,0.043767543450805996,0,1,127.06994186942538,4.867399267399267
4.72,1.6355583813219852,0.45394397560029637,0.25189676266675015,0.14781571650192846,-0.15343173691722728,3.567761031524345,2.401794492888972,1.6265780203657498,0.4313764725911714,0.24654376801956168,0.019693410160203526,0.1938820500545215,0.09061433084812423,0,1,128.68614059678265,5.544322344322344
4.74,1.638553781012458,0.45471015714465646,0.24883236381989585,0.16207893119194092,-0.1529860465438699,4.532680088358909,3.347873796814196,1.6353087405324975,0.433561531716879,0.2440472083909782,0.019737843932933496,0.22239090354285687,0.14880472659164193,0,1,130.6784188764693,5.810256410256409
4.76,1.6418279719701896,0.45553699000565845,0.24577686717943306,0.17632961226887817,-0.15254161066929095,5.400373849855845,4.307377748002119,1.6440449163318998,0.4357246751680576,0.24152624424492772,0.019767503105632078,0.27506483310287894,0.19971552044314497,0,1,132.60322340932467,5.230036630036629
4.78,1.6453811182539282,0.45642274996117277,0.24273024698459028,0.1905695918257121,-0.1520984659136775,5.92170152280732,4.921881383621622,1.6527865447215724,0.43786567714411156,0.23898112767572388,0.019782633969482336,0.32575353865656703,0.22465931386123816,1,1,134.0048189717218,4.093772893772893
4.8,1.6492134017777704,0.45736572715757223,0.2396924774486318,0.20479991428670147,-0.15165660852662902,5.958119770395607,5.022335735542379,1.6615336204750812,0.43998431380576264,0.2364121131929028,0.019783534883915772,0.37021841573563263,0.2132443128729095,1,1,134.78835293726155,2.6673992673992672
4.82,1.6533250105312332,0.45836422288051776,0.23666353285973346,0.21902117259786885,-0.15121603476824386,5.668272516565827,4.720740590182643,1.6702861361826982,0.4420803633061424,0.23381945769577184,0.019770555470246295,0.3903112653905558,0.17736821953860185,1,1,135.22925659350753,2.4175824175824174
4.84,1.657716131935619,0.4594165477510217,0.2336433875807657,0.23323370428252127,-0.15077674090957013,5.380379210388889,4.417080177010311,1.6790440822530375,0.44415360582191044,0.23120342044772024,0.01974409582308076,0.3907917960397304,0.14164715572382708,1,1,135.6773985048158,2.6673992673992672
4.86,1.6623869491247771,0.46052102072258805,0.2306320160489497,0.24743770238290974,-0.1503387232790484,5.143583044944743,4.189847536606301,1.6878074469155728,0.4462038235843851,0.22856426305029268,0.019704605725045597,0.37302071972045925,0.10976666856492673,1,1,136.16535940757308,2.6673992673992672
4.88,1.6673376388644914,0.46167596852210996,0.22762939271121715,0.26163327181066043,-0.14990200172855656,4.909135994130514,3.964962865892396,1.6965762162240379,0.44823080091067624,0.22590224941702972,0.019652583857698656,0.346338439870239,0.07807054742070235,1,1,136.65035156804325,2.6673992673992672
4.9,1.6725683619361944,0.4628797233758047,0.22463546046453256,0.27581730845087543,-0.14947801551972711,4.677062301172976,3.7426974954186396,1.7053503740607114,0.4502343242348096,0.22321764574707625,0.01958857696443239,0.3077846958873838,0.0465615411883496,1,1,137.13241687963335,2.6673992673992672
4.92,1.6780765781286406,0.4641300065925339,0.22164099332674037,0.28930962656141734,-0.15110820279416642,4.46133810071726,3.6108528960359356,1.7141299021415863,0.4522141821388282,0.22051072049856227,0.01951316475462471,0.2590727456288163,0.01658017246148552,1,1,137.61168234913046,2.6673992673992672
4.94,1.6838206509485005,0.4654156227967877,0.21859404056368598,0.29945013779886215,-0.1525953135738812,4.500007590377658,3.727425749259223,1.7229147800224176,0.45417016538386284,0.21778174436175662,0.01942667555514202,0.20863241501056068,0.009099902974616991,1,1,138.09030898119786,2.6673992673992672
4.96,1.6897569834858301,0.4667252743522269,0.21554739937742282,0.3089271168082639,-0.15203260682196806,4.624276387056862,3.8550205870066074,1.7317049851056614,0.456102066941157,0.2150309902319991,0.019329320940844438,0.17194513749232507,0.009085622513405556,1,1,138.57043447689657,2.6673992673992672
4.98,1.6958822611086677,0.46805709012208474,0.2125121937283081,0.3183819655243046,-0.15145954371362202,4.748602984925802,3.982321927107516,1.740500492648289,0.45800968202303444,0.21225873318241015,0.019221574683693808,0.14310980226668188,0.009069492314347283,1,1,139.0521203838408,2.6673992673992672
5.0,1.7021962678240834,0.4694099217609193,0.20948846056275688,0.32781782602538245,-0.15088671022013347,4.872816594981923,4.109311097298264,1.7493012757704889,0.45989280811379896,0.20946525043638478,0.019103958785336397,0.12091681923937034,0.009048981213812646,1,0,139.51121388388367,12.36190476190476
5.0200000000000005,1.7086201462084243,0.4707660847804679,0.20647631113139062,0.3271509070626123,-0.15030650204092266,4.741632156036303,3.980584204887962,1.7581073054652419,0.4617512450005512,0.20665082133986942,0.018976966976593172,0.10256714442848822,8.673074766485378e-05,1,0,139.51121388388367,18.0029304029304
5.04,1.7150015745351443,0.4720932629820651,0.20347557181206458,0.32451621596687974,-0.14973943278852908,4.705096801845465,3.9469200943833584,1.7669185506087817,0.46358479480391146,0.20381572733342865,0.018840742131042303,0.08550596006716171,8.444805829044277e-05,1,0,139.51121388388367,18.0029304029304
5.0600000000000005,1.7213353768292463,0.47339075583346135,0.20048615353972143,0.32188679419369526,-0.14917450295989343,4.668637516689835,3.9133212208883106,1.7757349779719267,0.46539326200863707,0.2009602519241003,0.01869527050503199,0.07320962396483319,8.213600433737422e-05,1,0,139.51121388388367,18.0029304029304
5.08,1.727621521949707,0.4746589525298821,0.19750801360281303,0.3192626370169034,-0.14861170447278263,4.632253761874856,3.879787086161438,1.7845565522322824,0.4671764534941183,0.19808468065704596,0.018540529608952423,0.06758912834968646,7.982872611789205e-05,1,0,139.51121388388367,18.0029304029304
5.1000000000000005,1.7338599811373023,0.47589823986921465,0.19454110945094918,0.31664373401340473,-0.14805102928616487,4.5959453781743,3.84631757168976,1.7933832359873187,0.4689341785647429,0.1951893010869958,0.01837648944838,0.056321713083453434,7.752621470358267e-05,1,0,139.51121388388367,18.0029304029304
5.12,1.7400507279706834,0.4771090022534296,0.191585398694272,0.31403007479320955,-0.1474924693893454,4.559712206878542,3.8129125593233044,1.8022149897683115,0.47066624898011483,0.19227440274949428,0.018203112723971765,0.050950271586372026,7.522846129454086e-05,0,0,139.51121388388367,18.0029304029304
5.14,1.7461937383340866,0.47829162169255657,0.18864083910285012,0.3114216490006467,-0.1469360168018517,4.523554089809739,3.779571931290864,1.8110517720551436,0.4723724789851146,0.18934027713194598,0.018020355031833947,0.04211138014788547,7.293545726810846e-05,0,0,139.51121388388367,18.0029304029304
5.16,1.7522889903853966,0.4794464778088455,0.18570738860607552,0.3088184463156937,-0.1463816635733196,4.487470869339068,3.7462955702178187,1.8198935392919693,0.47405268533978734,0.1863872176444674,0.017828165064324403,0.038225232889482076,7.064719419430654e-05,0,0,139.51121388388367,18.0029304029304
5.18,1.7583364645245605,0.48057394784111235,0.18278500529206218,0.3062204564554439,-0.1458294017833798,4.451462388405786,3.7130833591457613,1.8287402459037256,0.475706687349046,0.1834155195905466,0.017626484811246654,0.032775427678504616,6.836366385210013e-05,0,0,139.51121388388367,18.0029304029304
5.2,1.7643361433623632,0.48167440664926253,0.17987364740704745,0.30362766917572653,-0.14527922354154468,4.415528490538289,3.6799351815541357,1.8375918443134982,0.47733430689217704,0.18042548013751245,0.01741524976139036,0.03057452450998532,6.608485824832755e-05,0,0,139.51121388388367,18.0029304029304
5.22,1.7702880116895567,0.48274822671899,0.1769732733547955,0.3010400742728941,-0.1447311209870954,4.379669019877388,3.646850921384083,1.8464482849607238,0.47893536845213414,0.17741739828681868,0.01719438910437999,0.029351945564005968,6.381076963812848e-05,0,0,139.51121388388367,18.0029304029304
5.24,1.776192056446345,0.48379577816664593,0.1740838416960029,0.29845766158579173,-0.14418508628896973,4.343883821201987,3.6138304630646867,1.8553095163202329,0.48050969914460623,0.1743915748441435,0.016963825932787766,0.027893194449684206,6.154139054692642e-05,0,0,139.51121388388367,18.0029304029304
5.26,1.7820482666922306,0.48481742874427525,0.17120531114770668,0.29588042099792894,-0.14364111164564997,4.308172739957429,3.5808736915418846,1.8641754849221228,0.4820571287468486,0.17134831238930984,0.016723477444469274,0.02641553295434019,5.927671379524213e-05,0,0,139.51121388388367,18.0029304029304
5.28,1.7878566335762245,0.48581354384481457,0.16833764058269432,0.2933083424398722,-0.14309918928505194,4.272535622286752,3.5479804923102924,1.8730461353724512,0.4835774897262616,0.16828791524602688,0.016473255145079434,0.025025970231532125,5.7016732525672076e-05,0,0,139.51121388388367,18.0029304029304
5.3,1.7936171503074145,0.48678448650744965,0.16548078902891628,0.2907414158918784,-0.1425593114644134,4.236972315065133,3.5151507514482043,1.8819214103747481,0.4850706172687045,0.16521068945145892,0.016213065050730145,0.021737419667768133,5.4761440231976266e-05,0,0,139.51121388388367,18.0029304029304
5.32,1.7993298121259063,0.48773061742312745,0.16263471566890048,0.28817963138679564,-0.14202147047018385,4.201482665937846,3.482384355656116,1.8908012507523375,0.48653634930653095,0.1621169427256208,0.015942807890745956,0.01942919494944398,5.25108307921629e-05,0,0,139.51121388388367,18.0029304029304
5.34,1.80499461627413,0.48865229494021994,0.15979937983916945,0.28562297901325434,-0.14148565861791396,4.166066523362058,3.449681192299078,1.8996855954714582,0.4879745265463327,0.15900698444060726,0.015662379310479035,0.01958404032802195,5.026489850362692e-05,0,0,139.51121388388367,18.0029304029304
5.36,1.8106115619685246,0.48954987507033404,0.1569747410296589,0.2830714489191784,-0.140951868252146,4.13072373665285,3.417041149453268,1.9085743816651775,0.48938499249637846,0.1558811255896549,0.015371670074139527,0.018433901812945488,4.8023638122340895e-05,0,0,139.51121388388367,18.0029304029304
5.38,1.8161806503715971,0.4904237114942662,0.15416075888313915,0.2805250313156458,-0.14042009174630443,4.09545415603384,3.3844641159571736,1.9174675446580867,0.4907675934937348,0.1527396787560442,0.015070566267603659,0.018742295884168245,4.578704490570962e-05,0,0,139.51121388388367,18.0029304029304
5.4,1.8217018845643682,0.4912741555680973,0.15135739319463862,0.27798371648113424,-0.1398903215025869,4.060257632692889,3.3519499814678446,1.926365017991777,0.4921221787310547,0.1495829580818404,0.01475894950115949,0.016029693994234973,4.3555114659088456e-05,0,0,139.51121388388367,18.0029304029304
5.42,1.827175269519208,0.4921015563294223,0.14856460391086915,0.27544749476618613,-0.13936254995185568,4.025134018843346,3.3194986365226904,1.9352667334510727,0.49344860028302245,0.14641127923648062,0.014436697112145272,0.018745690569213963,4.132784378774179e-05,0,0,139.51121388388367,18.0029304029304
5.44,1.8326008120730644,0.492906260503715,0.1457823511296539,0.2729163565985354,-0.13883676955352972,3.990083167791371,3.287109972607353,1.9441726210910253,0.49474671313244045,0.14322495938520605,0.014103682367446788,0.020193087184266545,3.9105229353242343e-05,0,0,139.51121388388367,18.0029304029304
5.46,1.837978520901096,0.4936886125108197,0.14301059509935726,0.27039029248873747,-0.13831297279547647,3.9551049340099134,3.2547838822302246,1.95308260926465,0.49601637519594527,0.1400243171573468,0.013759774665808074,0.021247598612731497,3.688726913447793e-05,0,0,139.51121388388367,18.0029304029304
5.48,1.8433084064907217,0.4944489544715706,0.1402492962183168,0.2678692930363538,-0.13779115219390514,3.9201991732199963,3.2225202590042783,1.9619966246513962,0.49725744734934135,0.13680967261445826,0.01340483973991745,0.02151781368205651,3.467396169609671e-05,0,0,139.51121388388367,18.0029304029304
5.5,1.848590481116085,0.49518762621453183,0.13749841503427757,0.26535334893673923,-0.13727130029325904,3.8853657424799546,3.19031899773685,1.9709145922863425,0.49846979345253667,0.13358134721831608,0.013038739858230869,0.01778825922912159,3.246530646183743e-05,0,0,139.51121388388367,18.0029304029304
5.5200000000000005,1.853824758812953,0.49590496528285705,0.13475791224382822,0.26284245098849335,-0.13675340966610972,3.8506045002834375,3.158179994528176,1.9798364355901,0.4996532803740713,0.13033966379876935,0.012661334026489137,0.01738213664178855,3.0261303796408345e-05,0,0,139.51121388388367,18.0029304029304
5.54,1.859011255354058,0.49660130694126386,0.13202774869183972,0.2603365901016352,-0.13623747291305055,3.815915306666952,3.126103146879474,1.9887620763994205,0.5008077780152237,0.1270849465214589,0.012272478188893134,0.01760675308868348,2.80619550933614e-05,0,0,139.51121388388367,18.0029304029304
5.5600000000000005,1.864149988224898,0.49727698418311944,0.12930788537090573,0.2578357573065708,-0.13572348266259116,3.781298023327868,3.094088353811488,1.9976914349984862,0.5019331593336842,0.12381752085539993,0.011872025428892782,0.01869490237591508,2.5867262873013885e-05,0,0,139.51121388388367,18.0029304029304
5.58,1.869240976600003,0.4979323277376351,0.1265982834207854,0.2553399437639289,-0.1352114315710519,3.7467525137538766,3.062135515994474,2.0066244301508807,0.5030293003667815,0.12053771354043649,0.011459826169557798,0.019730740802461132,2.3677230888030643e-05,0,0,139.51121388388367,18.0029304029304
5.6000000000000005,1.874284241319693,0.49856766607716463,0.12389890412784807,0.2528491407753432,-0.1347013123224588,3.712278643364941,3.0302445358906844,2.0155609791322155,0.5040960802542522,0.11724585255456663,0.011035728373482934,0.01967313528897235,2.149186423983096e-05,0,0,139.51121388388367,18.0029304029304
5.62,1.879279804867335,0.4991833254246031,0.1212097089245201,0.2503633397952728,-0.13419311762843966,3.677876279668939,2.998415317910541,2.0245009977634103,0.5051333812605409,0.11394226708114599,0.010599577742194019,0.025678761750898844,1.9311169505931147e-05,0,0,139.51121388388367,18.0029304029304
5.64,1.8842276913471308,0.4997796297608838,0.11853065938873397,0.24788253244395483,-0.13368684022811916,3.643545292432256,2.9666477685837522,2.0334444004446093,0.5061410887966173,0.11062728747596882,0.010151217915015632,0.023318307246787576,1.7135154878278325e-05,0,0,139.51121388388367,18.0029304029304
5.66,1.889127926462441,0.5003569008325679,0.11586171724337924,0.24540671052159577,-0.13318247288801563,3.6092855538667066,2.9349417967467613,2.0423911001897097,0.5071190914413043,0.10730124523423303,0.009690490667358172,0.02401902111042804,1.8594083134287898e-05,0,0,139.51121388388367,18.0029304029304
5.68,1.8939805374946865,0.5009154581595237,0.11320284435575567,0.24293586602391554,-0.13268000840193758,3.5750969388343203,2.903297313748057,2.051341008661512,0.5080672809620963,0.10396447295739134,0.00921723610839388,0.02600750550832648,2.0634103556876893e-05,0,0,139.51121388388367,18.0029304029304
5.7,1.8987855532828388,0.5014556190426913,0.11055400273702841,0.24046999115916975,-0.13217943959088063,3.5409793250716275,2.871714233672975,2.0602940362074467,0.5089855523354675,0.10061730431989054,0.008731292878074795,0.025099942615003742,2.2669888570692187e-05,0,0,139.51121388388367,18.0029304029304
5.72,1.9035430042035364,0.5019776985719298,0.10791515454168525,0.23800907836678492,-0.13168075930292492,3.5069325934352262,2.8401924735897914,2.0692500918958947,0.509873803766653,0.09726007403580536,0.0082324983434617,0.02570436226280748,2.4701420005157626e-05,0,0,139.51121388388367,18.0029304029304
5.74,1.9082529221518576,0.5024820096339391,0.10528626206699578,0.2355531203377558,-0.13118396041313302,3.4729566281706075,2.8087319538190587,2.0782090835530522,0.5107319367088916,0.09389311782536626,0.0077206887943244585,0.025420215264367434,2.6728677168880166e-05,0,0,139.51121388388367,18.0029304029304
5.76,1.9129153405227795,0.5029688629202577,0.10266728775247291,0.23310211003696557,-0.13068903582344818,3.4390513172063546,2.7773325982283223,2.0871709178003592,0.511559855882124,0.09051677238138879,0.007195699637978831,0.02182888962591234,2.8751636613755238e-05,0,0,139.51121388388367,18.0029304029304
5.78,1.9175302941933698,0.5034385669353264,0.10005819417933609,0.2306560407276039,-0.13019597846259282,3.405216552476024,2.7459943345545184,2.096135500092449,0.5123574692911339,0.08713137533560339,0.006657365593321056,0.020411087210494623,3.077027187761705e-05,0,0,139.51121388388367,18.0029304029304
5.8,1.9220978195057419,0.5038914280046161,0.09745894406997661,0.22821490599787408,-0.12970478128596738,3.371452230270238,2.714717094756571,2.105102734755612,0.5131246882431206,0.08373726522489384,0.006105520884028258,0.024457460412078955,3.278455320254725e-05,0,0,139.51121388388367,18.0029304029304
5.82,1.9266179542508297,0.5043277502828125,0.09486950028742529,0.22577869979019607,-0.12921543727554993,3.337758251621718,2.6835008154009405,2.114072525026762,0.5138614273646986,0.08033478145744247,0.005539999430885092,0.02189812139036617,3.4794447228952974e-05,0,0,139.51121388388367,18.0029304029304
5.84,1.9310907376530246,0.5047478357620573,0.09228982583482151,0.22334741643313044,-0.12872793943979563,3.304134522726228,2.65234543808307,2.123044773092883,0.5145676046183097,0.07692426427879093,0.004960635043210147,0.022304364997207192,3.679991666100113e-05,0,0,139.51121388388367,18.0029304029304
5.86,1.9355162103557353,0.5051519842802298,0.08971988385488484,0.22092105067626955,-0.1282422808135371,3.2705809554026732,2.6212509098879955,2.1320193801309397,0.5152431413180406,0.0735060547378147,0.00436726160933862,0.02627257385309374,3.880091990215995e-05,0,0,139.51121388388367,18.0029304029304
5.88,1.939894414407921,0.5055404935292748,0.08715963762938853,0.21849959772835983,-0.12775845445788458,3.237097467595859,2.590217183893599,2.140996246348234,0.5158879621448385,0.07008049465261969,0.0037597132861390443,0.025164916747399183,4.079741065818321e-05,0,0,139.51121388388367,18.0029304029304
5.9,1.944225393251675,0.5059136590635616,0.08460905057863459,0.21608305329894542,-0.1272764534601271,3.20368398392571,2.559244219720339,2.1499752710231967,0.516501995161116,0.06664792657635946,0.003137824687524266,0.0269280394714477,4.278933750412328e-05,0,0,139.51121388388367,18.0029304029304
5.92,1.9485091917109199,0.5062717743082699,0.0820680862609314,0.21367141364384473,-0.12679627093363335,3.170340436287101,2.5283319841315723,2.1589563525465816,0.5170851718247346,0.06320869376298152,0.0025014310719325243,0.022842028401291882,4.4776643413513284e-05,0,0,139.51121388388367,18.0029304029304
5.94,1.952745855981297,0.5066151305677942,0.07953670837207294,0.21126467561480136,-0.12631790001775375,3.13706676450477,2.4974804516889733,2.1679393884630653,0.5176374270023624,0.059763140132900856,0.0018503685287450233,0.02296984443296587,4.675926524486118e-05,0,0,139.51121388388367,18.0029304029304
5.96,1.9569354336213336,0.5069440170341605,0.07701488074482021,0.20886283671367575,-0.12584133387772178,3.1038629170481875,2.466689605467892,2.1769242755132145,0.5181586989821982,0.05631161023860951,0.001184474163614833,0.021728548757269494,4.8737133183263115e-05,0,0,139.51121388388367,18.0029304029304
5.98,1.961077973544983,0.507258720795441,0.07450256734838433,0.2064658951515779,-0.12536656570455698,3.0707288518116402,2.4359594378379335,2.1859109096758167,0.5186489294860521,0.05285444923022034,0.0005035862826785874,0.027274228919407575,5.0710170132944876e-05,0,0,139.51121388388367,18.0029304029304
6.0,1.965173526015632,0.5075595268441626,0.07199973228791184,0.20407384991337202,-0.12489358871496714,3.0376645369652358,2.4052899513144586,2.1948991862105443,0.5191080636807796,0.049392002820953525,-0.00019245542437266484,0.02348740063900026,5.2678291056124094e-05,0,0,139.51121388388367,18.0029304029304
6.0200000000000005,1.9692221426416903,0.5078467180856949,0.06950633980397189,0.20168670082802043,-0.12442239615125163,3.004669951883,2.3746811594871655,2.203888999700943,0.5195360501890592,0.045924617252564325,-0.0009038097023860332,0.020384370586348143,5.46414022547792e-05,0,0,139.51121388388367,18.0029304029304
6.04,1.9732238763738823,0.5081205753466048,0.06702235427204523,0.19930444864527302,-0.12395298128120472,2.971745088154745,2.3441330880324482,2.212880244097723,0.5199328410995128,0.04245263926072041,-0.001630633550029334,0.02433681175458397,5.6599400589468774e-05,0,0,139.51121388388367,18.0029304029304
6.0600000000000005,1.9771787815043647,0.5083813773829688,0.06454774020201534,0.1969270951192471,-0.12348533739801941,2.938889950688917,2.3136457758167324,2.2218728127623284,0.5202983919761555,0.03897641604032735,-0.0023730820402749,0.024543708298712545,5.855217263150969e-05,0,0,139.51121388388367,18.0029304029304
6.08,1.9810869136678184,0.5086294008886243,0.06208246223766125,0.1945546430994881,-0.12301945782019169,2.9061045589142163,2.2832192760985763,2.2308665985107687,0.5206326618671788,0.03549629521081065,-0.0031313081421112596,0.020585350463059766,6.049959374151981e-05,0,0,139.51121388388367,18.0029304029304
6.1000000000000005,1.9849483298446609,0.5088649205033468,0.05962648515615246,0.19218709663014708,-0.12255533589142484,2.8733889480883987,2.252853657837957,2.239861493657701,0.5209356133130514,0.03201262478135286,-0.003905462543486695,0.020907637258363372,6.24415270704115e-05,0,0,139.51121388388367,18.0029304029304
6.12,1.9887630883665535,0.5090882088209343,0.05717977386754566,0.18982446105796086,-0.12209296498053433,2.840743170723311,2.2225490071217857,2.248857390060729,0.521207212353945,0.02852575311609419,-0.004695693475510832,0.018289018252795643,6.437782247459278e-05,0,0,139.51121388388367,18.0029304029304
6.140000000000001,1.992531248924375,0.5092995363971824,0.05474229341428341,0.18746674314977255,-0.12163233848135328,2.8081672981359227,2.1923054287154184,2.2578541791649083,0.5214474285364703,0.02503602889929514,-0.005502146537909762,0.02199813288288327,6.630831534093495e-05,0,0,139.51121388388367,18.0029304029304
6.16,1.9962528725788646,0.509499171757724,0.052314008970694714,0.18511395122038837,-0.12117344981263774,2.7756614221358653,2.1621230477506708,2.2668517520474394,0.5216562349197276,0.0215438011004696,-0.006324964525753924,0.01969660635379471,6.823282531309705e-05,0,0,139.51121388388367,18.0029304029304
6.18,1.9999280217741424,0.5096873814057172,0.04989488584249739,0.1827660952716227,-0.12071629241797278,2.743225656860736,2.1320020115615974,2.2758499994625208,0.5218336080806625,0.01804941893948712,-0.007164287257452849,0.021332455084261785,7.015115491193491e-05,0,0,139.51121388388367,18.0029304029304
6.2,2.003556760354342,0.5098644298293518,0.04748488946630246,0.18042318714344854,-0.12026085976567882,2.7108601407713073,2.1019424916801737,2.2848488118863446,0.5219795281187268,0.01455323185165167,-0.008020251404021161,0.01891188942542119,7.206308804344475e-05,0,0,139.51121388388367,18.0029304029304
6.22,2.0071391535835903,0.5100305795091465,0.04508398540912021,0.17808524067823445,-0.1198071453487181,2.678565038819594,2.0719446860048354,2.2938480795622276,0.5220939786598425,0.011055589452758863,-0.008892990319612545,0.017189820669748487,7.39683883846376e-05,0,0,139.51121388388367,18.0029304029304
6.24,2.0106752681696265,0.5101860909250099,0.042692139367868365,0.17575227189911885,-0.11935514268460183,2.6463405448036927,2.0420088211557843,2.302847692545835,0.5221769468596639,0.0075568415041335855,-0.009782633873311552,0.015926789201361074,7.586679763929571e-05,0,0,139.51121388388367,18.0029304029304
6.26,2.0141651722913245,0.5103312225630279,0.04030931716888194,0.17342429920364366,-0.11890484531529741,2.6141868839242233,2.0121351550319,2.311847540750491,0.5222284234061397,0.0040573378776553965,-0.010689308282172471,0.017555801418614722,7.775803365533962e-05,0,0,139.51121388388367,18.0029304029304
6.28,2.0176089356304505,0.5104662309219423,0.03793548476742499,0.1711013435738437,-0.11845624680713605,2.5821043155582006,1.9823239795850744,2.320847513992558,0.5222484025213691,0.0005574285207703898,-0.011613135945486963,0.016283144424281686,7.96417883927314e-05,0,0,139.51121388388367,18.0029304029304
6.3,2.021006629407992,0.5105913705192796,0.035570608247204184,0.16878342880406555,-0.11800934075072107,2.550093136267202,1.9525756238288432,2.3298475020368556,0.5222368819627546,-0.002942536578502016,-0.012554235280261063,0.021367555553684567,8.151772573469773e-05,0,0,139.51121388388367,18.0029304029304
6.32,2.0243583264253977,0.5107068938970861,0.03321465381988426,0.16647058174786755,-0.1175641207608358,2.518153683057706,1.9228904570991872,2.338847394642099,0.5221938630234505,-0.0064422074265688325,-0.013512720557871364,0.019320461580279426,8.338547913028238e-05,0,0,139.51121388388367,18.0029304029304
6.34,2.0276641011111662,0.510813051627219,0.03086758782460532,0.16416283258543204,-0.11712058047635276,2.4862863369125594,1.8932688925864567,2.347847081606347,0.5221193505321039,-0.009941234059261325,-0.014488701741869297,0.020383661802655165,8.524464905923512e-05,0,0,139.51121388388367,18.0029304029304
6.36,2.030924029573153,0.5109100923161423,0.02852937672750187,0.16186021511300205,-0.11667871356014237,2.454491526613602,1.8637113911584542,2.356846452812428,0.5220133528518918,-0.013439266576832382,-0.015482284326891808,0.017785184184872366,8.709480030905103e-05,0,0,139.51121388388367,18.0029304029304
6.38,2.034138189657084,0.510998262609165,0.02619998712122375,0.1595627670559336,-0.11623851369898244,2.4227697328765174,1.8342184654957425,2.3658453982733327,0.5218758818788519,-0.01693595517894495,-0.016493569178634933,0.020423277149130736,8.893545905372391e-05,0,0,139.51121388388367,18.0029304029304
6.4,2.037306661011739,0.5110778071940605,0.023879385724458815,0.15727053040703107,-0.11579997460346782,2.391121492820028,1.804790684561292,2.3748438081775407,0.5217069530395128,-0.02043095019965303,-0.017522652374839177,0.02464083168543846,9.076610972472143e-05,0,0,139.51121388388367,18.0029304029304
6.42,2.040429525161327,0.5111489688039954,0.021567539381457466,0.1549835517919093,-0.1153630900079205,2.3595474047925435,1.7754286784275801,2.3838415729342737,0.5215065852878162,-0.02392390214236672,-0.018569625047217576,0.030562467118396233,9.258619166407911e-05,0,0,139.51121388388367,18.0029304029304
6.44,2.0435068655856123,0.5112119882196903,0.019264415061558966,0.15270188286319214,-0.11492785367030005,2.328048133580277,1.746133143485158,2.3928385832186536,0.5212748011013449,-0.02741446171480285,-0.01963457322427217,0.038038199444532836,9.439509555170256e-05,0,0,139.51121388388367,18.0029304029304
6.46,2.0465387678083675,0.5112671042707287,0.016969979858719536,0.15042558072541937,-0.11449425937211409,2.2966244160216815,1.716904848057535,2.401834730016731,0.5210116264768462,-0.030902279863912658,-0.020717577674908748,0.03808275215595459,9.619215959744132e-05,0,0,139.51121388388367,18.0029304029304
6.48,2.0495253194947907,0.5113145538359234,0.014684200991042225,0.1481547083925834,-0.11406230091832964,2.265277067053738,1.687744638447912,2.4108299046703867,0.5207170909250636,-0.03438700781078804,-0.02181871375277611,0.0445647432508677,9.797666549260509e-05,0,0,139.51121388388367,18.0029304029304
6.5,2.0524666105585383,0.5113545718426386,0.012407045800308563,0.1458893352802533,-0.11363197213728425,2.2340069862161136,1.6586534454437856,2.4198239989220633,0.5203912274648719,-0.037868297085537926,-0.02293805124122597,0.042471525137632714,9.974783411462185e-05,0,0,139.51121388388367,18.0029304029304
6.5200000000000005,2.055362733279092,0.5113873912649604,0.01013848175151203,0.14362953773426193,-0.11320326688059777,2.202815164639513,1.629632291305736,2.4288169049593247,0.520034072616725,-0.04134579956213623,-0.024075654198799902,0.03947794695814622,0.00010150482098184033,0,0,139.51121388388367,18.0029304029304
6.54,2.058213782430188,0.511413243120598,0.00787847643239319,0.14137539959792889,-0.11277617902308433,2.171702692544492,1.6006822972666879,2.4378085154592144,0.5196456663954158,-0.044819167493232885,-0.025231580805121452,0.04267597212285246,0.00010324671145872655,0,0,139.51121388388367,18.0029304029304
6.5600000000000005,2.0610198554200925,0.5114323564663861,0.0056269975529766834,0.13912701281975964,-0.11235070246266464,2.1406707672766645,1.5718046915675503,2.4467987236323934,0.519226052302155,-0.04828805354492954,-0.026405883207077437,0.03612630190572389,0.00010497251571291166,0,0,139.51121388388367,18.0029304029304
6.58,2.0637810524445435,0.5114449583922547,0.0033840129451099044,0.13688447810349635,-0.11192683112027886,2.1097207019033815,1.5430008180543342,2.455787423267046,0.5187752773159716,-0.051752110831511475,-0.027598607365146587,0.03212861117022771,0.00010668116343169609,0,0,139.51121388388367,18.0029304029304
6.6000000000000005,2.066497476653208,0.511451274013512,0.0011494905620034342,0.13464790560228987,-0.1115045589397993,2.078853934395636,1.5142721453604924,2.464774508772518,0.5182933918844409,-0.055210992950137025,-0.028809792899740963,0.03348328483720303,0.0001083714983089179,0,0,139.51121388388367,18.0029304029304
6.62,2.0691692343305466,0.5114515264612832,-0.0010766015222267605,0.13241741565860773,-0.11108387988794395,2.0480720374169543,1.4856202766962396,2.473759875222687,0.5177804499137436,-0.05866435401547641,-0.030039472937397456,0.03330312125058983,0.00011004227231957431,0,0,139.51121388388367,18.0029304029304
6.640000000000001,2.0717964350919877,0.511445936870934,-0.003294295113015433,0.13019313959128045,-0.11066478795419,2.01737672873828,1.4570469602638727,2.4827434183990316,0.5172365087580653,-0.0621118486943012,-0.031287673956661245,0.057105976475678485,0.00011169213980609383,0,0,139.51121388388367,18.0029304029304
6.66,2.0743791920963712,0.5114347243682912,-0.005503621895802416,0.12797522053080715,-0.11024727715068784,1.9867698822942408,1.4285541003144628,2.491725034833387,0.5166616292083365,-0.0655531322400161,-0.03255441563348023,0.05373255406190125,0.00011331965140826128,0,0,139.51121388388367,18.0029304029304
6.68,2.076917622275598,0.5114181060534695,-0.007704613436485276,0.1257638143036836,-0.1098313415121753,1.9562535398915104,1.4001437688566472,2.5007046218503635,0.5160558754803265,-0.06898786052713445,-0.03383971068593086,0.05043152434697158,0.00011492324787822084,0,0,139.51121388388367,18.0029304029304
6.7,2.0794118465824663,0.5113962969820879,-0.009897301181870245,0.12355909036606151,-0.10941697509589225,1.925829923574086,1.3718182180223315,2.5096820776094173,0.5154193152020903,-0.07241569008568992,-0.035143564718080375,0.04289562432883942,0.00011650125383287635,0,0,139.51121388388367,18.0029304029304
6.72,2.081861990257658,0.5113695101436628,-0.01208171646012145,0.12136123278649523,-0.10900417198149553,1.8955014486430901,1.3435798930869154,2.5186573011465474,0.51475201940078,-0.07583627813558286,-0.03646597606278078,0.037856037918024985,0.00011805187150756846,0,0,139.51121388388367,18.0029304029304
6.74,2.0842681831168255,0.5113379564369407,-0.014257890481208462,0.11917044127685239,-0.10859292627097422,1.865270737319829,1.3154314461327759,2.5276301924156,0.51405406248883,-0.07924928262085909,-0.037806935623194156,0.03359522102954428,0.00011957317459089511,0,0,139.51121388388367,18.0029304029304
6.76,2.086630559858713,0.5113018446419235,-0.016425854337352122,0.11698693226965863,-0.10818323208856528,1.8351406330303068,1.2873757503342032,2.5366006523291764,0.513325522249517,-0.08265436224391394,-0.03916642671283008,0.02821902093244097,0.00012106310223400363,0,0,139.51121388388367,18.0029304029304
6.78,2.0889492603951845,0.5112613813883412,-0.01858563900346871,0.11481094003918398,-0.10777508358066934,1.8051142152767938,1.2594159148293878,2.5455685827990995,0.5125664798219086,-0.08605117649962295,-0.04054442489388002,0.0346016396075921,0.00012251945334727787,0,0,139.51121388388367,18.0029304029304
6.8,2.091224430203983,0.5112167711202961,-0.0207372753376124,0.11264271786245542,-0.10736847491576701,1.7751948150473202,1.2315553001303392,2.5545338867764498,0.5117770196852057,-0.08943938570939092,-0.04194089781363767,0.03116224504625827,0.00012393988131575995,0,0,139.51121388388367,18.0029304029304
6.82,2.0934562207049434,0.5111682160568198,-0.02288079408141611,0.11048253921507349,-0.10696340028433553,1.7453860306968565,1.2037975340044806,2.563496468291142,0.5109572296424885,-0.09281865105512067,-0.0433558050387872,0.028727402631452875,0.00012532188928630894,0,0,139.51121388388367,18.0029304029304
6.84,2.095644789660261,0.5111159161480591,-0.025016225860530608,0.10833069899521422,-0.10655985389876561,1.7156917442142512,1.176146527742009,2.572456232491016,0.510107200803876,-0.0961886346130934,-0.044789097887359575,0.026641661887094055,0.00012666282620191205,0,0,139.51121388388367,18.0029304029304
6.86,2.0977903015992756,0.5110600690268171,-0.027143601185062004,0.10618751476749377,-0.10615782999327884,1.6861161377666318,1.1486064927007142,2.5814130856804365,0.5092270275691043,-0.09954899938776188,-0.04624071925815705,0.029777469149052382,0.00012795988378278,0,0,139.51121388388367,18.0029304029304
6.88,2.0998929282680567,0.5110008699551746,-0.029262950450007586,0.10405332801645988,-0.10575732282384526,1.6566637103877753,1.1211819569947692,2.5903669353583907,0.5083168076095381,-0.10289940934544867,-0.04771060345747394,0.025273957304277887,0.0001292100946784086,0,0,139.51121388388367,18.0029304029304
6.9,2.10195284910381,0.5109385117659203,-0.03137430393569001,0.10192850539734592,-0.10535832666810141,1.6273392946489154,1.0938777821659558,2.599317690256049,0.5073766418496213,-0.10623952944795026,-0.049198676022957376,0.02891567900264937,0.00013041033204001795,0,0,139.51121388388367,18.0029304029304
6.92,2.1039702517338963,0.5108731847985354,-0.033477691808189866,0.09981343996938617,-0.10496083582526876,1.598148073119617,1.066699179644961,2.608265260373788,0.5064066344477787,-0.10956902568603956,-0.050704853544484216,0.029201801867332188,0.00013155731078696997,0,0,139.51121388388367,18.0029304029304
6.94,2.1059453324989175,0.5108050768294867,-0.035573144119776565,0.09770855239445797,-0.10456484461607252,1.569095594392876,1.039651726776898,2.617209557017659,0.5054068927767786,-0.11288756511286763,-0.05222904348197269,0.03695807628012189,0.00013264759086316358,0,0,139.51121388388367,18.0029304029304
6.96,2.1078782969989467,0.5107343729966198,-0.03766069080933771,0.09561429208111204,-0.10417034738266064,1.5401877884128077,1.0127413821494178,2.626150492835271,0.5043775274035665,-0.11619481587725693,-0.05377114398008412,0.03563881892228899,0.000133677582799821,0,0,139.51121388388367,18.0029304029304
6.98,2.1097693606615717,0.5106612557174655,-0.03974036170280674,0.09353113825121469,-0.10377733848852373,1.5114309808056532,0.98597449992414,2.6350879818511,0.5033186520685794,-0.11949044725688733,-0.055331043679838376,0.034211544707733556,0.00013464355591531751,0,0,139.51121388388367,18.0029304029304
7.0,2.111618749329917,0.5105859046013212,-0.041812186513589006,0.09145960090350756,-0.10338581231841472,1.4828319058760442,0.9593578428333465,2.644021939501188,0.5022303836645573,-0.12277412969136693,-0.05690862152722808,0.031565273829996465,0.00013554164949221292,0,0,139.51121388388367,18.0029304029304
7.0200000000000005,2.113426699868288,0.5105084963550178,-0.043876194842986306,0.08940022164546538,-0.10299576327826943,1.4543977178914653,0.9328985934648724,2.6529522826672225,0.5011128422148535,-0.126045534815189,-0.058503746578995514,0.03370273075507331,0.00013636788727124094,0,0,139.51121388388367,18.0029304029304
7.04,2.1151934607824616,0.5104292046823484,-0.045932416180619766,0.08735357436199155,-0.10260718579512744,1.4261360002398344,0.9066043634201182,2.6618789297099883,0.49996615085126417,-0.129304335490567,-0.06011627780582844,0.03678073404179914,0.0001371181955915346,0,0,139.51121388388367,18.0029304029304
7.0600000000000005,2.116919292851022,0.5103482001772119,-0.04798087990485119,0.08532026568684863,-0.10222007431705336,1.3980547720095644,0.8804831998945503,2.670801800502174,0.49879043579138427,-0.13255020584014932,-0.06174606389333461,0.03061078252804285,0.0001377884254827877,0,0,139.51121388388367,18.0029304029304
7.08,2.1186044697634108,0.5102656502106055,-0.05002161528320279,0.083300935240413,-0.1018344233130585,1.3701624915101729,0.8545435891987451,2.6797208164605157,0.49758582631550147,-0.1357828212796056,-0.06339294304126555,0.035866882367784514,0.00013837437897398774,0,0,139.51121388388367,18.0029304029304
7.1000000000000005,2.1202492787596356,0.5101817188117079,-0.05205465147277538,0.08129625559552982,-0.10145022727302302,1.3424680562265423,0.8287944567130945,2.688635900577277,0.49635245474304185,-0.13900185855008607,-0.06505674276159697,0.03968661497549154,0.00013887183982664447,0,0,139.51121388388367,18.0029304029304
7.12,2.121854021265803,0.5100965665434068,-0.05408001752066502,0.07930693193210024,-0.10106748070761847,1.3149807986836408,0.8032451627529693,2.6975469774510334,0.49509045640857896,-0.14220699575054588,-0.06673727967619615,0.042654862421850855,0.0001392766088199604,0,0,139.51121388388367,18.0029304029304
7.140000000000001,2.123419013518859,0.5100103503727451,-0.05609774236437812,0.07733370134075675,-0.10068617814823089,1.2877104776934807,0.7779054938161246,2.7064539733167754,0.4937999696374173,-0.14539791236993618,-0.06843435931497227,0.03596355765916507,0.0001395845436164625,0,0,139.51121388388367,18.0029304029304
7.16,2.1249445871731445,0.5099232235369029,-0.058107854832244996,0.07537733173677053,-0.10030631414688407,1.2606672644649537,0.7527856486929851,2.7153568160752877,0.49248113572076463,-0.1485742893192539,-0.07014777591554298,0.03457426856812611,0.00013979160311133193,0,0,139.51121388388367,18.0029304029304
7.18,2.12643108988061,0.5098353354054748,-0.06011038364383192,0.07343862034739392,-0.09992788327616339,1.2338617230826927,0.7278962189459571,2.7242554353218176,0.4911340988905036,-0.1517358089634512,-0.07187731222562467,0.03831692005801533,0.00013989389602391683,0,0,139.51121388388367,18.0029304029304
7.2,2.127878885835852,0.509746831339957,-0.062105357410351586,0.07151839173935677,-0.09955088012914001,1.2073047849057563,0.7032481633085628,2.7331497623740098,0.4897590062935779,-0.15488215515319836,-0.07362273930950752,0.048274013659390956,0.00013988773332204024,0,0,139.51121388388367,18.0029304029304
7.22,2.129288356276517,0.5096578525515174,-0.06409280463507212,0.06961749535836981,-0.09917529931929515,1.1810077165029462,0.6788527756212068,2.742039730299102,0.48835600796600326,-0.15801301325649808,-0.07538381636013505,0.047961548547786455,0.00013976968388677846,0,0,139.51121388388367,18.0029304029304
7.24,2.13065989992914,0.5095685359582746,-0.06607275371372465,0.06773680255935885,-0.09880113548044483,1.1549820808305562,0.6547216460093735,2.750925273940362,0.48692525680651716,-0.1611280701901494,-0.07716029051845934,0.04813247989135088,0.0001395366326286812,0,0,139.51121388388367,18.0029304029304
7.26,2.1319939333901368,0.5094790140434704,-0.06804523293490908,0.06587720311481254,-0.098428383266665,1.129239691471148,0.630866615122844,2.759806329942767,0.48546690854988184,-0.16422701445105448,-0.07895189670188367,0.0425469108696927,0.00013918584006710616,0,0,139.51121388388367,18.0029304029304
7.28,2.133290891431546,0.5093894147160656,-0.07001027048049889,0.06403960119904807,-0.09805703735221645,1.103792559888296,0.6072997213908787,2.7686828367779124,0.48398112173985114,-0.16730953614736999,-0.08075835744370863,0.05420677071764634,0.00013871500218895494,0,0,139.51121388388367,18.0029304029304
7.3,2.134551227221186,0.5092998611754055,-0.07196789442604383,0.06222491085825511,-0.09768709243147004,1.078652835810618,0.5840331414066761,2.7775547347681333,0.48246805770181544,-0.17037532702949476,-0.08257938274560242,0.05121273109987815,0.0001381223092249001,0,0,139.51121388388367,18.0029304029304
7.32,2.135775412447238,0.5092104717817216,-0.07391813274117155,0.060434050989637396,-0.09731854321883217,1.0538327410358594,0.5610791237318773,2.7864219661098413,0.48092788051513885,-0.17342408052089572,-0.08441466994516678,0.04956534742424411,0.00013740650183151348,0,0,139.51121388388367,18.0029304029304
7.34,2.136963937337877,0.5091213599343037,-0.07586101328998761,0.05866793986747253,-0.0969513844486699,1.0293444971377244,0.5384499166038025,2.7952844748960604,0.47936075698520086,-0.17645549174876402,-0.08626390360069001,0.04555535189731037,0.0001365669230599456,0,0,139.51121388388367,18.0029304029304
7.36,2.138117310567487,0.5090326339592288,-0.07779656383147389,0.056927489268989315,-0.09658561087523627,1.0052002477584736,0.5161576902284446,2.804142207138157,0.4777668566151555,-0.17946925757450333,-0.0881267553951526,0.04568596869806816,0.00013560356443891725,0,0,139.51121388388367,18.0029304029304
7.38,2.139236059042225,0.5089443970085281,-0.07972481201988575,0.05521359826803631,-0.09622121727259553,0.9814119763714853,0.4942144545434073,2.8129951107867552,0.47614635157742274,-0.18246507662404227,-0.09000288406148146,0.0426088443794214,0.00013451710451239246,0,0,139.51121388388367,18.0029304029304
7.4,2.1403207275591716,0.5088567469726423,-0.08164578540514736,0.053527146778925117,-0.09585819843454808,0.9579914205912476,0.4726319735282614,2.821843135751832,0.4744994166849239,-0.1854426493179727,-0.09189193533092355,0.040687365048157384,0.00013330893825862222,0,0,139.51121388388367,18.0029304029304
7.42,2.1413718783351396,0.5087697764079244,-0.08355951143324589,0.05186898894586309,-0.09549654917455548,0.9349499842842238,0.4514216773157558,2.830686233921977,0.47282622936207586,-0.18840167790150616,-0.09379354190622505,0.0381729039460872,0.00013198119598414187,0,0,139.51121388388367,18.0029304029304
7.44,2.1423900904031727,0.5086835724808176,-0.08546601744662384,0.05023994648431781,-0.09513626432566512,0.9122986488829703,0.43059457350626523,2.8395243591828296,0.47112696961555633,-0.1913418664742505,-0.0957073234610879,0.03433441638869231,0.00013053675052845243,0,0,139.51121388388367,18.0029304029304
7.46,2.143375958877044,0.5085982169301453,-0.08736533068457018,0.04864080208879567,-0.09477733874043484,0.8900478854186579,0.4101611592006259,2.8483574674346652,0.46940182000485403,-0.19426292101979833,-0.09763288666708204,0.037290044513880495,0.00012897921193389186,0,0,139.51121388388367,18.0029304029304
7.48,2.1443300940863357,0.5085137860487298,-0.08925747828360982,0.04707229302627527,-0.09441976729085759,0.8682075688556227,0.39013133533498306,2.857185516609137,0.46765096561261776,-0.1971645494351295,-0.09956982524889094,0.04050454153559574,0.00012731290911140516,0,0,139.51121388388367,18.0029304029304
7.5,2.1452531205871326,0.5084303506852865,-0.09114248727789154,0.045535105035464325,-0.09406354486828569,0.8467868963295743,0.3705143249192871,2.86600846668517,0.46587459401481573,-0.20004646155982028,-0.10151772006839338,0.040546719770930925,0.00012554285845648924,0,0,139.51121388388367,18.0029304029304
7.5200000000000005,2.1461456760557027,0.5083479762672326,-0.0930203845995745,0.044029866648878556,-0.09370866638335536,0.8257943108547694,0.3513185967447402,2.8748262797039916,0.46407289525072076,-0.20290836920506009,-0.10347613923772234,0.042107197816337504,0.00012367471981447609,0,0,139.51121388388367,18.0029304029304
7.54,2.147008410074796,0.5082667228447292,-0.09489119707921316,0.042557144047429454,-0.09335512676591125,0.8052374319738889,0.33255179603394014,2.8836389197833068,0.4622460617927322,-0.20574998618246895,-0.10544463826103814,0.04369836475924306,0.0001217147406391908,0,0,139.51121388388367,18.0029304029304
7.5600000000000005,2.147841982824318,0.5081866451559297,-0.0967549514461408,0.04111743654593857,-0.09300292096493111,0.7851229946796837,0.3142206833627884,2.892446353130607,0.4603942885160505,-0.20857102833271748,-0.10742276020436212,0.04134539309012453,0.00011966968960746768,0,0,139.51121388388367,18.0029304029304
7.58,2.1486470636898702,0.5081077927130656,-0.09861167432885144,0.03971117279318569,-0.09265204394845072,0.7654567977448968,0.2963310829906701,2.9012485480556074,0.45851777266821375,-0.2113712135539412,-0.10941003589242959,0.0358057494999664,0.00011754678132020954,0,0,139.51121388388367,18.0029304029304
7.6000000000000005,2.1494243298042175,0.5080302099086609,-0.10046139225538026,0.038338707752368986,-0.09230249070348902,0.7462436623645302,0.278887841502983,2.910045474981816,0.4566167138385127,-0.21415026182995173,-0.11140598413116343,0.03299670613120528,0.0001153535940176531,0,0,139.51121388388367,18.0029304029304
7.62,2.150174464537803,0.5079539361408517,-0.10230413165368255,0.037000320507994226,-0.09195425623597377,0.7274874017525067,0.2618947974080639,2.918837106457222,0.454691313927295,-0.21690789525823714,-0.11341011195403236,0.03789386785735145,0.00011309798244557925,0,0,139.51121388388367,18.0029304029304
7.640000000000001,2.150898155955131,0.5078790059564914,-0.10413991885201121,0.03569621292411694,-0.09160733557066773,0.7091908020550246,0.24535476205081375,2.927623417164114,0.4527417771151719,-0.21964383807775276,-0.11542191489029442,0.04532073533906317,0.00011078798812095766,0,0,139.51121388388367,18.0029304029304
7.66,2.151596095254143,0.5078054492104801,-0.10596878007929282,0.0344265091574819,-0.09126172375109533,0.6913556146579766,0.22926951192039954,2.936404383928016,0.4507683098321397,-0.22235781669649646,-0.11744087725286366,0.03886366214780304,0.00010843174925618052,0,0,139.51121388388367,18.0029304029304
7.68,2.1522689752055304,0.5077332912395369,-0.10779074146550206,0.03319125600836867,-0.09091741583946977,0.6739825596881943,0.21363979215178858,2.945179985725737,0.4487711207266295,-0.2250495597188681,-0.11946647244339173,0.0365646257607492,0.0001060374125147305,0,0,139.51121388388367,18.0029304029304
7.7,2.1529174886083773,0.5076625530484874,-0.10960582904203485,0.03199042407271137,-0.09057440691662112,0.6570713402494065,0.19846533076201098,2.9539502036925502,0.44675042063449566,-0.22771879797280856,-0.12149816327202118,0.049594952673987905,0.00010361304859746873,0,0,139.51121388388367,18.0029304029304
7.72,2.153542326777641,0.50759325150702,-0.11141406874208004,0.030823909642037052,-0.0902326920819246,0.6406206667035527,0.18374486293179026,2.962715021128474,0.4447064225479574,-0.2303652645367167,-0.12353540228921309,0.05767244177739429,0.00010116657341289158,0,0,139.51121388388367,18.0029304029304
7.74,2.1541441780777157,0.5075253995548172,-0.11321548640098958,0.02969153728351461,-0.08989226645322985,0.6246282901140594,0.16947616444914798,2.9714744235036834,0.4426393415845042,-0.2329886947661417,-0.12557763212705986,0.05786287686084571,9.870567628516083e-05,0,0,139.51121388388367,18.0029304029304
7.76,2.1547237265148795,0.5074590064129572,-0.11501010775664737,0.028593063021291894,-0.08955312516679077,0.6090910438150552,0.15565609327895868,2.9802283984630282,0.44054939495577583,-0.23558882632024658,-0.1276242858475291,0.05037044273176038,9.62377563202537e-05,0,0,139.51121388388367,18.0029304029304
7.78,2.1552816503997243,0.5073940777995172,-0.11679795844983666,0.027528178032494185,-0.08921526337719576,0.5940048919618146,0.14228063811374825,2.988976935829674,0.43843680193643125,-0.2381653991880429,-0.12967478729520698,0.0424779997343547,9.376986770412953e-05,0,0,139.51121388388367,18.0029304029304
7.8,2.155818621088902,0.5073306161473998,-0.11857906402460618,0.02649651276675363,-0.08887867625729891,0.5793649838531318,0.12934497269642686,2.9977200276078504,0.4363017838330164,-0.2407181557143908,-0.13172855145222506,0.04364665666827209,9.130867436517656e-05,0,0,139.51121388388367,18.0029304029304
7.82,2.156335301813674,0.5072686208225067,-0.12035344992863463,0.02549764139676378,-0.08854335899815134,0.5651657127937032,0.11684351468304331,3.0064576679847317,0.43414456395284134,-0.24324684062576518,-0.13378498479324186,0.0503066423952393,8.886041411322251e-05,0,0,139.51121388388367,18.0029304029304
7.84,2.156832346600889,0.50720808834053,-0.12212114151359417,0.024531086508805443,-0.08820930680893314,0.5514007782801558,0.10476998782919147,3.015189853331426,0.4319653675728796,-0.24575120105578188,-0.13584348563853782,0.0472499249564078,8.643087208121472e-05,0,0,139.51121388388367,18.0029304029304
7.86,2.157310399290241,0.507149012580798,-0.12388216403551221,0.023596323946073153,-0.087876514916886,0.5380632503428855,0.09311748633222851,3.0239165822030873,0.4297644219086988,-0.24823098657048515,-0.13790344450349495,0.04267935315127184,8.402536305232404e-05,0,0,139.51121388388367,18.0029304029304
7.88,2.1577700926499706,0.5070913849957799,-0.12563654265513205,0.022692787723492886,-0.08754497856724591,0.5251456349514055,0.08187854023700994,3.032637855338157,0.42754195608343537,-0.25068594919338966,-0.13996424444295236,0.038748576286342165,8.16487220595824e-05,0,0,139.51121388388367,18.0029304029304
7.9,2.1582120475916016,0.5070351948150484,-0.12738430243827215,0.02181987494008325,-0.08721469302317632,0.5126399394871199,0.07104518090905057,3.0413536756567208,0.4252982010968211,-0.2531158434302792,-0.14202526138914356,0.03860447501889512,7.930530249904231e-05,0,0,139.51121388388367,18.0029304029304
7.92,2.158636872482941,0.5069804292426724,-0.129125468356184,0.020976950623305183,-0.08688565356570171,0.5005377373980233,0.06060900568961124,3.0500640482580046,0.4230333897942745,-0.2555204262937548,-0.14408586448215005,0.03427400129256504,7.699898089898616e-05,0,0,139.51121388388367,18.0029304029304
7.94,2.1590451625573066,0.5069270736472065,-0.1308600652859087,0.02016335244882931,-0.08655785549364131,0.4888302312688985,0.05056124096628291,3.0587689804169957,0.4207477568360645,-0.25789945732753417,-0.14614541639199877,0.03197649101539353,7.473316743375653e-05,0,0,139.51121388388367,18.0029304029304
7.96,2.159437499415949,0.5068751117436076,-0.13258811801063236,0.01937839528833479,-0.08623129412354305,0.4775083136628397,0.04089280301489518,3.0674684815802022,0.4184415386665575,-0.2602526986304961,-0.1482032736317404,0.033247229602005164,7.251082125552932e-05,0,0,139.51121388388367,18.0029304029304
7.98,2.1598144506197565,0.506824525766584,-0.13430965122004002,0.01862137554700704,-0.08590596478961784,0.4665626252108803,0.03159435608952493,3.0761625633605503,0.4161149734835573,-0.26257991488047167,-0.15025878686101465,0.031952030007658956,7.033446973472206e-05,0,0,139.51121388388367,18.0029304029304
8.0,2.1601765693656803,0.5067752966350247,-0.13602468951066798,0.017891575261057367,-0.08558186284367406,0.45598360954248407,0.022656367353365743,3.084851239531422,0.4137683012077466,-0.2648808733577748,-0.15231130117977038,0.03881320107838462,6.820623074313328e-05,0,0,139.51121388388367,18.0029304029304
8.02,2.160524394242756,0.5067274041072986,-0.13773325738625558,0.01718826593364262,-0.08525898365505194,0.44576156475789913,0.01406915835145635,3.0935345260198446,0.41140176345223844,-0.2671553439684757,-0.15436015641197498,0.054910658845334,6.612783717647487e-05,0,0,139.51121388388367,18.0029304029304
8.040000000000001,2.160858449062325,0.5066808269273333,-0.13943537925809488,0.016510712094876576,-0.0849373226105586,0.4358866912419007,0.005822952824792107,3.1022124408988336,0.4090156034922482,-0.2694030992674085,-0.1564046873792384,0.05524118253384548,6.410066298896542e-05,0,0,139.51121388388367,18.0029304029304
8.06,2.1611792427567758,0.5066355429614905,-0.1411310794453795,0.015858174578110742,-0.08461687511440277,0.4263491357060403,-0.002092079247060136,3.1108850043788903,0.4066100662348921,-0.2716239144809163,-0.15844422416441598,0.04998078151968495,6.21257500962731e-05,0,0,139.51121388388367,18.0029304029304
8.08,2.1614872693410514,0.506591529326346,-0.14282038217555226,0.015229913510281894,-0.08429763658812997,0.41713903142261016,-0.00968578141163765,3.1195522387986583,0.4041853981891216,-0.27381756752932845,-0.1604780923653294,0.04487299891336832,6.020383558997633e-05,0,0,139.51121388388367,18.0029304029304
8.1,2.161783007931193,0.5065487625075517,-0.14450331158465093,0.014625191018876332,-0.08397960247055776,0.4082465346780482,-0.016967974289821393,3.128214168614759,0.4017418474358024,-0.27598383904916823,-0.16250561333883368,0.04321829511636346,5.833537879303802e-05,0,0,139.51121388388367,18.0029304029304
8.120000000000001,2.1620669228142653,0.506507218470035,-0.14617989171765308,0.014043273661977017,-0.08366276821771117,0.39966185752683075,-0.02394842282159191,3.136870820390795,0.39927966359794326,-0.27812251241508906,-0.1645261044354981,0.04119759907664441,5.6520587768711314e-05,0,0,139.51121388388367,18.0029304029304
8.14,2.1623394635641984,0.506466872759821,-0.14785014652881998,0.013483434590991075,-0.08334712930275827,0.391375296969684,-0.03063680708747168,3.145522222785534,0.3967990978110833,-0.2802333737615362,-0.16653887922523553,0.0469502208068361,5.475944497262183e-05,0,0,139.51121388388367,18.0029304029304
8.16,2.162601065198269,0.5064277005978168,-0.14951409988203837,0.012944955458069162,-0.08303268121594584,0.3833772607130693,-0.03704269654869591,3.1541684065402835,0.3943004026938449,-0.28231621200413415,-0.16854324771424414,0.05381065355718849,5.3051731808356675e-05,0,0,139.51121388388367,18.0029304029304
8.18,2.162852148369236,0.5063896769659157,-0.15117177555116199,0.012427128082000602,-0.08271941946453543,0.3756582896913733,-0.04317552752468541,3.162809404465459,0.3917838323186584,-0.28437081886079446,-0.17053851655364746,0.047392666410866174,5.1397051909724684e-05,0,0,139.51121388388367,18.0029304029304
8.2,2.1630931195884244,0.5063527766858035,-0.15282319722035062,0.011929255887579213,-0.08240733957273937,0.3682090775501041,-0.04904458370951424,3.1714452514263525,0.389249642182664,-0.28639698887254356,-0.17252398924023443,0.04118415679568346,4.9794853027700266e-05,0,0,139.51121388388367,18.0029304029304
8.22,2.163324371475376,0.5063169744908567,-0.15446838848440908,0.01145065513416414,-0.08209643708165705,0.3610204872987546,-0.05465897951871504,3.1800759843281146,0.3866980891787992,-0.288394519424069,-0.1744989663097148,0.04031735095481795,4.824444744707095e-05,0,0,139.51121388388367,18.0029304029304
8.24,2.163546283029972,0.5062822450915292,-0.15610737284912393,0.010990655949484805,-0.08178670754921134,0.354083565346844,-0.06002764605290849,3.1887016420999514,0.384129431567075,-0.2903632107639798,-0.1764627455229056,0.040888521870249196,4.674503089721442e-05,0,0,139.51121388388367,18.0029304029304
8.26,2.163759219923304,0.506248563234623,-0.15774017373159954,0.010548603184731215,-0.08147814655008537,0.3473895531369793,-0.06515931946441653,3.1973222656785403,0.3815439289460474,-0.29230286602478267,-0.1784146220452575,0.03632556878492402,4.529569995376584e-05,0,0,139.51121388388367,18.0029304029304
8.28,2.1639635348038597,0.5062159037568329,-0.15936681446059278,0.010123857106696154,-0.0811707496756594,0.3409298965854592,-0.07006253151633594,3.2059378979906876,0.37894184222448896,-0.29421329124256806,-0.1803538886201269,0.03414948929667908,4.3895467953938144e-05,0,0,139.51121388388367,18.0029304029304
8.3,2.164159567615901,0.5061842416329451,-0.16098731827684615,0.009715793942252611,-0.08086451253394777,0.3346962535347709,-0.0747456021297202,3.2145485839352266,0.37632343359326575,-0.29609429537640625,-0.1822798357361956,0.040037022302797806,4.2543279468450906e-05,0,0,139.51121388388367,18.0029304029304
8.32,2.164347645927243,0.5061535520190624,-0.16260170833342,0.009323806289809597,-0.08055943074953631,0.32868049941400024,-0.07921663372285098,3.223154370364158,0.37368896649742367,-0.29794569032745105,-0.18419175178940694,0.04746205103888212,4.123802338847852e-05,0,0,139.51121388388367,18.0029304029304
8.34,2.164528085263886,0.5061238102912067,-0.16421000769602348,0.008947303411636402,-0.08025549996351974,0.3228747312932809,-0.08348350715647325,3.2317553060630626,0.3710387056084878,-0.2997672909577504,-0.1860889232398067,0.046832233412728706,3.997854469685574e-05,0,0,139.51121388388367,18.0029304029304
8.36,2.164701189449266,0.5060949920796456,-0.16581223934334371,0.008585711420116838,-0.07995271583343944,0.31727127050745796,-0.08755387910981656,3.2403514417307697,0.3683729167969786,-0.30155891510875915,-0.18797063476361878,0.04406126861787859,3.87636550004131e-05,0,0,139.51121388388367,18.0029304029304
8.38,2.1648672509461147,0.5060670732992638,-0.1674084261673745,0.00823847337012153,-0.0796510740332213,0.3118626640125587,-0.09143518072381215,3.248942829958312,0.3656918671051501,-0.3033203836195555,-0.18983616940091202,0.0415270879272493,3.759214190460561e-05,0,0,139.51121388388367,18.0029304029304
8.4,2.165026551199172,0.5060400301762853,-0.1689985909737434,0.007905049268793696,-0.07935057025311407,0.3066416846267859,-0.09513461735978845,3.2575295252071665,0.36299582471995034,-0.30505152034475586,-0.19168480869916532,0.044489779535435287,3.6462777313843626e-05,0,0,139.51121388388367,18.0029304029304
8.42,2.1651793609771954,0.506013839271639,-0.17058275648203744,0.007584916013151873,-0.07905120019962743,0.3016013302958576,-0.09865916933382171,3.266111583786789,0.3602850589462093,-0.3067521521721305,-0.19351583285304255,0.03730344307984734,3.537432474071036e-05,0,0,139.51121388388367,18.0029304029304
8.44,2.1653259407129344,0.5059884775012398,-0.17216094532612794,0.007277567265037466,-0.07875295959547086,0.296734822510825,-0.1020155934986101,3.274689063831459,0.35755984018005577,-0.30842210903991385,-0.1953285208406578,0.03816195719331564,3.432554570624059e-05,0,0,139.51121388388367,18.0029304029304
8.46,2.1654665408398936,0.5059639221534407,-0.1737331800544938,0.006982513272087822,-0.07845584417949233,0.2920356039951698,-0.1052104255560695,3.28326202527644,0.3548204398825647,-0.3100612239538109,-0.19712215055660431,0.031737861935184575,3.331520531050895e-05,0,0,139.51121388388367,18.0029304029304
8.48,2.1656014021248993,0.5059401509038944,-0.17529948313054367,0.006699280642605329,-0.07815984970661743,0.28749733576713477,-0.10824998299469814,3.2918305298334767,0.3520671305536389,-0.311669333003696,-0.1988959989420055,0.0276722709325906,3.23420770496248e-05,0,0,139.51121388388367,18.0029304029304
8.5,2.1657307559956123,0.5059171418280471,-0.17685987693293698,0.006427412081426053,-0.07786497194778857,0.28311389367296025,-0.11114036855603496,3.3003946409656177,0.34930018570612387,-0.3132462753800042,-0.20064934211182145,0.029495547100882,3.140494695115341e-05,0,0,139.51121388388367,18.0029304029304
8.52,2.1658548248622864,0.505894873411474,-0.1784143837559038,0.00616646609317117,-0.07757120668990451,0.27887936447704087,-0.11388747414420007,3.308954423861396,0.3465198798401591,-0.31479189338981217,-0.20238145547963873,0.03937938056236373,3.0502617095681805e-05,0,0,139.51121388388367,18.0029304029304
8.540000000000001,2.1659738224331777,0.5058733245582456,-0.17996302580956314,0.005916016658593373,-0.07727854973576011,0.27478804158600606,-0.11649698510151277,3.3175099454083696,0.3437264884177655,-0.31630603247260697,-0.20409161388015665,0.04205292612327851,2.9633908587589977e-05,0,0,139.51121388388367,18.0029304029304
8.56,2.1660879540231153,0.5058524745975065,-0.18150582522024053,0.0056756528891089555,-0.07698699690398632,0.27083442047538,-0.11897438478153033,3.3260612741660336,0.3409202878376703,-0.3177885412157419,-0.20577909168956982,0.03804734257632492,2.8797664033672343e-05,0,0,139.51121388388367,18.0029304029304
8.58,2.1661974168548594,0.5058323032884291,-0.18304280403078402,0.005444978664034004,-0.07669654402899037,0.26701319387978645,-0.12132495935854375,3.3346084803381117,0.3381015554103696,-0.3192392713695781,-0.20744316294402967,0.03654363094525425,2.7992749583385934e-05,0,0,139.51121388388367,18.0029304029304
8.6,2.1663024003529396,0.5058127908236979,-0.18457398420087928,0.005223612254519072,-0.07640718696089611,0.26331924680061547,-0.12355380281961188,3.3431516357442495,0.3352705693334268,-0.3206580778623092,-0.20908310145636305,0.040719425172405406,2.72180565803002e-05,0,0,139.51121388388367,18.0029304029304
8.620000000000001,2.166403086429748,0.5057939178316608,-0.18609938760736328,0.005011185937698757,-0.07611892156548475,0.25974765137863964,-0.12566582209164812,3.3516908137911052,0.3324276086670095,-0.3220448188144684,-0.21069818093121134,0.04529372896850467,2.6472502869738512e-05,0,0,139.51121388388367,18.0029304029304
8.64,2.1664996497637294,0.5057756653772802,-0.18761903604453697,0.004807345604138527,-0.07583174372413568,0.25629366167322387,-0.12766574226191327,3.3602260894428695,0.32957295330966163,-0.3233993555531158,-0.21228767507874763,0.0471725739789507,2.5755033803757238e-05,0,0,139.51121388388367,18.0029304029304
8.66,2.166592258069564,0.5057580149620036,-0.18913295122447643,0.004611750361268853,-0.07554564933376756,0.25295270838449274,-0.1295581118555534,3.368757539191203,0.32670688397431114,-0.3247215526257064,-0.21385085772711104,0.050946012311621824,2.5064622980479692e-05,0,0,139.51121388388367,18.0029304029304
8.68,2.166681072360289,0.505740948522661,-0.19064115477734347,0.004424072135142694,-0.07526063430677969,0.24972039355004708,-0.1313473081385877,3.3772852410246306,0.3238296821645111,-0.32601127781363487,-0.2153870029337034,0.05688836453452448,2.440027275137091e-05,0,0,139.51121388388367,18.0029304029304
8.700000000000001,2.1667662472013633,0.5057244484294925,-0.19214366825169443,0.0042439952725347434,-0.0749766945709935,0.24659248524354707,-0.13303754241903268,3.385809274397374,0.3209416301509135,-0.32726840214545727,-0.21689538509546433,0.05737951430747582,2.3761014526571533e-05,0,0,139.51121388388367,18.0029304029304
8.72,2.166847930956681,0.5057084974833952,-0.193640513114788,0.004071216145116283,-0.07469382606959442,0.24356491229863705,-0.1346328653226843,3.3943297201976685,0.31804301094797366,-0.32849279990978775,-0.21837527905826404,0.05374311187759851,2.3145908905335133e-05,0,0,139.51121388388367,18.0029304029304
8.74,2.1669262660266195,0.505693078912479,-0.19513171075289226,0.00390544275718545,-0.0744120247610737,0.24063375907826712,-0.1361371720235047,3.402846660715542,0.3151341082908818,-0.32968434866787033,-0.21982596022550505,0.051263514462915515,2.2554045655700725e-05,0,0,139.51121388388367,18.0029304029304
8.76,2.1670013890781923,0.5056781763680059,-0.19661728247158994,0.0037463943582066225,-0.07413128661917082,0.2377952603064141,-0.13755420741161084,3.4113601796101016,0.31221520661272156,-0.33084292926582215,-0.22124670466606228,0.05185753039550812,2.1984543565020317e-05,0,0,139.51121388388367,18.0029304029304
8.78,2.167073431267425,0.505663773919782,-0.19809724949608315,0.003593801061211971,-0.07385160763281576,0.2350457959764983,-0.1388875711845677,3.4198703618763147,0.3092865910218504,-0.33196842584654895,-0.2226367892216487,0.04868605153571468,2.1436550180444283e-05,0,0,139.51121388388367,18.0029304029304
8.8,2.1671425184540847,0.5056498560510725,-0.19957163297149624,0.0034474034679406007,-0.07357298380607176,0.23238188634839516,-0.14014072285008833,3.428377293811314,0.3063485472795012,-0.33306072586133056,-0.22399549161370916,0.04119469806156149,2.0909241456409933e-05,0,0,139.51121388388367,18.0029304029304
8.82,2.1672087714089066,0.5056364076530967,-0.2010404539631782,0.0033069523014339418,-0.07329541115807812,0.22980018704382474,-0.14131698663035677,3.436881062980226,0.3034013617775992,-0.3341197200810757,-0.2253220905499255,0.03416451406947893,2.0401821324143865e-05,0,0,139.51121388388367,18.0029304029304
8.84,2.16727230601348,0.505623414019155,-0.20250373345700376,0.0031722080466681174,-0.07301888572299332,0.2272974842480379,-0.1424195562600546,3.445381758181553,0.3004453215167931,-0.33514530260724484,-0.2266158658304326,0.03411477465684541,1.991352119652158e-05,0,0,139.51121388388367,18.0029304029304
8.86,2.1673332334529607,0.5056108608384422,-0.2039614923596728,0.0030429405996829713,-0.07274340354993838,0.2248706900240865,-0.14345149967180598,3.4538794694121067,0.2974807140846951,-0.33613737088244017,-0.22787609845381082,0.03278737438230902,1.9443599419874044e-05,0,0,139.51121388388367,18.0029304029304
8.88,2.1673916604017784,0.5055987341895873,-0.20541375149900948,0.0029189289255615526,-0.07246896070294033,0.22251683774452907,-0.1444157635641868,3.4623742878315094,0.2945078276343262,-0.3370958257006608,-0.2291020707229442,0.030464228361670932,1.899134068309924e-05,0,0,139.51121388388367,18.0029304029304
8.9,2.167447689202544,0.5055870205339659,-0.20686053162425963,0.002799960725521546,-0.0721955532608759,0.22023307764417993,-0.1453151778486918,3.470866305726288,0.2915269508627624,-0.33802057121722356,-0.23029306635080973,0.03200940538547119,1.8556055392989976e-05,0,0,139.51121388388367,18.0029304029304
8.92,2.1675014180383183,0.5055757067088201,-0.20830185340638718,0.0026858321132999306,-0.07192317731741558,0.21801667249642298,-0.1461524599731383,3.4793556164735557,0.2885383729899778,-0.3389115149583475,-0.2314483705662708,0.02755627762454713,1.8137079023657077e-05,0,0,139.51121388388367,18.0029304029304
8.94,2.1675529410984495,0.5055647799202194,-0.20973773743836976,0.0025763473009426945,-0.07165182898096764,0.2158649934146718,-0.14693021911992396,3.4878423145043094,0.2855423837378783,-0.3397685678304009,-0.23256727021993942,0.028468989896638413,1.7733771446860197e-05,0,0,139.51121388388367,18.0029304029304
8.96,2.1676023487381686,0.505554227735895,-0.21116820423549254,0.0024713182940516044,-0.07138150437462269,0.2137755157797495,-0.14765096027836716,3.496326495266351,0.28253927330952294,-0.3405916441288108,-0.23364905389016996,0.02812823923914589,1.7345516249170356e-05,0,0,139.51121388388367,18.0029304029304
8.98,2.167649727632128,0.5055440380779761,-0.21259327423564167,0.0023705645964886635,-0.07111219963609816,0.21174581529326295,-0.14831708819105233,3.5048082551868456,0.2795293323685264,-0.34138066154663327,-0.23469301198924344,0.026768097275292613,1.6971720041062538e-05,0,0,139.51121388388367,18.0029304029304
9.0,2.16769516092208,0.5055341992156527,-0.21401296779959597,0.002273912924495045,-0.07084391091768309,0.20977356415645576,-0.1489309111746986,3.513287691634537,0.2765128520186373,-0.34213554118278394,-0.2356984368698005,0.02792281391024828,1.6611811762349757e-05,0,0,139.51121388388367,18.0029304029304
9.02,2.1677387283588843,0.5055246997577868,-0.2154273052113183,0.0021811969301440857,-0.07057663438618314,0.207856527373517,-0.14949464481657293,3.5217649028816207,0.27349012378348647,-0.3428562075499284,-0.23666462293157467,0.028313571675526242,1.6265241987740292e-05,0,0,139.51121388388367,18.0029304029304
9.040000000000001,2.167780506439036,0.5055155286454981,-0.21683630667824513,0.0020922569340166082,-0.07031036622286592,0.2059925591778997,-0.1500104155478959,3.530239988065299,0.27046143958650004,-0.3435425885820304,-0.2375908667284714,0.033331849758010595,1.593148223572559e-05,0,0,139.51121388388367,18.0029304029304
9.06,2.167820568535887,0.5055066751447355,-0.21823999233157493,0.0020069396669606123,-0.07004510262340623,0.2041795995798444,-0.15048026409604132,3.5387130471490384,0.26742709173097157,-0.34419461564155873,-0.23847646707606004,0.03281455837566544,1.5610024283472038e-05,0,0,139.51121388388367,18.0029304029304
9.08,2.1678589850257657,0.5054981288388578,-0.21963838222655643,0.0019250980207757365,-0.06978083979783183,0.20241567103301222,-0.1509061488176292,3.5471841808835234,0.2643873728802852,-0.3448122235263508,-0.23932072515949707,0.03054748172202127,1.530037949012096e-05,0,0,139.51121388388367,18.0029304029304
9.1,2.167895823409148,0.5054898796212363,-0.22103149634277458,0.0018465908076451445,-0.06951757397046925,0.20069887521788699,-0.1512899489148498,3.555653490767337,0.26134257603828537,-0.3453953504761328,-0.24012294464194733,0.03117386740665006,1.5002078130280094e-05,0,0,139.51121388388367,18.0029304029304
9.120000000000001,2.167931148427076,0.5054819176878916,-0.2224193545844365,0.0017712825281232952,-0.06925530137988979,0.19902738993941393,-0.15163346753755197,3.5641210790073807,0.25829299452978494,-0.3459439381786957,-0.24088243177353372,0.029595707650939097,1.4714668739368442e-05,0,0,139.51121388388367,18.0029304029304
9.14,2.16796502217298,0.5054742335301813,-0.22380197678065555,0.0016990431474767718,-0.06899401827885583,0.197399466136188,-0.15193843477378344,3.57258704847904,0.2552389219812073,-0.34645793177572637,-0.2415984955008538,0.025938011828756116,1.44377174720791e-05,0,0,139.51121388388367,18.0029304029304
9.16,2.167997504200083,0.5054668179275446,-0.2251793826857347,0.0016297478801667788,-0.06873372093426726,0.19581342499838697,-0.15220651053158707,3.581051502686113,0.252180652301353,-0.3469372798682934,-0.24227044757710375,0.03602219180959469,1.4170807474971417e-05,0,0,139.51121388388367,18.0029304029304
9.18,2.168028651624543,0.5054596619403162,-0.2265515919794489,0.001563276982255573,-0.06847440562710805,0.19426765519155648,-0.15243928731494538,3.589514545720527,0.24911847966228431,-0.34738193452198707,-0.2428976026728421,0.04136393179066515,1.391353827405288e-05,0,0,139.51121388388367,18.0029304029304
9.200000000000001,2.1680585192244886,0.50545275690262,-0.22791862426732606,0.0014995155515147478,-0.06821606865239327,0.19276061018329543,-0.15263829289682743,3.597976282221837,0.24605269848032296,-0.3477918512717126,-0.2434792784874261,0.04125765044652468,1.3665525177918025e-05,0,0,139.51121388388367,18.0029304029304
9.22,2.1680871595351157,0.5054460944153456,-0.2292804990809273,0.0014383533350106079,-0.067958706319116,0.19129080566984966,-0.15280499289232685,3.606436817336543,0.24298360339715064,-0.3481669891261364,-0.2440147958611491,0.04038748272250164,1.342639869691964e-05,0,0,139.51121388388367,18.0029304029304
9.24,2.1681146229399677,0.5054396663392179,-0.23063723587812585,0.0013796845439406839,-0.06770231495019469,0.1898568170996059,-0.15294079323490095,3.6148962566772167,0.2399114892610069,-0.34850731057178586,-0.24450347888811472,0.03833027534092005,1.3195803978734849e-05,0,0,139.51121388388367,18.0029304029304
9.26,2.1681409577585757,0.5054334647879646,-0.23198885404338548,0.0013234076754954653,-0.06744689088242053,0.18845727729047665,-0.15304704255872068,3.6233547062814773,0.23683665110797575,-0.3488127815767999,-0.2449446550298624,0.03979033077509418,1.2973400260386792e-05,0,0,139.51121388388367,18.0029304029304
9.28,2.1681662103305777,0.5054274821215875,-0.23333537288803702,0.0012694253415205079,-0.06719243046640518,0.18709087413817815,-0.1531250344901272,3.631812272570812,0.2337593841433544,-0.3490833715943326,-0.24533765522977807,0.03611540077281615,1.275886033693524e-05,0,0,139.51121388388367,18.0029304029304
9.3,2.1681904250964465,0.5054217109397412,-0.2346768116505543,0.001217644103756088,-0.06693893006652855,0.18575634841243133,-0.1531760098511677,3.6402690623092626,0.23067998372309526,-0.3493190535656078,-0.24568181402831157,0.03836778124963019,1.2551870046761601e-05,0,0,139.51121388388367,18.0029304029304
9.32,2.168213644674984,0.5054161440752215,-0.23601318949682942,0.0011679743154342783,-0.06668638606088703,0.1844524916381489,-0.15320115877814558,3.648725182561987,0.2275987453353146,-0.3495198039226246,-0.24597646967901377,0.03678922351326827,1.2352127773340715e-05,0,0,139.51121388388367,18.0029304029304
9.34,2.1682359099376725,0.5054107745875709,-0.23734452552044596,0.001120329969016713,-0.06643479484124148,0.1831781440587166,-0.1532016227580766,3.6571807406537293,0.2245159645818589,-0.3496856025905147,-0.24622096426542522,0.041649895549302256,1.215934396342315e-05,0,0,139.51121388388367,18.0029304029304
9.36,2.168257260080043,0.5054055957567989,-0.23867083874295233,0.0010746285498601483,-0.06618415281296575,0.18193219267852803,-0.15317849658589353,3.665635844127188,0.22143193715992182,-0.3498164329895494,-0.2464146438188205,0.03994822164305954,1.1973240661331333e-05,0,0,139.51121388388367,18.0029304029304
9.38,2.1682777326901417,0.5054006010772233,-0.2399921481141334,0.00103079089560125,-0.06593445639499551,0.1807135693819888,-0.1531328302451827,3.674090600701306,0.21834695884370317,-0.34991228203679786,-0.24655685843682745,0.052375659110304305,1.179355105919433e-05,0,0,139.51121388388367,18.0029304029304
9.4,2.1682973638142324,0.5053957842514314,-0.2413084725122811,0.0009887410610566452,-0.06568570201977683,0.17952124912626533,-0.15306563071517537,3.682545118229508,0.21526132546610235,-0.34997314014743525,-0.24664696240294032,0.04590797794410161,1.162001906280033e-05,0,0,139.51121388388367,18.0029304029304
9.42,2.1683161880198436,0.5053911391843641,-0.2426198307444642,0.0009484061884391805,-0.06543788613321534,0.17835424820512163,-0.15297786370665356,3.690999504657886,0.2121753329004375,-0.34999900123570127,-0.24668431430692545,0.04500547598377772,1.1452398872718178e-05,0,0,139.51121388388367,18.0029304029304
9.44,2.1683342384562403,0.5053866599775231,-0.243926241546797,0.0009097163826964054,-0.0651910051946254,0.17721162258125203,-0.15287045532935994,3.6994538679833484,0.2090892770421834,-0.3499898627155085,-0.2466682771661421,0.04301987760074028,1.1290454580424256e-05,0,0,139.51121388388367,18.0029304029304
9.46,2.1683515469124583,0.5053823409233008,-0.24522772358470732,0.0008726045917825383,-0.06494505567667956,0.17609246628458913,-0.15274429369343442,3.707908316211763,0.20600345379071852,-0.3499457255007015,-0.24659821854777797,0.037597897303358,1.1133959778997574e-05,0,0,139.51121388388367,18.0029304029304
9.48,2.1683681438729723,0.5053781764994364,-0.24652429545320265,0.0008370064916805204,-0.06470003406535815,0.1749959098741358,-0.15260023044732662,3.716362957316084,0.20291815903107385,-0.3498665940049649,-0.24647351069200207,0.04319517551418,1.0982697188032658e-05,0,0,139.51121388388367,18.0029304029304
9.5,2.1683840585711,0.5053741613635929,-0.24781597567713626,0.0008028603759961339,-0.064455936859899,0.17392111896094326,-0.15243908225456354,3.7248178991944987,0.199833688615676,-0.3497524761413823,-0.24629353063605003,0.04511462843634501,1.0836458292411144e-05,0,0,139.51121388388367,18.0029304029304
9.52,2.168399319040236,0.5053702903480606,-0.24910278271147174,0.0007701070499515838,-0.06421276057274747,0.17286729278992874,-0.15226163221167924,3.7332732496285956,0.19675033834607514,-0.3496033833216449,-0.246057660339229,0.05536403198001239,1.0695042994493184e-05,0,0,139.51121388388367,18.0029304029304
9.540000000000001,2.168413952162997,0.5053665584545834,-0.25038473494154656,0.0007386897286113663,-0.06397050172950665,0.17183366287829727,-0.15206863120954023,3.741729116241579,0.19366840395465054,-0.34941933045491064,-0.24576528680885312,0.052101676392102565,1.0558259279380006e-05,0,0,139.51121388388367,18.0029304029304
9.56,2.1684279837183666,0.505362960849306,-0.2516618506833351,0.0007085539391786072,-0.06372915686888765,0.17081949170840624,-0.15186079924023,3.750185606456531,0.19058818108628517,-0.3492003359463126,-0.24541580222710135,0.047493574418831,1.0425922892796577e-05,0,0,139.51121388388367,18.0029304029304
9.58,2.168441438426914,0.505359492857843,-0.2529341481837097,0.0006796474272053939,-0.06348872254266026,0.16982407147298012,-0.15163882665158435,3.75864282745475,0.1875099652800015,-0.3489464216951193,-0.2450086040787971,0.04534820176853635,1.0297857031230095e-05,0,0,139.51121388388367,18.0029304029304
9.6,2.1684543399941787,0.5053561499604711,-0.2542016456207022,0.0006519200665658845,-0.06324919531560345,0.16884672287065358,-0.15140337535139753,3.767100886134174,0.18443405195055104,-0.3486576130925442,-0.24454309528009788,0.04218099773966852,1.0173892043956537e-05,0,0,139.51121388388367,18.0029304029304
9.620000000000001,2.168466711152267,0.5053529277874378,-0.2554643611037629,0.0006253237730461566,-0.06301057176545664,0.16788679394989203,-0.151155079963255,3.775559889067895,0.18136073636994787,-0.3483339390192069,-0.24401868430809487,0.04070516485312576,1.0053865146481683e-05,0,0,139.51121388388367,18.0029304029304
9.64,2.1684785736997667,0.5053498221143891,-0.25672231267401985,0.0005998124214098256,-0.06277284848287047,0.1669436589994031,-0.15089454893587317,3.784019942462796,0.17829031364894063,-0.34797543184224494,-0.24343478533130558,0.03602329672835901,9.93762014507571e-06,0,0,139.51121388388367,18.0029304029304
9.66,2.168489948540022,0.5053468288579144,-0.2579755183045363,0.0005753417658034683,-0.06253602207135824,0.16601671748322228,-0.1506223656077674,3.7924811521183157,0.17522307871841344,-0.3475821274120774,-0.24279081834105404,0.03627284853977886,9.825007172042238e-06,0,0,139.51121388388367,18.0029304029304
9.68,2.168500855717851,0.5053439440712068,-0.2592239959005676,0.0005518693633707196,-0.06230008914724739,0.16510539301871915,-0.1503390892290007,3.8009436233853497,0.17215932631070865,-0.3471540650588194,-0.24208620928371338,0.032242090670776734,9.715882431234404e-06,0,0,139.51121388388367,18.0029304029304
9.700000000000001,2.1685113144547534,0.5053411639398341,-0.26046776329981697,0.0005293545009486807,-0.06206504633963113,0.16420913239583382,-0.15004525594170154,3.809407461125311,0.16909935094086323,-0.3466912875883496,-0.24132039019381113,0.029959286630412835,9.61010795361844e-06,0,0,139.51121388388367,18.0029304029304
9.72,2.168521343182686,0.5053384847776253,-0.26170683827269026,0.0005077581247248956,-0.06183089029032026,0.16332740463591672,-0.14974137972098128,3.8178727696693686,0.16604344688775247,-0.34619384127802943,-0.2404927993279668,0.031186696350911366,9.507551362357425e-06,0,0,139.51121388388367,18.0029304029304
9.74,2.1685309595764526,0.5053359030226643,-0.26294123852255025,0.00048704277273763026,-0.061597617653795185,0.16245970008860247,-0.14942795327781655,3.8263396527778646,0.16299190817513207,-0.34566177587207536,-0.23960288129964663,0.02785217670977114,9.408085647212225e-06,0,0,139.51121388388367,18.0029304029304
9.76,2.1685401805847757,0.5053334152333934,-0.2641709816859691,0.0004671725101065915,-0.061365225097158194,0.16160552956520916,-0.14910544892540853,3.8348082135999335,0.15994502855257198,-0.3450951445765846,-0.2386500872147102,0.025048469784735284,9.311588947827701e-06,0,0,139.51121388388367,18.0029304029304
9.78,2.168549022460083,0.5053310180848215,-0.2653960853329807,0.0004481128668854345,-0.061133709300085735,0.16076442350720976,-0.1487743194104703,3.843278554633341,0.15690310147627493,-0.34449400405421454,-0.237633874807736,0.021656114647760193,9.217944345583234e-06,0,0,139.51121388388367,18.0029304029304
9.8,2.1685575007870894,0.5053287083648377,-0.2666165669673315,0.0004298307784315276,-0.06090306695478103,0.15993593118837718,-0.1484349987108414,3.8517507776845443,0.1538664200897723,-0.34385841441851633,-0.23655370857908387,0.01941783495855623,9.127039663762992e-06,0,0,139.51121388388367,18.0029304029304
9.82,2.1685656305101975,0.5053264829706271,-0.2678324440267305,0.00041229452819241424,-0.06067329476592681,0.15911961994925924,-0.1480879028007738,3.8602249838290064,0.15083527720449003,-0.3431884392279241,-0.23540905993268235,0.01741600825435699,9.038767275645204e-06,0,0,139.51121388388367,18.0029304029304
9.84,2.168573425959782,0.5053243389051862,-0.2690437338830989,0.0003954736928122848,-0.06044438945063823,0.15831507446268886,-0.1477334303851833,3.8687012733717543,0.14780996528017878,-0.3424841454793985,-0.23419940731449929,0.016993066206355174,8.95302392023116e-06,0,0,139.51121388388367,18.0029304029304
9.86,2.168580900877394,0.5053222732739376,-0.27025045384281754,0.00037933908946545926,-0.06021634773841596,0.15752189602908687,-0.14737196360410926,3.877179745808226,0.14479077640520066,-0.3417456036017274,-0.23292423635167525,0.015883885160810296,8.869710525379743e-06,0,0,139.51121388388367,18.0029304029304
9.88,2.168588068439937,0.5053202832814402,-0.27145262114697477,0.0003638627253275114,-0.05998916637109943,0.15673970190036104,-0.14700386870857893,3.885660499785387,0.14177800227666656,-0.34097288744848314,-0.23158303999227287,0.015463723865155918,8.788732037960656e-06,0,0,139.51121388388367,18.0029304029304
9.9,2.168594941282845,0.5053183662281934,-0.2726502529716127,0.0003490177490981164,-0.059762842102820346,0.15596812463125312,-0.14662949670902461,3.894143633063158,0.13877193418041803,-0.3401660742906373,-0.23017531864562346,0.02633438345282798,8.709997260903171e-06,0,0,139.51121388388367,18.0029304029304
9.92,2.168601531522319,0.5053165195075355,-0.27384336642797213,0.00033477840449307026,-0.05953737169995627,0.155206811457029,-0.14624918399735923,3.902629242476151,0.13577286297084656,-0.3393252448088331,-0.22870058032321466,0.024595673643773318,8.633418696678968e-06,0,0,139.51121388388367,18.0029304029304
9.94,2.1686078507766435,0.5053147406026297,-0.2750319785627377,0.00032111998562615055,-0.05931275194108442,0.15445542369645074,-0.14586325294376962,3.91111742389574,0.13278107905054576,-0.3384504830853181,-0.22715834078009978,0.028819559169993333,8.558912397168758e-06,0,0,139.51121388388367,18.0029304029304
9.96,2.1686139101866386,0.5053130270835394,-0.27621610635828103,0.00030801879420461507,-0.05908897961693561,0.15371363617901201,-0.1454720124692486,3.9196082721924657,0.12979687234978965,-0.33754187659553564,-0.2255481236567693,0.02932318205313768,8.48639781950676e-06,0,0,139.51121388388367,18.0029304029304
9.98,2.1686197204352626,0.5053113766043905,-0.27739576673290345,0.0002954520984651338,-0.05886605153034848,0.15298113669545677,-0.1450757585948439,3.928101881198805,0.12682053230583176,-0.33659951619937767,-0.22386946062145707,0.04324093738658419,8.415797687786816e-06,0,0,139.51121388388367,18.0029304029304
10.0,2.1686252917664186,0.5053097869006157,-0.2785709765410777,0.00028339809377984573,-0.05864396449622377,0.15225762547064126,-0.14467477496856507,3.9365983436723004,0.12385234784201998,-0.33562349613209846,-0.22212189151282302,0.0356205827382329,8.347037860290119e-06,0,0,139.51121388388367,18.0029304029304
10.02,2.1686306340029886,0.5053082557862829,-0.27974175257368905,0.00027183586486501213,-0.05842271534147878,0.15154281465783573,-0.1442693333708512,3.9450977512590772,0.12089260734672196,-0.3346139139948913,-0.220304964482974,0.031626699797894516,8.280047202116614e-06,0,0,139.51121388388367,18.0029304029304
10.040000000000001,2.168635756564125,0.5053067811515035,-0.28090811155827433,0.00026074534952743504,-0.0582023009050021,0.1508364278535988,-0.14385969419946693,3.9536001944577635,0.11794159865205588,-0.3335708707451286,-0.21841823614077482,0.03279185494833818,8.214757462945976e-06,0,0,139.51121388388367,18.0029304029304
10.06,2.1686406684818347,0.5053053609599162,-0.2820700701592621,0.0002501073038863721,-0.0579827180376084,0.1501381996323916,-0.14344610693466,3.9621057625838096,0.11499960901242239,-0.33249447068626625,-0.21646127169539375,0.03141555700369586,8.151103159723463e-06,0,0,139.51121388388367,18.0029304029304
10.08,2.168645378416882,0.5053039932462511,-0.2832276449782097,0.00023990326901118084,-0.05776396360199346,0.1494478751001317,-0.1430288105853792,3.9706145437342406,0.1120669250828329,-0.3313848214574131,-0.21443364510003132,0.037560420251078246,8.089021464137078e-06,0,0,139.51121388388367,18.0029304029304
10.1,2.1686498946740373,0.5053026761139658,-0.28438085255404133,0.00023011553891729754,-0.05754603447268929,0.14876520946591937,-0.14260803411732095,3.9791266247528396,0.1091438328970304,-0.3302420340225673,-0.21233493919578406,0.044924091926949544,8.028452094596336e-06,0,0,139.51121388388367,18.0029304029304
10.120000000000001,2.168654225216707,0.5053014077329526,-0.2855297093632835,0.0002207271298654714,-0.05732892753601958,0.14808996763119991,-0.1421839968635415,3.987642091195788,0.10623061784539875,-0.3290662226595199,-0.2101647458555802,0.04776396226533982,7.969337212636318e-06,0,0,139.51121388388367,18.0029304029304
10.14,2.1686583776809543,0.5053001863373194,-0.28667423182030116,0.00021172175091136635,-0.05711263969005512,0.14742192379565325,-0.14175690891834164,3.996161027297761,0.10332756465265656,-0.3278575049484276,-0.2079226661281342,0.049105192083317505,7.911621323483317e-06,0,0,139.51121388388367,18.0029304029304
10.16,2.1686623593889474,0.5052990102232371,-0.287814436277532,0.0002030837756547782,-0.05689716784456949,0.14676086107913283,-0.14132697151510334,4.004683515938508,0.10043495735533285,-0.3266160017600541,-0.20560831038186073,0.04840607890980623,7.855251180674538e-06,0,0,139.51121388388367,18.0029304029304
10.18,2.168666177361859,0.505297877746854,-0.2889503390257196,0.0001947982151397464,-0.05668250892099499,0.14610657115900214,-0.14089437738873012,4.013209638609919,0.09755307927902049,-0.32534183724368376,-0.2032212984486862,0.04103122759690316,7.800175694542763e-06,0,0,139.51121388388367,18.0029304029304
10.200000000000001,2.1686698383322316,0.505296787322276,-0.29008195629414707,0.00018685069185881252,-0.05646865985237854,0.14545885392224273,-0.14045931112331592,4.021739475383588,0.09468221301540562,-0.32403513881470625,-0.20076125976769382,0.03786399424318096,7.746345844416788e-06,0,0,139.51121388388367,18.0029304029304
10.22,2.1686733487558385,0.5052957374196094,-0.2912093042508682,0.0001792274148165457,-0.056255617583337934,0.14481751713173371,-0.14002194948564375,4.030273104878906,0.09182264039906925,-0.32269603714187567,-0.19822783352854711,0.049205775780297986,7.693714594379786e-06,0,0,139.51121388388367,18.0029304029304
10.24,2.168676714823058,0.5052947265630664,-0.29233239900293867,0.00017191515560928075,-0.05604337907001817,0.14418237610612733,-0.13958246174508937,4.0388106042316645,0.08897464248405995,-0.32132466613424343,-0.1956206688146107,0.048880714072505486,7.642236812469352e-06,0,0,139.51121388388367,18.0029304029304
10.26,2.1686799424697765,0.5052937533291281,-0.29345125659664634,0.00016490122547974264,-0.05583194128004795,0.14355325341276662,-0.1391410099804832,4.047352049063212,0.08613849952023479,-0.3199211629277674,-0.19293942474571824,0.05275323494612958,7.591869193128431e-06,0,0,139.51121388388367,18.0029304029304
10.28,2.168683037387845,0.5052928163447685,-0.29456589301774033,0.00015817345330690425,-0.055621301192496364,0.1429299785731156,-0.13869774937446075,4.055897513450155,0.0833144909293671,-0.3184856678715987,-0.19018377062050812,0.04513968363374713,7.542570182849859e-06,0,0,139.51121388388367,18.0029304029304
10.3,2.168686005035114,0.5052919142857345,-0.29567632419165973,0.00015172016449303344,-0.055411455797829724,0.14231238778019267,-0.1382528284958109,4.064447069894631,0.08050289528101941,-0.31701832451404655,-0.18735338605825946,0.039469861890391304,7.494299908799434e-06,0,0,139.51121388388367,18.0029304029304
10.32,2.168688850645045,0.5052910458748787,-0.29678256598376046,0.0001455301607114062,-0.05520240209786862,0.14170032362751883,-0.1378063895703099,4.073000789295147,0.07770399026818106,-0.3155192795882242,-0.184447961140162,0.04312109034262125,7.447020110388017e-06,0,0,139.51121388388367,18.0029304029304
10.34,2.168691579235935,0.505290209880548,-0.2978846341995428,0.0001395927004796761,-0.05499413710574494,0.1410936348491116,-0.13735856874051025,4.081558740918018,0.07491805268266878,-0.3139886829973748,-0.1814671965499387,0.04280950665853241,7.400694073593159e-06,0,0,139.51121388388367,18.0029304029304
10.36,2.168694195619756,0.5052894051150237,-0.29898254458487655,0.00013389748052526718,-0.05478665784585935,0.14049217607007614,-0.1369094963149339,4.090120992369401,0.07214535839029032,-0.3124266877998821,-0.17841080371375906,0.04137324401363999,7.355286567966093e-06,0,0,139.51121388388367,18.0029304029304
10.38,2.168696704410637,0.5052886304330113,-0.30007631282622615,0.00012843461791055456,-0.054579961353838705,0.13989580756736072,-0.13645929700710135,4.098687609567943,0.06938618230577084,-0.31083345019396397,-0.1752785049393567,0.04066580068061218,7.310763786199173e-06,0,0,139.51121388388367,18.0029304029304
10.4,2.1686991100329998,0.5052878847301796,-0.3011659545508753,0.00012319463288688453,-0.05437404467649368,0.1393043950402637,-0.1360080901648101,4.107258656718043,0.06664079836744172,-0.3092091295020536,-0.17207003355427936,0.039057890670166025,7.2670932861566145e-06,0,0,139.51121388388367,18.0029304029304
10.42,2.168701416729349,0.5052871669417474,-0.30225148532714935,0.00011816843244775437,-0.05416890487177664,0.13871780939029452,-0.1355559899900604,4.115834196283768,0.06390947951169296,-0.30755388815486645,-0.16878513404320034,0.037364600597109686,7.224243935276611e-06,0,0,139.51121388388367,18.0029304029304
10.44,2.1687036285677532,0.5052864760411162,-0.3033329206646385,0.00011334729455266928,-0.05396453900873954,0.13813592651000714,-0.13510310575000856,4.124414288963391,0.06119249764718927,-0.3058678916751578,-0.16542356218420273,0.038145735302403214,7.182185857204301e-06,0,0,139.51121388388367,18.0029304029304
10.46,2.168705749449015,0.5052858110385479,-0.30441027601441917,0.00010872285299435102,-0.05376094416749209,0.13755862708044156,-0.13464954197931353,4.132998993664604,0.0584901236288511,-0.3041513086611706,-0.16198508518396565,0.03688266311490813,7.140890380631301e-06,0,0,139.51121388388367,18.0029304029304
10.48,2.1687077831135477,0.505285170979886,-0.30548356676927435,0.00010428708288308568,-0.05355811743916002,0.13698579637682168,-0.1341953986742281,4.141588367480387,0.05580262723160189,-0.30240431076977603,-0.1584694818117654,0.035702420681867006,7.100329990211707e-06,0,0,139.51121388388367,18.0029304029304
10.5,2.168709733147963,0.5052845549453177,-0.30655280826391423,0.00010003228672306769,-0.05335605592584353,0.13641732408217336,-0.13374077147876998,4.150182465665566,0.05313027712388362,-0.30062707269930716,-0.1548765425322211,0.038198802361663356,7.060478279455676e-06,0,0,139.51121388388367,18.0029304029304
10.52,2.168711602991399,0.5052839620481782,-0.30761801577519465,9.59510810566077e-05,-0.053154756740575855,0.1358531041085403,-0.13328575186329628,4.158781341614044,0.05047334084094209,-0.29881977217209016,-0.1512060696366893,0.042394763444502506,7.021309905583251e-06,0,0,139.51121388388367,18.0029304029304
10.540000000000001,2.1687133959415794,0.5052833914337949,-0.30867920452233605,9.20363836530621e-05,-0.05295421700728206,0.13529303442548785,-0.13283042729579148,4.167385046836747,0.04783208475788464,-0.2969825899166714,-0.14745787737323685,0.04480101685011072,6.982800546168413e-06,0,0,139.51121388388367,18.0029304029304
10.56,2.168715115160628,0.5052828422783688,-0.30973638966714007,8.828140122028514e-05,-0.05275443386073791,0.1347370168955971,-0.13237488140616424,4.175993630940271,0.04520677406251289,-0.29511570964974587,-0.1436317920751055,0.03981830834549463,6.944926857599398e-06,0,0,139.51121388388367,18.0029304029304
10.58,2.168716763680642,0.5052823137878937,-0.3107895863142068,8.46796176172963e-05,-0.05255540444652899,0.13418495711666587,-0.1319191941438404,4.18460714160623,0.042597672727933335,-0.29321931805778423,-0.1397276522875759,0.05192366923133456,6.907666435181786e-06,0,0,139.51121388388367,18.0029304029304
10.6,2.1687183444090414,0.5052818051971115,-0.3118388095111508,8.122478254773802e-05,-0.05235712592100983,0.13363676427034113,-0.1314634419289228,4.193225624571366,0.040005043484949446,-0.2912936047783654,-0.1357453088931655,0.045340645952648445,6.870997774920812e-06,0,0,139.51121388388367,18.0029304029304
10.620000000000001,2.1687198601336877,0.5052813157685029,-0.312884074248815,7.791090071451856e-05,-0.05215959545126341,0.13309235097692276,-0.13100769779718285,4.2018491236083735,0.03742914779423851,-0.2893387623812125,-0.13168462523505964,0.04524647102524912,6.8349002368146144e-06,0,0,139.51121388388367,18.0029304029304
10.64,2.1687213135278065,0.5052808447913103,-0.3139253954614859,7.473222141683695e-05,-0.05196281021506052,0.13255163315608517,-0.1305520315391332,4.2104776805074655,0.03487024581831739,-0.2873549863489364,-0.1275454772386958,0.03994538269846922,6.799354009674047e-06,0,0,139.51121388388367,18.0029304029304
10.66,2.168722707154693,0.5052803915805968,-0.3149627880271069,7.168322857155296e-05,-0.05176676740081957,0.1320145298932771,-0.13009650983342422,4.219111335058709,0.032328596393301386,-0.28534247505748717,-0.12332775353141773,0.03510968334603404,6.764340077349343e-06,0,0,139.51121388388367,18.0029304029304
10.68,2.1687240434722375,0.505279955476333,-0.3159962667674902,6.875863114160019e-05,-0.05157146420756636,0.13148096331156703,-0.12964119637479507,4.227750125035119,0.02980445700046092,-0.2833014297563168,-0.11903135556011452,0.03951049089663867,6.729840186377525e-06,0,0,139.51121388388367,18.0029304029304
10.700000000000001,2.168725324837257,0.5052795358425178,-0.31702584644852927,6.595335395484381e-05,-0.05137689784489405,0.1309508584487124,-0.12918615199680172,4.236394086176513,0.027298083737580813,-0.28123205454825434,-0.1146561977067525,0.03936607004917084,6.695836814896161e-06,0,0,139.51121388388367,18.0029304029304
10.72,2.1687265535096483,0.5052791320663279,-0.3180515417804093,6.326252889746053e-05,-0.051183065532923344,0.1304241431392401,-0.12873143478953486,4.245043252174163,0.024809731290127462,-0.27913455636909645,-0.11020220740172781,0.040479045451815604,6.662313142861628e-06,0,0,139.51121388388367,18.0029304029304
10.74,2.168727731656378,0.5052787435572955,-0.31907336741781783,6.0681486466567635e-05,-0.050989964502262744,0.12990074790133324,-0.1282771002125318,4.253697654656225,0.02233965290222944,-0.2770091449669131,-0.1056693252349371,0.03860292311101844,6.629253023469547e-06,0,0,139.51121388388367,18.0029304029304
10.76,2.1687288613552997,0.5052783697465151,-0.32009133796015377,5.8205747667449e-05,-0.05079759199396896,0.1293806058283285,-0.127823201203079,4.262357323173959,0.019888100347477414,-0.2748560328810732,-0.10105750506449585,0.04380290363560064,6.5966409557288025e-06,0,0,139.51121388388367,18.0029304029304
10.78,2.1687299445988177,0.5052780100858765,-0.32110546795173595,5.5831016241328786e-05,-0.05060594525950753,0.12886365248463616,-0.12736978828009224,4.271022285188767,0.017455323899549558,-0.2726754354209911,-0.09636671412301262,0.0434634246427608,6.564462058183951e-06,0,0,139.51121388388367,18.0029304029304
10.8,2.168730983297403,0.5052776640473248,-0.3221157718820114,5.3553171210203154e-05,-0.05041502156071351,0.12834982580590198,-0.12691690964375577,4.27969256606002,0.015041572302668876,-0.2704675706445955,-0.09159693312133071,0.03942907984901249,6.532702043681934e-06,0,0,139.51121388388367,18.0029304029304
10.82,2.16873197928296,0.5052773311221457,-0.3231222641857619,5.136825972581102e-05,-0.05022481816975238,0.12783906600323897,-0.12646461127109304,4.28836818903372,0.012647092741899294,-0.2682326593365245,-0.0867481563496647,0.04342717603022939,6.50134719516228e-06,0,0,139.51121388388367,18.0029304029304
10.84,2.168732934312056,0.5052770108202741,-0.32412495924331025,4.9272490210324e-05,-0.050035332369081115,0.12733131547136145,-0.1260129370076347,4.2970491752319715,0.010272130813287563,-0.26597092498604635,-0.08182039177603184,0.03986009098149597,6.470384342488131e-06,0,0,139.51121388388367,18.0029304029304
10.86,2.1687338500690254,0.5052767026696285,-0.32512387138072607,4.726222577686779e-05,-0.04984656145140922,0.1268265187004638,-0.12556192865534352,4.3057355436432845,0.007916930493858424,-0.26368259376471126,-0.0768136611419083,0.03314936947966003,6.439800840122092e-06,0,0,139.51121388388367,18.0029304029304
10.88,2.1687347281689298,0.5052764062154665,-0.3261190148700302,4.533397791845788e-05,-0.0496585027196602,0.1263246221916904,-0.12511162605694862,4.314427311113716,0.005581734111470603,-0.26136789450373427,-0.07172800005502372,0.04091161762626135,6.409584545834235e-06,0,0,139.51121388388367,18.0029304029304
10.9,2.1687355701604147,0.5052761210197634,-0.3271104039293984,4.348440045440408e-05,-0.049471153486932935,0.1258255743760502,-0.12466206717683559,4.323124492338858,0.0032667823145417136,-0.25902705867111303,-0.06656345807921021,0.037210364010626835,6.379723800185519e-06,0,0,139.51121388388367,18.0029304029304
10.92,2.168736377528437,0.5052758466606126,-0.32809805272336534,4.171028372367035e-05,-0.04928451107646331,0.12532932553663595,-0.12421328817863317,4.331827099856648,0.0009723140416502537,-0.25666032034847974,-0.06132009882121925,0.03540244998938543,6.350207406871644e-06,0,0,139.51121388388367,18.0029304029304
10.94,2.1687371516968845,0.5052755827316464,-0.32908197536302597,4.000854901513348e-05,-0.04909857282158602,0.12483582773401287,-0.12376532349963075,4.340535144041055,-0.0013014335089767681,-0.25426791620769457,-0.05599800001444094,0.029086298647336375,6.321024613904769e-06,0,0,139.51121388388367,18.0029304029304
10.96,2.1687378940310866,0.5052753288414767,-0.33006218590623765,3.8376243225061246e-05,-0.04891333606569638,0.12434503473464757,-0.12331820592215656,4.349248633096601,-0.0035542249100817447,-0.25185008548717763,-0.050597253599430014,0.03408219625046359,6.292165095508201e-06,0,0,139.51121388388367,18.0029304029304
10.98,2.168738605840223,0.5052750846131555,-0.331038698357821,3.681053373255398e-05,-0.04872879816221244,0.12385690194225331,-0.12287196664204027,4.3579675730537595,-0.005785826536090879,-0.2494070699679865,-0.045117965801174664,0.03139558309129123,6.26361893478998e-06,0,0,139.51121388388367,18.0029304029304
11.0,2.1687392883796326,0.5052748496836537,-0.33201152666976,3.530870348404827e-05,-0.04854495647453716,0.1233713863319327,-0.12242663533427876,4.366691967765201,-0.007996006593915741,-0.24693911394963716,-0.03956025720301748,0.029535896518135592,6.235376607105145e-06,0,0,139.51121388388367,18.0029304029304
11.02,2.168739942853027,0.5052746237033601,-0.332980684741401,3.386814627836121e-05,-0.04836180837602068,0.12288844638700346,-0.12198224021601968,4.375421818902915,-0.010184535153832377,-0.24444646422567473,-0.033924262817160544,0.03837795220512723,6.2074289640928065e-06,0,0,139.51121388388367,18.0029304029304
11.040000000000001,2.1687405704146148,0.5052744063355948,-0.3339461864196519,3.2486362244089976e-05,-0.04817935124992291,0.12240804203839821,-0.12153880810697174,4.384157125956205,-0.012351184180428167,-0.24192937005899423,-0.028210132151683442,0.0538452917417435,6.179767218382828e-06,0,0,139.51121388388367,18.0029304029304
11.06,2.1687411721711354,0.5052741972561416,-0.3349080454991793,3.116095350152358e-05,-0.04799758248937602,0.12193013460653278,-0.12109636448734684,4.392897886230542,-0.014495727563606283,-0.23938808315691523,-0.02241802927399117,0.04423097139840725,6.152382928907921e-06,0,0,139.51121388388367,18.0029304029304
11.08,2.1687417491838112,0.5052739961527963,-0.3358662757226059,2.988962000153641e-05,-0.04781649949734725,0.12145468674554291,-0.12065493355343493,4.401644094847308,-0.016617941149637487,-0.2368228576460099,-0.01654813287062573,0.037831768425255596,6.125267986822891e-06,0,0,139.51121388388367,18.0029304029304
11.1,2.1687423024702235,0.5052738027249317,-0.3368208907807073,2.867015553424591e-05,-0.04763609968660184,0.12098166238979244,-0.12021453827090811,4.41039574474441,-0.018717602772248702,-0.23423395004669167,-0.010600636303371713,0.039557291515802465,6.098414601994617e-06,0,0,139.51121388388367,18.0029304029304
11.120000000000001,2.168742833006102,0.5052736166830762,-0.3377719043126072,2.750044390050735e-05,-0.04745638047966597,0.12051102670256006,-0.11977520042594636,4.419152826677778,-0.020794492283737556,-0.23162161924756292,-0.004575747661588858,0.03520979054941338,6.071815290050603e-06,0,0,139.51121388388367,18.0029304029304
11.14,2.168743341727048,0.5052734377485092,-0.3387193299059715,2.637845523960387e-05,-0.04727733930879003,0.12004274602681653,-0.11933694067427414,4.427915329223741,-0.02284839158610197,-0.22898612647952699,0.0015263101892996067,0.03021027635551408,6.0454628599427435e-06,0,0,139.51121388388367,18.0029304029304
11.16,2.168743829530185,0.5052732656528695,-0.33966318109720406,2.5302242506758557e-05,-0.04709897361591188,0.1195767878380063,-0.11889977858819292,4.436683238782291,-0.024879084662173562,-0.22632773528966418,0.0077052995632255206,0.027875945636042707,6.019350402029777e-06,0,0,139.51121388388367,18.0029304029304
11.18,2.1687442972757403,0.505273100137778,-0.3406034713716389,2.4269938094357434e-05,-0.04692128085262033,0.1191131206987522,-0.11846373270169146,4.445456539581223,-0.026886357606743426,-0.2236467115148783,0.013960967912863054,0.042435835018716596,5.9934712766471915e-06,0,0,139.51121388388367,18.0029304029304
11.200000000000001,2.1687447457885636,0.5052729409544734,-0.3415402141637331,2.3279750591020576e-05,-0.046744258480118685,0.11865171421540469,-0.11802882055371208,4.45423521368116,-0.028869998657668868,-0.22094332325531227,0.020293047793047747,0.03975617596888871,5.967819103122954e-06,0,0,139.51121388388367,18.0029304029304
11.22,2.1687451758595797,0.5052727878634617,-0.34247342285725907,2.232996167289411e-05,-0.04656790396918852,0.11819253899636036,-0.11759505872964866,4.463019240981464,-0.030829798226949083,-0.21821784084753984,0.02670125682828095,0.0365968070168673,5.942387749275496e-06,0,0,139.51121388388367,18.0029304029304
11.24,2.168745588247187,0.5052726406341771,-0.34340311078549557,2.1418923121776882e-05,-0.04639221480015354,0.1177355666120777,-0.11716246290114796,4.471808599227042,-0.03276554893175815,-0.2154705368375302,0.03318529768438533,0.030783452583403717,5.917171321298542e-06,0,0,139.51121388388367,18.0029304029304
11.26,2.168745983678591,0.5052724990446553,-0.34432929123141803,2.0545053964897845e-05,-0.046217188462843534,0.11728076955672047,-0.11673104786428361,4.480603264016002,-0.03467704562542295,-0.212701685953395,0.03974485804435951,0.032915089865184974,5.892164154103902e-06,0,0,139.51121388388367,18.0029304029304
11.28,2.168746362851092,0.5052723628812196,-0.34525197742788866,1.9706837731388573e-05,-0.04604282245655857,0.11682812121136293,-0.11630082757616972,4.489403208808233,-0.03656408542833398,-0.2099115650779153,0.046379610588481224,0.03126500296705465,5.8673608020112095e-06,0,0,139.51121388388367,18.0029304029304
11.3,2.1687467264333105,0.5052722319381758,-0.3461711825578452,1.890281982068567e-05,-0.0458691142900332,0.11637759580869264,-0.11587181519007686,4.498208404934829,-0.038426467758776436,-0.20710045322085327,0.05308921297871927,0.03484131175352479,5.842756029857468e-06,0,0,139.51121388388367,18.0029304029304
11.32,2.1687470750663684,0.5052721060175203,-0.3470869197544895,1.8131604978298343e-05,-0.04569606148140095,0.11592916839915006,-0.11544402308911245,4.507018821608411,-0.04026399436366934,-0.20426863149105254,0.05987330784748701,0.03534562214332661,5.818344804450065e-06,0,0,139.51121388388367,18.0029304029304
11.34,2.168747409365022,0.5052719849286577,-0.34799920210147517,1.739185487456131e-05,-0.04552366155815878,0.11548281481844624,-0.1150174629185233,4.515834425934318,-0.042076469349199765,-0.201416383068326,0.06673152279080219,0.037282461373991875,5.794122286359796e-06,0,0,139.51121388388367,18.0029304029304
11.36,2.168747729918744,0.5052718684881281,-0.3489080426330943,1.6682285782172138e-05,-0.045351912057131794,0.11503851165640248,-0.11459214561667729,4.524655182922685,-0.04386369921133944,-0.19854399317513902,0.07366347036586807,0.036045676432248326,5.77008382207124e-06,0,0,139.51121388388367,18.0029304029304
11.38,2.1687480372927626,0.5052717565193448,-0.3498134543344638,1.6001666348478167e-05,-0.04518081052443806,0.11459623622705795,-0.1141680814447776,4.5334810555013645,-0.04562549286623102,-0.19565174904808705,0.08066874809314323,0.031578814386184866,5.746224936433245e-06,0,0,139.51121388388367,18.0029304029304
11.4,2.1687483320290597,0.5052716488523418,-0.3507154501417113,1.534881545865343e-05,-0.045010354515453516,0.11415596653999342,-0.11374528001536102,4.542312004529735,-0.047361661680430885,-0.19273993990917315,0.08774693846291792,0.029565520951815402,5.722541325437272e-06,0,0,139.51121388388367,18.0029304029304
11.42,2.1687486146473294,0.5052715453235289,-0.35161404294215914,1.4722600186055502e-05,-0.04484054159477708,0.113717681272822,-0.11332375031963107,4.551147988813369,-0.04907201950099529,-0.1898088569368844,0.09489760894644056,0.031160512611228215,5.6990288492594215e-06,0,0,139.51121388388367,18.0029304029304
11.44,2.1687488856458903,0.5052714457754567,-0.35250924557450936,1.4121933826203026e-05,-0.044671369336195824,0.11328135974479851,-0.1129035007536718,4.559988965119556,-0.050756382685397075,-0.1868587932370755,0.10212031201161881,0.03277552862495492,5.675683525618175e-06,0,0,139.51121388388367,18.0029304029304
11.46,2.168749145502569,0.5052713500565912,-0.35340107082902655,1.3545774010965523e-05,-0.04450283532265032,0.11284698189150269,-0.1124845391435894,4.568834888193687,-0.05241457013125944,-0.18389004381365773,0.10941458514333136,0.032485809977078964,5.6525015233923476e-06,0,0,139.51121388388367,18.0029304029304
11.48,2.1687493946755376,0.5052712580210937,-0.35428953144772085,1.2993120899689988e-05,-0.04433493714620013,0.11241452824055186,-0.1120668727696247,4.577685710776474,-0.05404640330589353,-0.18090290553910005,0.11677995086836473,0.04661289471401478,5.629479156483638e-06,0,0,139.51121388388367,18.0029304029304
11.5,2.168749633604128,0.5052711695286105,-0.35517464012453015,1.2463015444132014e-05,-0.04416767240798935,0.1119839798883011,-0.11165050838927855,4.586541383622028,-0.05565170627562672,-0.17789767712474042,0.12421591678501265,0.04190571124319027,5.6066128779532626e-06,0,0,139.51121388388367,18.0029304029304
11.52,2.1687498627096,0.5052710844440709,-0.35605640950550077,1.1954537724167991e-05,-0.04400103871821238,0.11155531847749117,-0.11123545225949064,4.595401855516762,-0.05723030573490798,-0.17487465909091585,0.13172197559734333,0.03446647453821218,5.583899274385837e-06,0,0,139.51121388388367,18.0029304029304
11.540000000000001,2.168750082395894,0.50527100263749,-0.3569348521889692,1.1466805351414846e-05,-0.04383503369607973,0.11112852617580475,-0.11082171015791009,4.604267073299141,-0.05878203103517732,-0.17183415373691033,0.1392976051541574,0.05061885561118125,5.561335060477041e-06,0,0,139.51121388388367,18.0029304029304
11.56,2.1687502930503313,0.5052709239837815,-0.3578099807257409,1.0998971937976515e-05,-0.04366965496978412,0.11070358565529476,-0.11040928740329534,4.613136981880235,-0.060306714213485504,-0.16877646511072603,0.14694226849264563,0.040958113984589734,5.538917073858937e-06,0,0,139.51121388388367,18.0029304029304
11.58,2.168750495044311,0.5052708483625756,-0.358681807619271,1.0550225627664012e-05,-0.04350490017646643,0.11028048007264835,-0.10999818887507798,4.6220115242651065,-0.06180419002085109,-0.16570189897867726,0.1546554138867685,0.044453546353280624,5.516642270109173e-06,0,0,139.51121388388367,18.0029304029304
11.6,2.168750688733952,0.5052707756580435,-0.35955034532584146,1.0119787687141428e-05,-0.04334076696218205,0.10985919305025327,-0.10958841903212585,4.630890641575006,-0.06327429595034112,-0.16261076279481507,0.16243647490034202,0.03991307621703026,5.4945077180099805e-06,0,0,139.51121388388367,18.0029304029304
11.620000000000001,2.168750874460729,0.5052707057587287,-0.3604156062547403,9.706911154549176e-06,-0.043177252981867226,0.1094397086580335,-0.10917998193073712,4.639774273070359,-0.0647168722648623,-0.15950336567018164,0.17028487044485635,0.04071264588919311,5.472510594939015e-06,0,0,139.51121388388367,18.0029304029304
11.64,2.1687510525520755,0.5052706385573852,-0.36127760276843807,9.310879543265365e-06,-0.043014355899305544,0.10902201139602265,-0.10877288124189714,4.64866235617456,-0.06613176202464927,-0.1563800183419005,0.17820000484200976,0.0466549613193768,5.450648182503057e-06,0,0,139.51121388388367,18.0029304029304
11.66,2.168751223321958,0.5052705739508196,-0.36213634718276494,8.931005598547132e-06,-0.04285207338709456,0.10860608617764521,-0.10836712026782809,4.657554826498541,-0.06751881111443662,-0.1532410331421014,0.18618126789096928,0.043393656673130165,5.428917862312227e-06,0,0,139.51121388388367,18.0029304029304
11.68,2.16875138707143,0.5052705118397416,-0.36299185176708654,8.566630104904018e-06,-0.04269040312661253,0.10819191831367701,-0.10796270195786034,4.666451617866132,-0.06887786827030191,-0.15008672396668857,0.19422803494033614,0.039031855651793,5.407317111950222e-06,0,0,139.51121388388367,18.0029304029304
11.700000000000001,2.168751544089162,0.5052704521286172,-0.36384412874447886,8.217120742125841e-06,-0.04252934280798533,0.10777949349685678,-0.10755962892365316,4.675352662340157,-0.07020878510616567,-0.1469174062439506,0.20233966696482242,0.04360154602546011,5.385843501100676e-06,0,0,139.51121388388367,18.0029304029304
11.72,2.1687516946519567,0.5052703947255297,-0.3646931902919038,7.881870987987552e-06,-0.042368890130053384,0.10736879778712234,-0.10715790345379117,4.684257890249325,-0.07151141613993638,-0.14373339690301928,0.2105155106466085,0.04207581051027822,5.364494687817509e-06,0,0,139.51121388388367,18.0029304029304
11.74,2.16875183902523,0.5052703395420436,-0.36553904854038216,7.5602990657165015e-06,-0.042209042800338825,0.10695981759744629,-0.1067575275277824,4.693167230215837,-0.07278561881928654,-0.1405350143421751,0.21875489846138313,0.04175012207460469,5.343268414980881e-06,0,0,139.51121388388367,18.0029304029304
11.76,2.168751977463486,0.5052702864930749,-0.3663817155751677,7.251846934407126e-06,-0.04204979853501275,0.10655253968024626,-0.10635850282948218,4.702080609183748,-0.07403125354704751,-0.13732257839700884,0.2270571487690286,0.03855434107540005,5.322162506850303e-06,0,0,139.51121388388367,18.0029304029304
11.78,2.16875211021076,0.5052702354967669,-0.3672212034359193,6.955979320622553e-06,-0.041891155058862574,0.10614695111434681,-0.105960830759966,4.710997952448047,-0.07524818370621021,-0.13409641030843797,0.23542156590893948,0.038678589678066845,5.301174865817229e-06,0,0,139.51121388388367,18.0029304029304
11.8,2.168752237501051,0.5052701864743682,-0.36805752411687337,6.6721827895075705e-06,-0.04173311010525952,0.10574303929246992,-0.10556451244987436,4.719919183684437,-0.07643627568451887,-0.1308568326905826,0.24384744029994487,0.037893305739814205,5.280303469227046e-06,0,0,139.51121388388367,18.0029304029304
11.82,2.1687523595587357,0.5052701393501169,-0.36889068956701454,6.399964853797433e-06,-0.04157566141612624,0.10534079190923297,-0.1051695487712509,4.72884422497985,-0.07759539889864564,-0.12760416949850545,0.25233404854479596,0.035942097681492126,5.259546366369328e-06,0,0,139.51121388388367,18.0029304029304
11.84,2.1687524765989648,0.5052700940511285,-0.3697207116902477,6.1388531191790624e-06,-0.04141880674190456,0.10494019694963337,-0.10477594034889438,4.737772996863618,-0.07872542581793333,-0.12433874599581492,0.26088065353920287,0.034329857959822026,5.238901675608601e-06,0,0,139.51121388388367,18.0029304029304
11.86,2.168752588828036,0.5052700505072891,-0.37054760234556655,5.888394464520301e-06,-0.04126254384152332,0.10454124267799991,-0.1043836875712446,4.7467054183393325,-0.07982623198769459,-0.12106088872214009,0.2694865045853659,0.03546996254946001,5.218367581565422e-06,0,0,139.51121388388367,18.0029304029304
11.88,2.16875269644377,0.5052700086511496,-0.3713713733472242,5.648154255545829e-06,-0.04110687048236638,0.10414391762739184,-0.10399279060082116,4.755641406917376,-0.08089769605205473,-0.11777092546047647,0.2781508375099691,0.030972836892491636,5.197942332480464e-06,0,0,139.51121388388367,18.0029304029304
11.9,2.168752799635848,0.5052699684178268,-0.37219203646490123,5.417715590592161e-06,-0.0409517844402407,0.10374821058942765,-0.10360324938423332,4.7645808786481,-0.08193969977632713,-0.11446918520440921,0.286872874786588,0.03141148330748054,5.1776242376436535e-06,0,0,139.51121388388367,18.0029304029304
11.92,2.1687528985861517,0.5052699297449077,-0.37300960342387424,5.196678577137865e-06,-0.04079728349934459,0.10335411060452555,-0.10321506366177842,4.773523748155626,-0.08295212806890895,-0.11115599812521218,0.2956518256624775,0.027083121659914423,5.157411664953419e-06,0,0,139.51121388388367,18.0029304029304
11.94,2.1687529934690817,0.5052698925723548,-0.3738240859051833,4.984659637847281e-06,-0.040643365452236,0.10296160695253934,-0.10282823297664576,4.782469928672302,-0.08393486900268586,-0.10783169553883233,0.3044868862896642,0.02693933874150627,5.137303038561802e-06,0,0,139.51121388388367,18.0029304029304
11.96,2.1687530844518705,0.5052698568424184,-0.37463549554579856,4.781290844929333e-06,-0.040490028099801005,0.10257068914377328,-0.10244275668374202,4.791419332073727,-0.08488781383593463,-0.10449660987275775,0.313377239860318,0.02899114464582509,5.117296836610642e-06,0,0,139.51121388388367,18.0029304029304
11.98,2.16875317169487,0.5052698224995502,-0.3754438439387872,4.586219281653325e-06,-0.040337269251222434,0.10218134691036072,-0.10205863395815376,4.8003718689144135,-0.08581085703271245,-0.1011510746327764,0.3223220567463188,0.03663654905081756,5.097391589077051e-06,0,0,139.51121388388367,18.0029304029304
12.0,2.1687532553518416,0.5052697894903202,-0.3762491426334784,4.39910642991291e-06,-0.040185086723948514,0.10179357019799136,-0.10167586380326145,4.809327448463997,-0.08670389628272189,-0.09779542436962405,0.33132049464298396,0.03423853877574773,5.077585875696081e-06,0,0,139.51121388388367,18.0029304029304
12.02,2.1687533355702198,0.5052697577633365,-0.37705140313562835,4.219627582778891e-06,-0.04003347834366166,0.10140734915797306,-0.10129444505851964,4.818285978744016,-0.08756683252064128,-0.09442999464553066,0.3403716987168685,0.040044674717289216,5.057878323964059e-06,0,0,139.51121388388367,18.0029304029304
12.040000000000001,2.1687534124913777,0.5052697272691692,-0.3778506369075853,4.047471281016363e-06,-0.03988244194424748,0.10102267413961483,-0.10091437640691701,4.827247366565262,-0.08839956994490998,-0.09105512200066382,0.3494748017575888,0.03729451555770477,5.03826760723039e-06,0,0,139.51121388388367,18.0029304029304
12.06,2.1687534862508744,0.5052696979602759,-0.37864685536845255,3.882338772594887e-06,-0.03973197536776382,0.10063953568291759,-0.10053565638212886,4.8362115175656335,-0.0892020160359583,-0.08767114391947621,0.35862892433358873,0.03793999158507873,5.018752442866557e-06,0,0,139.51121388388367,18.0029304029304
12.08,2.1687535569786944,0.5052696697909307,-0.3794400698942521,3.7239434942469546e-06,-0.039582076464409865,0.10025792451156,-0.10015828337537487,4.84517833624853,-0.08997408157387254,-0.08427839879695571,0.3678331749517849,0.04217098441348981,4.999331590513183e-06,0,0,139.51121388388367,18.0029304029304
12.1,2.1687536247994803,0.5052696427171556,-0.38023029181808704,3.5720105741804005e-06,-0.03943274309249548,0.09987783152616787,-0.09978225564199444,4.854147726021743,-0.09071568065548527,-0.08087722590478728,0.3770866502210054,0.044953783258895035,4.980003850377397e-06,0,0,139.51121388388367,18.0029304029304
12.120000000000001,2.1687536898327466,0.5052696166966542,-0.3810175324303037,3.426276355077675e-06,-0.03928397311841061,0.09949924779785523,-0.09940757130775067,4.863119589236811,-0.09142673071088173,-0.07746796535742553,0.38638843501914893,0.045092387282728866,4.960768061637762e-06,0,0,139.51121388388367,18.0029304029304
12.14,2.1687537521930915,0.5052695916887484,-0.3818018029786522,3.2864879365583074e-06,-0.039135764416594755,0.09912216456202583,-0.09903422837487431,4.872093827228868,-0.09210715251931338,-0.07405095807808476,0.3957376026639767,0.04834483393019405,4.941623100871741e-06,0,0,139.51121388388367,18.0029304029304
12.16,2.1687538119904026,0.5052695676543176,-0.38258311466844797,3.1524027363073326e-06,-0.03898811486950666,0.098746573212425,-0.09866222472785835,4.881070340356934,-0.09275687022450985,-0.07062654576464511,0.40513321508746314,0.04703653009223336,4.922567880582054e-06,0,0,139.51121388388367,18.0029304029304
12.18,2.16875386933005,0.5052695445557387,-0.3833614786627318,3.0237880691085007e-06,-0.03884102236759399,0.09837246529543114,-0.09829155813901326,4.890049028044625,-0.09337581134938075,-0.06719507085548425,0.41457432301360275,0.05047481100563346,4.903601347755991e-06,0,0,139.51121388388367,18.0029304029304
12.200000000000001,2.168753924313069,0.5052695223568299,-0.3841369060824286,2.900420743054068e-06,-0.03869448480926329,0.09799983250457732,-0.09792222627379284,4.899029788821296,-0.09396390681009956,-0.06375687649523325,0.4240599661395945,0.04679362861163927,4.884722482507986e-06,0,0,139.51121388388367,18.0029304029304
12.22,2.1687539770363427,0.5052695010227962,-0.3849094080065071,2.782086672227251e-06,-0.038548500100849814,0.09762866667529346,-0.09755422669589976,4.908012520363574,-0.09452109092956153,-0.06031230650046358,0.4335891733203005,0.04070902541376948,4.86593029675516e-06,0,0,139.51121388388367,18.0029304029304
12.24,2.1687540275927666,0.5052694805201764,-0.3856789954721379,2.668580505188128e-06,-0.03840306615658776,0.09725895977986054,-0.09718755687218025,4.916997119537268,-0.09504730145020836,-0.05686170532530396,0.4431609627558974,0.04346801460015144,4.847223832968317e-06,0,0,139.51121388388367,18.0029304029304
12.26,2.1687540760714215,0.5052694608167938,-0.3864456794748509,2.559705268616698e-06,-0.038258180898580386,0.09689070392256743,-0.09682221417731621,4.925983482439645,-0.09554247954621249,-0.053405418026996394,0.4527743421826072,0.0418918325975843,4.828602162941162e-06,0,0,139.51121388388367,18.0029304029304
12.280000000000001,2.16875412255772,0.5052694418817061,-0.3872094709686924,2.4552720254931846e-06,-0.038113842256770336,0.09652389133506287,-0.09645819589832283,4.934971504442034,-0.0960065698350141,-0.0499437902313902,0.46242830906641363,0.04179882443570028,4.810064386658389e-06,0,0,139.51121388388367,18.0029304029304
12.3,2.1687541671335677,0.5052694236851579,-0.38797038086638236,2.3550995472266273e-06,-0.03797004816891006,0.09615851437189406,-0.09609549923886032,4.943961080232777,-0.09643952038820482,-0.04647716809838086,0.4721218507996574,0.04135658608065767,4.791609631161174e-06,0,0,139.51121388388367,18.0029304029304
12.32,2.1687542098774992,0.5052694061985382,-0.38872842003946917,2.2590139991593866e-06,-0.03782679658053237,0.0957945655062247,-0.09573412132336671,4.952952103860461,-0.09684128274175138,-0.04300589828729252,0.4818539449004182,0.035635904622666636,4.773237049487261e-06,0,0,139.51121388388367,18.0029304029304
12.34,2.16875425086482,0.5052693893943343,-0.38948359931848603,2.16684863890198e-06,-0.03768408544492108,0.09543203732572487,-0.09537405920101942,4.961944468777451,-0.09721181190555435,-0.03953032792221358,0.49162355921455214,0.0372622070129642,4.7549458196474714e-06,0,0,139.51121388388367,18.0029304029304
12.36,2.1687542901677386,0.5052693732460918,-0.3902359294931048,2.078443526975969e-06,-0.037541912723081716,0.09507092252862576,-0.09501530984953219,4.970938067883681,-0.09755106637233565,-0.036050804557284245,0.5014296521202966,0.037917140049825424,4.736735143636914e-06,0,0,139.51121388388367,18.0029304029304
12.38,2.1687543278554973,0.5052693577283728,-0.3909854213122911,1.993645249263565e-06,-0.03740027638371249,0.0947112139199328,-0.09465787017879473,4.979932793570696,-0.09785900812585106,-0.032567676141941115,0.5112711727353183,0.03474534221858406,4.718604246504304e-06,0,0,139.51121388388367,18.0029304029304
12.4,2.16875436399449,0.5052693428167184,-0.3917320854844568,1.912306650778711e-06,-0.037259174403175166,0.09435290440779048,-0.0943017370343609,4.988928537765919,-0.09813560264842172,-0.029081290986123737,0.5211470611260943,0.0297440823609317,4.700552375436033e-06,0,0,139.51121388388367,18.0029304029304
12.42,2.1687543986483795,0.5052693284876109,-0.392475932677614,1.834286580301565e-06,-0.037118604765466204,0.09399598699999262,-0.09394690720079177,4.997925191977124,-0.09838081892778153,-0.025591997725442076,0.5310562485195155,0.0386347172907298,4.682578798895741e-06,0,0,139.51121388388367,18.0029304029304
12.44,2.168754431878213,0.5052693147184377,-0.3932169735195266,1.7594496454319762e-06,-0.036978565462187946,0.09364045480063264,-0.09359337740485997,5.006922647337096,-0.09859462946323612,-0.02210014528631447,0.5409976575165857,0.04426078081718266,4.664682805780376e-06,0,0,139.51121388388367,18.0029304029304
12.46,2.168754463742527,0.5052693014874577,-0.39395521859786314,1.68766597763436e-06,-0.03683905449251992,0.09328630100688741,-0.09324114431862016,5.015920794648466,-0.09877701027112996,-0.018606082851074644,0.5509702023081047,0.039617155888307255,4.646863704638703e-06,0,0,139.51121388388367,18.0029304029304
12.48,2.168754494297448,0.5052692887737673,-0.394690678460347,1.6188110068710533e-06,-0.03670006986319026,0.09293351890592996,-0.09289020456235177,5.024919524428689,-0.09892794088961837,-0.015110159823055037,0.5609727888922105,0.03517653595587538,4.6291208228950095e-06,0,0,139.51121388388367,18.0029304029304
12.5,2.1687545235968004,0.5052692765572684,-0.39542336361490804,1.5527652454291247e-06,-0.03656160958844723,0.09258210187196525,-0.09254055470737904,5.033918726955142,-0.09904740438274219,-0.011612725791644886,0.5710043152936659,0.05142576823770165,4.6114535061170595e-06,0,0,139.51121388388367,18.0029304029304
12.52,2.1687545516921936,0.5052692648186382,-0.3961532845298318,1.4894140805666484e-06,-0.03642367169003082,0.0922320433633842,-0.09219219127877311,5.042918292310346,-0.09913538734380226,-0.008114130497332808,0.5810636717847586,0.052343135134714794,4.593861117306586e-06,0,0,139.51121388388367,18.0029304029304
12.540000000000001,2.1687545786331124,0.5052692535392989,-0.3968804516339101,1.42864757561893e-06,-0.03628625419714453,0.09188333692003142,-0.09184511075794154,5.051918110427257,-0.09919187989803227,-0.004614723796732438,0.5911497411076925,0.049663711245766726,4.576343036225353e-06,0,0,139.51121388388367,18.0029304029304
12.56,2.16875460446701,0.5052692427013894,-0.3976048753165893,1.3703602792205575e-06,-0.03614935514642717,0.09153597616058147,-0.09149930958510918,5.060918071134643,-0.09921687570456826,-0.0011148556275982966,0.6012613986983463,0.04558334517288812,4.5588986587533076e-06,0,0,139.51121388388367,18.0029304029304
12.58,2.1687546292393884,0.5052692322877389,-0.3983265659281187,1.3144510423084008e-06,-0.03601297258192481,0.09118995478001966,-0.0911547841616954,5.06991806420249,-0.09921037195771344,0.0023851240261695615,0.6113975129112794,0.040166292472298075,4.54152739625107e-06,0,0,139.51121388388367,18.0029304029304
12.6,2.168754652993879,0.5052692222818383,-0.39904553377969915,1.2608228425934988e-06,-0.035877104555062884,0.09084526654722304,-0.09081153085259172,5.078917979387443,-0.0991723693874982,0.005884865169522399,0.6215569452458415,0.03942120179023689,4.524228674975331e-06,0,0,139.51121388388367,18.0029304029304
12.620000000000001,2.1687546757723175,0.5052692126678177,-0.39976178914362936,1.2093826161929783e-06,-0.0357417491246183,0.09050190530263738,-0.09046954598834372,5.087917706478249,-0.09910287225953425,0.009384017831262633,0.6317385505732769,0.03341425176167885,4.507001935503789e-06,0,0,139.51121388388367,18.0029304029304
12.64,2.16875469761482,0.5052692034304198,-0.40047534225345366,1.1600410961307183e-06,-0.03560690435669173,0.09015986495604647,-0.09012882586724161,5.096917135341202,-0.09900188837416377,0.01288223209903942,0.6419411773646773,0.04714440758866706,4.489846632177441e-06,0,0,139.51121388388367,18.0029304029304
12.66,2.168754718559857,0.5052691945549764,-0.4011862033041076,1.1127126574280521e-06,-0.03547256832467996,0.08981913948442942,-0.08978936675732241,5.10591615596552,-0.0988694290649032,0.01637915815434146,0.6521636679196727,0.04598754272382802,4.472762232583631e-06,0,0,139.51121388388367,18.0029304029304
12.68,2.1687547386443127,0.5052691860273879,-0.4018943824520636,1.0673151685140157e-06,-0.03533873910924837,0.08947972292990344,-0.0894511648982885,5.114914658508702,-0.09870550919618329,0.01987444630747732,0.662404858595716,0.04516810845771528,4.455748217039104e-06,0,0,139.51121388388367,18.0029304029304
12.700000000000001,2.1687547579035558,0.5052691778340986,-0.40259988981547656,1.023769848697864e-06,-0.03520541479830352,0.08914160939774737,-0.08911421650334478,5.123912533341788,-0.09851014716038636,0.02336774703254472,0.672663580037836,0.042536926528484634,4.438804078112091e-06,0,0,139.51121388388367,18.0029304029304
12.72,2.168754776371504,0.5052691699620792,-0.4033027354743277,9.82001131457432e-07,-0.0350725934869658,0.08880479305450355,-0.08877851776095849,5.132909671094537,-0.09828336487418239,0.02685871100238162,0.682938657408733,0.04497435563864259,4.421929320157399e-06,0,0,139.51121388388367,18.0029304029304
12.74,2.1687547940806766,0.5052691623988034,-0.4040029294705692,9.419365333035062e-07,-0.0349402732775423,0.08846926812615472,-0.08844406483654495,5.1419059627004655,-0.09802518777416606,0.03034698912350046,0.6932289106190845,0.04257987773533564,4.405123458863652e-06,0,0,139.51121388388367,18.0029304029304
12.76,2.1687548110622594,0.50526915513223,-0.4047004818082675,9.035065279960819e-07,-0.034808452279499566,0.0881350288963723,-0.08811085387408134,5.150901299441785,-0.09773564481179732,0.03383223257099603,0.7035331545579289,0.03784930562043116,4.388386020822213e-06,0,0,139.51121388388367,18.0029304029304
12.780000000000001,2.1687548273461545,0.5052691481507848,-0.40539540245374606,8.666444258918849e-07,-0.03467712860943669,0.0878020697048341,-0.08777888099765273,5.159895572994154,-0.09741476844764829,0.03731409282342824,0.7138501993230033,0.03245399014341389,4.371716543125591e-06,0,0,139.51121388388367,18.0029304029304
12.8,2.1687548429610346,0.5052691414433417,-0.40608770133572764,8.312862582132177e-07,-0.03454630039105838,0.08747038494560784,-0.08744814231293217,5.168888675471268,-0.09706259464495948,0.04079222169767277,0.7241788504508974,0.040308532554051625,4.355114572966723e-06,0,0,139.51121388388367,18.0029304029304
12.82,2.1687548579343936,0.5052691349992058,-0.40677738834547694,7.973706660407841e-07,-0.03441596575514812,0.08713996906559804,-0.08711863390859792,5.177880499469251,-0.09667916286250956,0.04426627138374094,0.7345179091469101,0.03481354049537823,4.338579667258202e-06,0,0,139.51121388388367,18.0029304029304
12.84,2.1687548722925984,0.5052691288080974,-0.40746447333694086,7.648387938336215e-07,-0.0342861228395415,0.08681081656305407,-0.08679035185769043,5.186870938110834,-0.09626451604680189,0.04773589447955917,0.7448661725144627,0.0403082300172232,4.32211139226972e-06,0,0,139.51121388388367,18.0029304029304
12.86,2.1687548860609276,0.5052691228601351,-0.40814896612689006,7.336341872938422e-07,-0.03415676978909959,0.08648292198613625,-0.08646329221891125,5.195859885089294,-0.0958187006235729,0.051200744025709226,0.755222433783954,0.040948532468795734,4.305709323284591e-06,0,0,139.51121388388367,18.0029304029304
12.88,2.1687548992636208,0.5052691171458209,-0.4088308764950587,7.037026953985817e-07,-0.03402790475568243,0.08615627993153813,-0.0861374510378668,5.204847234712135,-0.09534176648862658,0.05466047354012416,0.7655854825409255,0.03907346926818477,4.289373044253676e-06,0,0,139.51121388388367,18.0029304029304
12.9,2.1687549119239247,0.5052691116560252,-0.40951021418428496,6.749923764289064e-07,-0.03389952589812265,0.08583088504316243,-0.08581282434825849,5.213832881944507,-0.0948337669980007,0.05811473705273502,0.7759541049534102,0.034535042956532966,4.273102147488335e-06,0,0,139.51121388388367,18.0029304029304
12.92,2.168754924064129,0.505269106381974,-0.4101869889006492,6.474534078329378e-07,-0.03377163138219914,0.0855067320108486,-0.08548940817302217,5.22281672245232,-0.09429475895746978,0.0615631891400694,0.7863270839983522,0.03116041559923083,4.256896233340371e-06,0,0,139.51121388388367,18.0029304029304
12.94,2.168754935705605,0.5052691013152324,-0.4108612103136132,6.210379997655547e-07,-0.03364421938061087,0.0851838155691498,-0.0851671985254185,5.2317986526450575,-0.09372480261139081,0.06500548495979225,0.7967031996869504,0.03667196684787004,4.240754909912332e-06,0,0,139.51121388388367,18.0029304029304
12.96,2.168754946868848,0.5052690964476944,-0.41153288805615856,5.957003121566853e-07,-0.03351728807295075,0.08486213049615718,-0.08484619141007621,5.240778569718238,-0.09312396163089824,0.06844128028519048,0.8070812292888293,0.0321828278062702,4.224677792770415e-06,0,0,139.51121388388367,18.0029304029304
12.98,2.16875495757351,0.5052690917715682,-0.41220203172492387,5.713963751609318e-07,-0.033390835645679615,0.0845416716123698,-0.08452638282399058,5.249756371695557,-0.09249230310145452,0.07187023153959411,0.8174599475548979,0.03107059610816174,4.208664504672978e-06,0,0,139.51121388388367,18.0029304029304
13.0,2.168754967838436,0.5052690872793657,-0.41286865088034164,5.480840128572028e-07,-0.033264860292100365,0.0842224337796084,-0.08420776875747868,5.258731957470633,-0.09182989750976271,0.07529199583073543,0.8278381269387918,0.02719248411595749,4.192714675311203e-06,0,0,139.51121388388367,18.0029304029304
13.02,2.1687549776816932,0.5052690829638891,-0.41353275504677567,5.257227700560538e-07,-0.0331393602123321,0.08390441189997062,-0.08389034519509313,5.26761101145372,-0.09114414698822582,0.07870623098503679,0.8382144357035299,0.02818554582992317,4.176827941059294e-06,0,0,139.51121388388367,18.0029304029304
13.040000000000001,2.1687549871206095,0.5052690788182215,-0.41419435371265656,5.042738420969642e-07,-0.03301433361328445,0.08358760091482692,-0.08357410811649629,5.276308258250312,-0.09044259514664064,0.08211259558182828,0.8485871316940132,0.04205195390650553,4.161003944727279e-06,0,0,139.51121388388367,18.0029304029304
13.06,2.1687549961718005,0.5052690748357137,-0.41485345633061743,4.837000075076845e-07,-0.032889778708631884,0.08327199580385464,-0.08325905349729625,5.284823701195946,-0.0897265423521155,0.0855107489874882,0.8589543731023084,0.04125880071713725,4.145242335332026e-06,0,0,139.51121388388367,18.0029304029304
13.08,2.1687550048511977,0.5052690710099769,-0.41551007231762893,4.639655634131861e-07,-0.032765693718788284,0.08295759158410933,-0.08294517730984637,5.293157350481184,-0.08899728724245601,0.08890035138950808,0.8693143215073154,0.05127784838248919,4.1295427678838745e-06,0,0,139.51121388388367,18.0029304029304
13.1,2.168755013174077,0.5052690673348704,-0.4161642110551338,4.45036263576314e-07,-0.03264207687088148,0.08264438330913156,-0.08263247552400989,5.301309223105049,-0.0882561264440557,0.09228106383047242,0.8796651424594593,0.04943613231244712,4.113904903162852e-06,0,0,139.51121388388367,18.0029304029304
13.120000000000001,2.168755021155088,0.5052690638044918,-0.4168158818891809,4.2687925897180045e-07,-0.03251892639872783,0.08233236606808748,-0.08232094410789066,5.309279342824045,-0.08750435429087851,0.09565254824195464,0.8900050060614094,0.05477704992692845,4.098328407517449e-06,0,0,139.51121388388367,18.0029304029304
13.14,2.1687550288082784,0.5052690604131697,-0.4174650941305588,4.0946304077734705e-07,-0.03239624054280715,0.08202153498494254,-0.08201057902853211,5.317067740096873,-0.08674326254461152,0.09901446747832253,0.900332087544605,0.051875972228574485,4.082812952673799e-06,0,0,139.51121388388367,18.0029304029304
13.16,2.1687550361471164,0.5052690571554533,-0.4181118570549288,3.9275738569829705e-07,-0.03227401755023745,0.0817118852176662,-0.08170137625258503,5.324674452024823,-0.08597414011606605,0.1023664853504544,0.9106445678413824,0.0504434589736786,4.067358215539656e-06,0,0,139.51121388388367,18.0029304029304
13.18,2.1687550431845195,0.5052690540261043,-0.41875617990295744,3.7673330351773447e-07,-0.032152255674749934,0.08140341195746693,-0.08139333174694578,5.332099522287906,-0.0851982727879029,0.10570826665935631,0.9209406341524808,0.042669128924307034,4.051963878036122e-06,0,0,139.51121388388367,18.0029304029304
13.200000000000001,2.1687550499328725,0.5052690510200887,-0.4193980718804484,3.6136298678920805e-07,-0.03203095317666404,0.08109611042805594,-0.08108644147936636,5.339343001076811,-0.08441694293875787,0.10903947722968253,0.9312184805097444,0.04224587867129459,4.036629626901628e-06,0,0,139.51121388388367,18.0029304029304
13.22,2.1687550564040508,0.5052690481325678,-0.42003754215847405,3.4661976257970416e-07,-0.0319101083228626,0.08078997588493865,-0.0807807014190368,5.346404945020691,-0.08363142926884136,0.11235978394315141,0.9414763083337999,0.04151265436313119,4.021355153554021e-06,0,0,139.51121388388367,18.0029304029304
13.24,2.1687550626094425,0.5052690453588932,-0.42067459987350697,3.3247804618371046e-07,-0.031789719386767064,0.08048500361473289,-0.08047610753714204,5.353285417110864,-0.08284300652708483,0.11566885477185881,0.9517123269865403,0.039338105508498526,4.00614015390495e-06,0,0,139.51121388388367,18.0029304029304
13.26,2.168755068559968,0.5052690426945968,-0.42130925412754977,3.189132967245571e-07,-0.03166978464831284,0.08018118893451226,-0.08017265580739315,5.359984486620469,-0.08205294523990629,0.11896635881147943,0.9619247543181936,0.04010040937661443,3.9909843282288915e-06,0,0,139.51121388388367,18.0029304029304
13.280000000000001,2.168755074266099,0.5052690401353855,-0.42194151398826546,3.059019745666774e-07,-0.03155030239392471,0.07987852719117432,-0.07987034220653504,5.366502229020153,-0.08126251144166471,0.12225196631435749,0.972111817208815,0.03481540691423744,3.97588738100009e-06,0,0,139.51121388388367,18.0029304029304
13.3,2.1687550797378754,0.5052690376771335,-0.4225713884891073,2.9342150046712165e-07,-0.03143127091649235,0.0795770137608321,-0.079569162714831,5.372838725889838,-0.08047296640687242,0.1255253487224801,0.9822717521040039,0.03142739254351688,3.9608490207546435e-06,0,0,139.51121388388367,18.0029304029304
13.32,2.168755084984924,0.5052690353158759,-0.42319888662944716,2.814502163913813e-07,-0.03131268851534595,0.07927664404822801,-0.07926911331652506,5.378994064826627,-0.07968556638423334,0.12878617870033462,0.9924028055446823,0.031191762181283965,3.945868959960401e-06,0,0,139.51121388388367,18.0029304029304
13.34,2.1687550900164805,0.5052690330478029,-0.4238240173747049,2.6996734792994846e-07,-0.031194553496231892,0.07897741348616964,-0.0789701900002833,5.384968339348947,-0.07890156233257278,0.13203413016764054,1.0025032346907476,0.0321571059749723,3.9309469148825216e-06,0,0,139.51121388388367,18.0029304029304
13.36,2.1687550948413943,0.5052690308692536,-0.4244467896564756,2.589529682472554e-07,-0.031076864171288552,0.07867931753498612,-0.07867238875961496,5.390761648796944,-0.0781221996587234,0.13526887833195775,1.0125713078384413,0.035644221674977127,3.916082605455104e-06,0,0,139.51121388388367,18.0029304029304
13.38,2.1687550994681577,0.5052690287767102,-0.42506721237265815,2.483879635006871e-07,-0.030959618859022223,0.07838235168200446,-0.07837570559327399,5.396374098229264,-0.07734871795743077,0.13849009972116577,1.02260530493127,0.02954126505319685,3.901275755172767e-06,0,0,139.51121388388367,18.0029304029304
13.4,2.16875510390491,0.5052690267667921,-0.4256852943875816,2.382539996727874e-07,-0.03084281588428302,0.07808651144104493,-0.07808013650564188,5.401805798316227,-0.07658235075333975,0.1416974722158094,1.0326035180643092,0.03122318473343314,3.886526090960546e-06,0,0,139.51121388388367,18.0029304029304
13.42,2.168755108159457,0.5052690248362511,-0.426301044532132,2.2853349075403686e-07,-0.030726453578241004,0.07779179235193487,-0.07778567750709288,5.407056865229533,-0.07582432524512155,0.1448906750813123,1.042564251981763,0.030352519471044587,3.8718333430715415e-06,0,0,139.51121388388367,18.0029304029304
13.44,2.168755112239285,0.5052690229819664,-0.4269144716038789,2.1920956822507834e-07,-0.030610530278362306,0.07749818998004,-0.07749232461434175,5.412127420528525,-0.07507586205179981,0.14806938900004887,1.0524858245675992,0.038621916434836395,3.857197244982839e-06,0,0,139.51121388388367,18.0029304029304
13.46,2.16875511615157,0.5052690212009385,-0.4275255843672007,2.1026605178525035e-07,-0.0304950443283854,0.07720569991581272,-0.07720007385077537,5.417017591043106,-0.07433817496133244,0.1512332961032765,1.062366567329141,0.04726280556045753,3.842617533288822e-06,0,0,139.51121388388367,18.0029304029304
13.48,2.1687551199031954,0.5052690194902856,-0.4281343915534098,2.0168742127091972e-07,-0.030379994078297418,0.07691431777435649,-0.07690892124676849,5.421727508753405,-0.07361247068150384,0.1543820800029208,1.072204825873467,0.03818608607602473,3.8280939476014256e-06,0,0,139.51121388388367,18.0029304029304
13.5,2.1687551235007607,0.5052690178472388,-0.42874090186087765,1.9345878972654065e-07,-0.030265377884310572,0.07662403919500586,-0.07661886283998422,5.426257310666258,-0.07289994859318114,0.15751542582321615,1.0819989603765008,0.035636607526193645,3.813626230466001e-06,0,0,139.51121388388367,18.0029304029304
13.52,2.1687551269505945,0.5052690162691377,-0.4293451239551589,1.855658775673436e-07,-0.0301511941088387,0.0763348598409214,-0.07632989467566037,5.430607138688569,-0.07220180050598521,0.1606330202321916,1.0917473460446416,0.03233982788538749,3.799214127258102e-06,0,0,139.51121388388367,18.0029304029304
13.540000000000001,2.1687551302587647,0.5052690147534257,-0.42994706646911546,1.7799498780099557e-07,-0.03003744112047383,0.0760467753986989,-0.07604201280688166,5.434777139497701,-0.071519210416427,0.1637345514730045,1.1014483735688398,0.03971686269040893,3.7848573861019516e-06,0,0,139.51121388388367,18.0029304029304
13.56,2.168755133431091,0.5052690132976468,-0.4305467380030392,1.707329822571216e-07,-0.02992411729396289,0.0757597815779924,-0.07575521329483863,5.4387674644088895,-0.07085335426855636,0.1668197093951148,1.1111004495709802,0.0380552173478844,3.7705557577949814e-06,0,0,139.51121388388367,18.0029304029304
13.58,2.1687551364731523,0.5052690118994411,-0.4311441471247754,1.637672587893743e-07,-0.029811221010184484,0.07547387411115042,-0.07546949220907401,5.442578269239857,-0.07020539971716998,0.16988818548530157,1.1207019970424865,0.037332214888279314,3.7563089957115547e-06,0,0,139.51121388388367,18.0029304029304
13.6,2.1687551393903015,0.5052690105565407,-0.431739302369845,1.570857294051735e-07,-0.029698750656125775,0.07518904875286474,-0.07518484562771663,5.446209714172664,-0.06957650589362228,0.17293967289851284,1.130251455775022,0.031084712352489913,3.7421168557448536e-06,0,0,139.51121388388367,18.0029304029304
13.620000000000001,2.1687551421876683,0.5052690092667671,-0.43233221224156637,1.5067679928947243e-07,-0.0295867046248594,0.07490530127983147,-0.07490126963770379,5.449661963612898,-0.06896782317428214,0.17597386648855046,1.1397472827832011,0.028040988052800517,3.7279790962132034e-06,0,0,139.51121388388367,18.0029304029304
13.64,2.1687551448701727,0.5052690080280268,-0.43292288521117717,1.4452934668256728e-07,-0.02947508131552056,0.07462262749042373,-0.07461876033499225,5.452935186046315,-0.06838049295167592,0.17899046283858333,1.149187952719213,0.0254893066481766,3.713895477805429e-06,0,0,139.51121388388367,18.0029304029304
13.66,2.168755147442533,0.5052690068383091,-0.4335113297179551,1.3863270358165157e-07,-0.02936387913328411,0.0743410232043755,-0.07433731382475857,5.456029553892998,-0.06781564740835506,0.18198916029149054,1.1585719582792806,0.03552881853802085,3.6998657635062618e-06,0,0,139.51121388388367,18.0029304029304
13.68,2.168755149909273,0.5052690056956811,-0.4340975541693385,1.3297663722617613e-07,-0.02925309648934177,0.07406048426247633,-0.07405692622158908,5.45894524335914,-0.0672744092935263,0.18496965898002576,1.1678978106018563,0.03634154650451894,3.6858897185304204e-06,0,0,139.51121388388367,18.0029304029304
13.700000000000001,2.1687551522747297,0.5052690045982869,-0.4346815669410465,1.2755133234164128e-07,-0.02914273180087947,0.07378100652627624,-0.07377759364966001,5.461682434286552,-0.0667578917024781,0.1879316608568041,1.1771640396574994,0.034288079710497396,3.671967110256691e-06,0,0,139.51121388388367,18.0029304029304
13.72,2.1687551545430654,0.5052690035443428,-0.435263376377199,1.2234737410666512e-07,-0.029032783491054683,0.07350258587780062,-0.0734993122429081,5.464241310000003,-0.06626719785883751,0.19087486972410567,1.1863691946303478,0.04228688382678016,3.6580977081767524e-06,0,0,139.51121388388367,18.0029304029304
13.74,2.168755156718268,0.5052690025321348,-0.43584299079043504,1.1735573181378254e-07,-0.028923249988973932,0.07322521821927463,-0.07322207814519206,5.466622057152448,-0.06580342089968828,0.19379899126349673,1.1955118442911379,0.041161985940507295,3.6442812838283906e-06,0,0,139.51121388388367,18.0029304029304
13.76,2.168755158804163,0.5052690015600172,-0.4364204184620328,1.1256774319943362e-07,-0.028814129729670332,0.07294889947285674,-0.0729458875104456,5.468824865568298,-0.06536764366357976,0.19670373306526004,1.2045905773616963,0.03640448453498729,3.6305176107434556e-06,0,0,139.51121388388367,18.0029304029304
13.780000000000001,2.1687551608044155,0.5052690006264077,-0.43699566764202674,1.0797509941054503e-07,-0.028705421154081215,0.0726736255803809,-0.07267073650282174,5.470849928084796,-0.06496093848145401,0.19958880465763632,1.213604002870867,0.03069326186773422,3.616806464389749e-06,0,0,139.51121388388367,18.0029304029304
13.8,2.1687551627225465,0.5052689997297869,-0.43756874654932637,1.0356983058699212e-07,-0.028597122709025893,0.07239939250310738,-0.07239662129682939,5.472697440391616,-0.06458436697051664,0.20245391753587003,1.2225507505018134,0.027880587154681613,3.6031476221285233e-06,0,0,139.51121388388367,18.0029304029304
13.82,2.168755164561929,0.5052689988686949,-0.4381396633718329,9.934429202970397e-08,-0.02848923284718342,0.07212619622148149,-0.07212353807746219,5.4743676008687725,-0.06423897983107567,0.2052987851910612,1.2314294709306708,0.02286403989066878,3.589540863156368e-06,0,0,139.51121388388367,18.0029304029304
13.84,2.1687551663257945,0.5052689980417291,-0.43870842626655693,9.529115093647815e-08,-0.02838175002707052,0.07185403273490014,-0.07185148304032003,5.475860610422968,-0.06392581664636975,0.208123123138815,1.240238836156498,0.02402129865352393,3.5759859684601075e-06,0,0,139.51121388388367,18.0029304029304
13.86,2.168755168017246,0.5052689972475422,-0.43927504335973444,9.14033736742802e-08,-0.02827467271301956,0.07158289806148588,-0.07158045239172357,5.4771766723224475,-0.06364590568540623,0.2109266489476903,1.2489775398225025,0.029411631137170987,3.5624827207743e-06,0,0,139.51121388388367,18.0029304029304
13.88,2.1687551696392564,0.5052689964848398,-0.4398395227469433,8.767421357520569e-08,-0.028167999375156592,0.071312788237868,-0.07131044234882197,5.478315992030495,-0.06340026370882702,0.21370908226744267,1.2576442975285254,0.036048471997909955,3.5490309045300636e-06,0,0,139.51121388388367,18.0029304029304
13.9,2.1687551711946784,0.5052689957523782,-0.4404018724932189,8.409719922803917e-08,-0.028061728489379507,0.07104369931897062,-0.07104144913969411,5.479278777037666,-0.063189895777819,0.21647014485705837,1.2662378471347477,0.041632737833125655,3.535630305820381e-06,0,0,139.51121388388367,18.0029304029304
13.92,2.168755172686246,0.5052689950489629,-0.4409621006331688,8.06661232488779e-08,-0.027955858537336238,0.07077562737780717,-0.07077346900344375,5.480065236692844,-0.06301579506608311,0.21920956061257954,1.2747569490566297,0.04417949530845051,3.522280712354997e-06,0,0,139.51121388388367,18.0029304029304
13.94,2.168755174116582,0.5052689943734461,-0.44152021517108836,7.737503150808519e-08,-0.02785038800640311,0.07050856850528164,-0.07050649819028881,5.480675582033253,-0.06287894267487557,0.22192705559471348,1.2832003865510457,0.054782500169019456,3.508981913422256e-06,0,0,139.51121388388367,18.0029304029304
13.96,2.168755175488201,0.5052689937247253,-0.44207622408107466,7.421821279791912e-08,-0.02774531538966319,0.07024251880999537,-0.07024053296164477,5.4811100256135195,-0.06278030745113183,0.2246223580562268,1.2915669659936406,0.047798935431884695,3.495733699850935e-06,0,0,139.51121388388367,18.0029304029304
13.98,2.1687551768035123,0.5052689931017414,-0.44263013530714046,7.11901889224679e-08,-0.02764063918588477,0.06997747441806002,-0.06997556959020283,5.481368781333874,-0.0627208458086825,0.22729519846911891,1.299855517147384,0.04854243699003152,3.482535863971216e-06,0,0,139.51121388388367,18.0029304029304
14.0,2.168755178064831,0.5052689925034769,-0.4431819567633275,6.828570518938791e-08,-0.027536357899499927,0.0697134314729162,-0.06971160436000273,5.481452064267636,-0.06270150155256916,0.22981334791940028,1.3076563223983086,0.05643959089981602,3.4693881995921313e-06,0,0,139.51121388388367,18.0029304029304
14.02,2.1687551792743736,0.5052689919289551,-0.44373169633382015,6.549972129287598e-08,-0.02743247004058313,0.06945038613515722,-0.06944863356650072,5.481452064267636,-0.06270150155256916,0.22981334791940028,1.307656321563363,0.04976686336070266,3.456290501948657e-06,0,0,139.51121388388367,18.0029304029304
14.040000000000001,2.168755180434265,0.5052689913772364,-0.4442793618730575,6.282740256612426e-08,-0.02732897412482997,0.06918833458235822,-0.06918665351663254,5.481452064267636,-0.06270150155256916,0.22981334791940028,1.307656320761931,0.0457472349408646,3.4432425676878334e-06,0,0,139.51121388388367,18.0029304029304
14.06,2.1687551815465436,0.5052689908474192,-0.44482496120584586,6.026411159142762e-08,-0.02722586867353597,0.0689272730089104,-0.06892566052887229,5.481452064267636,-0.06270150155256916,0.22981334791940028,1.307656319992671,0.037209780584538305,3.430244194821061e-06,0,0,139.51121388388367,18.0029304029304
14.08,2.1687551826131655,0.5052689903386369,-0.4453685021274705,5.780540015282359e-08,-0.027123152213575415,0.0686671976258596,-0.0686656509332862,5.481452064267636,-0.06270150155256916,0.22981334791940028,1.3076563192542932,0.03391294475589234,3.41729518271109e-06,0,0,139.51121388388367,18.0029304029304
14.1,2.168755183636006,0.5052689898500575,-0.44590999240380697,5.5447001517191916e-08,-0.027020823277380337,0.06840810466074994,-0.0684066210715829,5.481452064267636,-0.06270150155256916,0.22981334791940028,1.3076563185455603,0.03110958613983679,3.404395332030387e-06,0,0,139.51121388388367,18.0029304029304
14.120000000000001,2.168755184616863,0.5052689893808813,-0.44644943977143203,5.318482302905589e-08,-0.02691888040291954,0.06814999035747162,-0.06814856729715926,5.481452064267636,-0.06270150155256916,0.22981334791940028,1.307656317865284,0.032566441402160404,3.3915444447385826e-06,0,0,139.51121388388367,18.0029304029304
14.14,2.1687551855574583,0.5052689889303402,-0.4469868519377343,5.101493900900888e-08,-0.026817322133677723,0.06789285097611301,-0.06789148597514272,5.481452064267636,-0.06270150155256916,0.22981334791940028,1.3076563172123246,0.029206319741091814,3.3787423240547176e-06,0,0,139.51121388388367,18.0029304029304
14.16,2.168755186459447,0.5052689884976969,-0.4475222365810245,4.893358394125119e-08,-0.026716147018634624,0.06763668279281683,-0.06763537348242937,5.481452064267636,-0.06270150155256916,0.22981334791940028,1.3076563165855868,0.02642890073352038,3.3659887744346903e-06,0,0,139.51121388388367,18.0029304029304
14.18,2.1687551873244133,0.5052689880822427,-0.44805560135064465,4.6937145938689034e-08,-0.026615353612244357,0.06738148209964029,-0.06738022620771933,5.481452064267636,-0.06270150155256916,0.22981334791940028,1.3076563159840195,0.02900457599892571,3.3532836015391643e-06,0,0,139.51121388388367,18.0029304029304
14.200000000000001,2.168755188153878,0.5052689876832968,-0.4485869538670779,4.5022160476599085e-08,-0.026514940474414696,0.06712724520441885,-0.06712604055154796,5.481452064267636,-0.06270150155256916,0.22981334791940028,1.3076563154066139,0.027177277087046047,3.340626612219691e-06,0,0,139.51121388388367,18.0029304029304
14.22,2.1687551889492975,0.5052689873002055,-0.4491163017220572,4.3185304377318255e-08,-0.026414906170486543,0.0668739684306338,-0.06687281292631442,5.481452064267636,-0.06270150155256916,0.22981334791940028,1.3076563148524012,0.0275085524074668,3.328017614484015e-06,0,0,139.51121388388367,18.0029304029304
14.24,2.168755189712071,0.5052689869323411,-0.44964365247867394,4.142339004682764e-08,-0.02631524927121339,0.0666216481172831,-0.0666205397563068,5.481452064267636,-0.06270150155256916,0.22981334791940028,1.3076563143204518,0.02456190449782719,3.3154564174874e-06,0,0,139.51121388388367,18.0029304029304
14.26,2.168755190443538,0.5052689865790999,-0.4501690136714854,3.97333599404117e-08,-0.02621596835274096,0.06637028061875586,-0.06636921747772453,5.481452064267636,-0.06270150155256916,0.22981334791940028,1.3076563138098727,0.02469823440728082,3.302942831502273e-06,0,0,139.51121388388367,18.0029304029304
14.280000000000001,2.168755191144984,0.5052689862399027,-0.450692392806623,3.8112281258805574e-08,-0.02611706199658679,0.06611986230470963,-0.06611884253869778,5.481452064267636,-0.06270150155256916,0.22981334791940028,1.3076563133198067,0.029028585995186006,3.2904766678974046e-06,0,0,139.51121388388367,18.0029304029304
14.3,2.1687551918176418,0.5052689859141923,-0.45121379736189976,3.655734085740954e-08,-0.026018528789620025,0.0658703895599512,-0.06586941139930434,5.481452064267636,-0.06270150155256916,0.22981334791940028,1.3076563128494312,0.03961376357538232,3.2780577391214316e-06,0,0,139.51121388388367,18.0029304029304
14.32,2.1687551924626938,0.5052689856014354,-0.45173323478691657,3.506584036478081e-08,-0.025920367324041182,0.06562185878432003,-0.06562092053158364,5.481452064267636,-0.06270150155256916,0.22981334791940028,1.3076563123979568,0.033419798793821856,3.2656858586863763e-06,0,0,139.51121388388367,18.0029304029304
14.34,2.1687551930812727,0.5052689853011176,-0.4522507125031684,3.363519150076074e-08,-0.025822576197362074,0.06537426639257474,-0.06537336641954869,5.481452064267636,-0.06270150155256916,0.22981334791940028,1.307656311964625,0.033503922282246176,3.2533608411416254e-06,0,0,139.51121388388367,18.0029304029304
14.36,2.1687551936744645,0.5052689850127462,-0.4527662379041516,3.226291158345784e-08,-0.025725154012385745,0.06512760881428234,-0.06512674555919527,5.481452064267636,-0.06270150155256916,0.22981334791940028,1.3076563115487085,0.037139789100101316,3.2410825020626546e-06,0,0,139.51121388388367,18.0029304029304
14.38,2.1687551942433125,0.5052689847358471,-0.45327981835546766,3.09466192224586e-08,-0.025628099377186526,0.06488188249370994,-0.06488105445850917,5.481452064267636,-0.06270150155256916,0.22981334791940028,1.3076563111495083,0.0350654742732045,3.2288506580310794e-06,0,0,139.51121388388367,18.0029304029304
14.4,2.1687551947888153,0.5052689844699657,-0.45379146119493036,2.9684030184847867e-08,-0.025531410905090122,0.06463708388971923,-0.06463628963747095,5.481452064267636,-0.06270150155256916,0.22981334791940028,1.3076563107663541,0.03122153862870714,3.21666512661644e-06,0,0,139.51121388388367,18.0029304029304
14.42,2.168755195311933,0.5052689842146646,-0.4543011737326691,2.8472953432614658e-08,-0.025435087214653825,0.06439320947566317,-0.06439244762805899,5.481452064267636,-0.06270150155256916,0.22981334791940028,1.307656310398601,0.029328834936363807,3.2045257263701304e-06,0,0,139.51121388388367,18.0029304029304
14.44,2.168755195813583,0.5052689839695241,-0.45480896325123427,2.7311287319233917e-08,-0.025339126929646773,0.0641502557392853,-0.06414952497425032,5.481452064267636,-0.06270150155256916,0.22981334791940028,1.3076563100456318,0.031211646118091227,3.1924322767933055e-06,0,0,139.51121388388367,18.0029304029304
14.46,2.168755196294648,0.5052689837341418,-0.4553148370057011,2.6197015943383085e-08,-0.02524352867903029,0.06390821918262107,-0.06390751823201964,5.481452064267636,-0.06270150155256916,0.22981334791940028,1.3076563097068532,0.031817853016326225,3.180384598338616e-06,0,0,139.51121388388367,18.0029304029304
14.48,2.168755196755972,0.5052689835081294,-0.45581880222377313,2.5128205650514912e-08,-0.025148291096938273,0.06366709632190144,-0.0636664239693365,5.481452064267636,-0.06270150155256916,0.22981334791940028,1.3076563093816955,0.030528798534892744,3.1683825123833206e-06,0,0,139.51121388388367,18.0029304029304
14.5,2.1687551971983647,0.5052689832911155,-0.4563208661058854,2.4103001677196768e-08,-0.025053412822657703,0.06342688368745862,-0.06342623876616078,5.481452064267636,-0.06270150155256916,0.22981334791940028,1.3076563090696118,0.029575502419224756,3.1564258412284177e-06,0,0,139.51121388388367,18.0029304029304
14.52,2.168755197622604,0.5052689830827428,-0.4568210358253076,2.3119624931470628e-08,-0.02495889250060918,0.06318757782363378,-0.06318695921443664,5.481452064267636,-0.06270150155256916,0.22981334791940028,1.3076563087700774,0.028836281361222987,3.144514408064819e-06,0,0,139.51121388388367,18.0029304029304
14.540000000000001,2.168755198029435,0.5052689828826685,-0.4573193185282465,2.217636890779967e-08,-0.024864728780327586,0.06294917528868674,-0.06294858191808464,5.481452064267636,-0.06270150155256916,0.22981334791940028,1.307656308482589,0.028105286844761407,3.132648036985493e-06,0,0,139.51121388388367,18.0029304029304
14.56,2.1687551984195714,0.5052689826905632,-0.4578157213339479,2.1271596723211395e-08,-0.02477092031644277,0.0627116726547074,-0.06271110349299262,5.481452064267636,-0.06270150155256916,0.22981334791940028,1.307656308206663,0.03821273987310789,3.120826552955973e-06,0,0,139.51121388388367,18.0029304029304
14.58,2.1687551987937,0.5052689825061101,-0.4583102513347987,2.040373827807487e-08,-0.024677465768660325,0.06247506650752924,-0.06247452056700501,5.481452064267636,-0.06270150155256916,0.22981334791940028,1.3076563079418344,0.05193911859194528,3.1090497818082874e-06,0,0,139.51121388388367,18.0029304029304
14.6,2.168755199152477,0.5052689823290051,-0.45880291559642783,1.9571287531500673e-08,-0.024584363801742448,0.06223935344664426,-0.06223882977991079,5.481452064267636,-0.06270150155256916,0.22981334791940028,1.3076563076876577,0.04960260382508359,3.0973175502244793e-06,0,0,139.51121388388367,18.0029304029304
14.620000000000001,2.1687551994965326,0.5052689821589564,-0.4592937211578071,1.877279988694728e-08,-0.024491613085488844,0.062004530085119726,-0.062004027783430116,5.481452064267636,-0.06270150155256916,0.22981334791940028,1.3076563074437053,0.04434768740845355,3.0856296857357385e-06,0,0,139.51121388388367,18.0029304029304
14.64,2.168755199826472,0.5052689819956843,-0.4597826750313523,1.8006889686199398e-08,-0.024399212294717757,0.0617705930495166,-0.06177011124119987,5.481452064267636,-0.06270150155256916,0.22981334791940028,1.307656307209567,0.03662219970633621,3.073986016698116e-06,0,0,139.51121388388367,18.0029304029304
14.66,2.1687552001428725,0.505268981838919,-0.46026978420302306,1.727222780418173e-08,-0.024307160109246998,0.06153753897980935,-0.061537076828757746,5.481452064267636,-0.06270150155256916,0.22981334791940028,1.3076563069848486,0.03366464443487265,3.062386372294258e-06,0,0,139.51121388388367,18.0029304029304
14.68,2.168755200446291,0.5052689816884022,-0.46075505563242286,1.6567539342936782e-08,-0.02421545521387509,0.061305364529307356,-0.061304921233525454,5.481452064267636,-0.06270150155256916,0.22981334791940028,1.3076563067691716,0.045509979250365186,3.0508305825160606e-06,0,0,139.51121388388367,18.0029304029304
14.700000000000001,2.168755200737261,0.5052689815438852,-0.4612384962528979,1.589160141877275e-08,-0.02412409629836252,0.061074066364577836,-0.06107364115479074,5.481452064267636,-0.06270150155256916,0.22981334791940028,1.3076563065621725,0.041273007692525523,3.039318478155126e-06,0,0,139.51121388388367,18.0029304029304
14.72,2.1687552010162925,0.5052689814051298,-0.4617201129716371,1.5243241040558826e-08,-0.024033082057412936,0.06084364116536988,-0.06084323330368832,5.481452064267636,-0.06270150155256916,0.22981334791940028,1.3076563063635027,0.041623773922973194,3.027849890793223e-06,0,0,139.51121388388367,18.0029304029304
14.74,2.1687552012838758,0.5052689812719064,-0.46219991266976984,1.4621333073818113e-08,-0.023942411190654593,0.060614085624540195,-0.060613694403179964,5.481452064267636,-0.06270150155256916,0.22981334791940028,1.3076563061728277,0.037252972483481694,3.0164246528014207e-06,0,0,139.51121388388367,18.0029304029304
14.76,2.1687552015404807,0.5052689811439955,-0.46267790220246485,1.4024798288470173e-08,-0.023852082402621697,0.06038539644797982,-0.06038502118803357,5.481452064267636,-0.06270150155256916,0.22981334791940028,1.307656305989826,0.034071381210985116,3.0050425973158004e-06,0,0,139.51121388388367,18.0029304029304
14.780000000000001,2.1687552017865577,0.505268981021186,-0.46315408839902833,1.3452601485758524e-08,-0.023762094402735932,0.06015757035454224,-0.06015721040480132,5.481452064267636,-0.06270150155256916,0.22981334791940028,1.3076563058141901,0.04581772621123515,2.9937035582426608e-06,0,0,139.51121388388367,18.0029304029304
14.8,2.1687552020225387,0.5052689809032749,-0.4636284780630006,1.2903749701957952e-08,-0.023672445905288008,0.05993060407597268,-0.05993025881179704,5.481452064267636,-0.06270150155256916,0.22981334791940028,1.3076563056456236,0.05185476390520045,2.982407370242038e-06,0,0,139.51121388388367,18.0029304029304
14.82,2.1687552022488386,0.5052689807900671,-0.4641010779722544,1.2377290485158838e-08,-0.023583135629419317,0.059704494356838576,-0.05970416317907283,5.481452064267636,-0.06270150155256916,0.22981334791940028,1.307656305483842,0.045745693841126575,2.971153868722501e-06,0,0,139.51121388388367,18.0029304029304
14.84,2.1687552024658543,0.5052689806813757,-0.464571894879091,1.1872310242621315e-08,-0.023494162299103595,0.05947923795446106,-0.059478920288394736,5.481452064267636,-0.06270150155256916,0.22981334791940028,1.3076563053285728,0.04434566642213624,2.959942889835948e-06,0,0,139.51121388388367,18.0029304029304
14.86,2.1687552026739674,0.505268980577021,-0.4650409355103369,1.1387932655019612e-08,-0.02340552464312872,0.05925483163884773,-0.05925452693321789,5.481452064267636,-0.06270150155256916,0.22981334791940028,1.3076563051795547,0.04424251431718245,2.9487742704602596e-06,0,0,139.51121388388367,18.0029304029304
14.88,2.1687552028735424,0.5052689804768303,-0.4655082065674399,1.0923317156147792e-08,-0.02331722139507854,0.05903127219262613,-0.059030979918660804,5.481452064267636,-0.06270150155256916,0.22981334791940028,1.3076563050365357,0.04301578736554643,2.9376478482053686e-06,0,0,139.51121388388367,18.0029304029304
14.9,2.1687552030649297,0.505268980380638,-0.4659737147265652,1.0477657473685166e-08,-0.023229251293314757,0.05880855641097859,-0.05880827606147911,5.481452064267636,-0.06270150155256916,0.22981334791940028,1.307656304899275,0.04092865533132577,2.926563461396782e-06,0,0,139.51121388388367,18.0029304029304
14.92,2.1687552032484665,0.5052689802882852,-0.4664374666386902,1.0050180230664249e-08,-0.023141613080958943,0.058586681101577755,-0.05858641219003867,5.481452064267636,-0.06270150155256916,0.22981334791940028,1.3076563047675414,0.0372605734057893,2.9155209490677736e-06,0,0,139.51121388388367,18.0029304029304
14.94,2.168755203424474,0.5052689801996187,-0.46689946892969997,9.64014360301143e-09,-0.02305430550587456,0.05836564308452331,-0.05836538514428803,5.481452064267636,-0.06270150155256916,0.22981334791940028,1.3076563046411125,0.03909403951154799,2.9045201509619867e-06,0,0,139.51121388388367,18.0029304029304
14.96,2.1687552035932613,0.5052689801144921,-0.46735972820048155,9.246836032193673e-09,-0.02296732732064907,0.058145439192279325,-0.05814519177573037,5.481452064267636,-0.06270150155256916,0.22981334791940028,1.3076563045197749,0.036420874123868505,2.8935609075134844e-06,0,0,139.51121388388367,18.0029304029304
14.98,2.168755203755125,0.505268980032764,-0.46781825102701874,8.869574990443703e-09,-0.022880677282576097,0.05792606626961267,-0.05792582894739487,5.481452064267636,-0.06270150155256916,0.22981334791940028,1.3076563044033234,0.034087488244887505,2.8826430598528213e-06,0,0,139.51121388388367,18.0029304029304
15.0,2.168755203910349,0.5052689799542994,-0.46827504396048564,8.507705796542964e-09,-0.022794354153637703,0.05770752117353223,-0.057707293533807644,5.481452064267636,-0.06270150155256916,0.22981334791940028,1.3076563042915623,0.030565858647402234,2.871766449793166e-06,0,0,139.51121388388367,18.0029304029304
15.02,2.1687552040592055,0.505268979878968,-0.4687301135273402,8.16060047951016e-09,-0.022708356700486685,0.05748980077322891,-0.05748958242096215,5.481452064267636,-0.06270150155256916,0.22981334791940028,1.3076563041843028,0.035080501006401844,2.8609309198294325e-06,0,0,139.51121388388367,18.0029304029304
15.040000000000001,2.168755204201956,0.5052689798066451,-0.46918346622941787,7.827656689155833e-09,-0.022622683694428963,0.0572729019500165,-0.05727269250628919,5.481452064267636,-0.06270150155256916,0.22981334791940028,1.3076563040813631,0.04124701976255119,2.8501363131244045e-06,0,0,139.51121388388367,18.0029304029304
15.06,2.168755204338851,0.5052689797372107,-0.46963510854402446,7.508296649990183e-09,-0.022537333911405985,0.05705682159727311,-0.05705662069862634,5.481452064267636,-0.06270150155256916,0.22981334791940028,1.3076563039825704,0.04256805884823312,2.839382473512203e-06,0,0,139.51121388388367,18.0029304029304
15.08,2.1687552044701306,0.50526897967055,-0.47008504692402814,7.201966159616291e-09,-0.022452306131977302,0.05684155662038361,-0.056841363918187233,5.481452064267636,-0.06270150155256916,0.22981334791940028,1.3076563038877573,0.03772385176818117,2.8286692454861442e-06,0,0,139.51121388388367,18.0029304029304
15.1,2.168755204596026,0.5052689796065526,-0.4705332877979524,6.908133626392502e-09,-0.022367599141303082,0.056627103936682605,-0.05662691909653019,5.481452064267636,-0.06270150155256916,0.22981334791940028,1.307656303796764,0.03745999952148305,2.817996474194402e-06,0,0,139.51121388388367,18.0029304029304
15.120000000000001,2.168755204716756,0.5052689795451122,-0.4709798375700672,6.626289146765277e-09,-0.02228321172912682,0.05641346047539822,-0.05641328317652676,5.481452064267636,-0.06270150155256916,0.22981334791940028,1.307656303709437,0.035246998026471285,2.807364005441744e-06,0,0,139.51121388388367,18.0029304029304
15.14,2.168755204832536,0.5052689794861268,-0.47142470262048075,6.355943621272051e-09,-0.022199142689757964,0.05620062317759629,-0.056200453112329574,5.481452064267636,-0.06270150155256916,0.22981334791940028,1.3076563036256283,0.03786990559361209,2.7967716856747843e-06,0,0,139.51121388388367,18.0029304029304
15.16,2.168755204943566,0.5052689794294989,-0.4718678893052309,6.0966279045281765e-09,-0.022115390822054777,0.055988588996125674,-0.055988425869340344,5.481452064267636,-0.06270150155256916,0.22981334791940028,1.3076563035451971,0.043322715871602406,2.7862193619767814e-06,0,0,139.51121388388367,18.0029304029304
15.18,2.168755205050043,0.5052689793751343,-0.4723094039563756,5.847891992347746e-09,-0.02203195492940711,0.05577735489556368,-0.0557771984241771,5.481452064267636,-0.06270150155256916,0.22981334791940028,1.3076563034680067,0.04037082077562546,2.7757068820754432e-06,0,0,139.51121388388367,18.0029304029304
15.200000000000001,2.1687552051521535,0.5052689793229425,-0.4727492528820835,5.609304240041025e-09,-0.02194883381971932,0.055566917852162445,-0.055566767764641464,5.481452064267636,-0.06270150155256916,0.22981334791940028,1.3076563033939268,0.042487127438577015,2.7652340943212436e-06,0,0,139.51121388388367,18.0029304029304
15.22,2.168755205250076,0.5052689792728371,-0.4731874423667243,5.380450613320626e-09,-0.021866026305393263,0.05535727485379578,-0.05535713088968547,5.481452064267636,-0.06270150155256916,0.22981334791940028,1.3076563033228323,0.0552325064730783,2.7548008476960956e-06,0,0,139.51121388388367,18.0029304029304
15.24,2.1687552053439814,0.5052689792247347,-0.47362397867095807,5.1609339704076635e-09,-0.021783531203311293,0.05514842289990657,-0.05514828480937832,5.481452064267636,-0.06270150155256916,0.22981334791940028,1.3076563032546034,0.05863253414171572,2.744406991802076e-06,0,0,139.51121388388367,18.0029304029304
15.26,2.168755205434034,0.5052689791785555,-0.4740588680318253,4.950373372126065e-09,-0.021701347334819394,0.054940359001454844,-0.054940226544872774,5.481452064267636,-0.06270150155256916,0.22981334791940028,1.3076563031891246,0.05443851643771264,2.734052376854486e-06,0,0,139.51121388388367,18.0029304029304
15.280000000000001,2.1687552055203945,0.5052689791342232,-0.4744921166628352,4.748403421601121e-09,-0.02161947352571031,0.05473308018086618,-0.05473295312837131,5.481452064267636,-0.06270150155256916,0.22981334791940028,1.3076563031262853,0.0510201779667814,2.723736853689658e-06,0,0,139.51121388388367,18.0029304029304
15.3,2.1687552056032127,0.5052689790916637,-0.47492373075405525,4.554673629389854e-09,-0.021537908606206774,0.054526583471980854,-0.05452646160309218,5.481452064267636,-0.06270150155256916,0.22981334791940028,1.3076563030659791,0.042896904813601394,2.7134602737441393e-06,0,0,139.51121388388367,18.0029304029304
15.32,2.1687552056826345,0.5052689790508064,-0.47535371647219926,4.368847806167583e-09,-0.02145665141094479,0.05432086592000327,-0.05432074902323519,5.481452064267636,-0.06270150155256916,0.22981334791940028,1.307656303008104,0.06289673676079054,2.703222489065099e-06,0,0,139.51121388388367,18.0029304029304
15.34,2.1687552057588,0.5052689790115835,-0.4757820799607156,4.190603478155398e-09,-0.021375700778957004,0.05411592458145214,-0.05411581245394744,5.481452064267636,-0.06270150155256916,0.22981334791940028,1.3076563029525623,0.05828953434299333,2.693023352294717e-06,0,0,139.51121388388367,18.0029304029304
15.36,2.1687552058318413,0.5052689789739296,-0.47620882733987474,4.019631328582854e-09,-0.021295055553656118,0.05391175652411093,-0.05391164897128877,5.481452064267636,-0.06270150155256916,0.22981334791940028,1.3076563028992598,0.062134498908099446,2.682862716676254e-06,0,0,139.51121388388367,18.0029304029304
15.38,2.168755205901888,0.5052689789377819,-0.4766339647068573,3.855634660168843e-09,-0.02121471458281833,0.05370835882697887,-0.05370825566219706,5.481452064267636,-0.06270150155256916,0.22981334791940028,1.307656302848106,0.05709110711604059,2.672740436042778e-06,0,0,139.51121388388367,18.0029304029304
15.4,2.168755205969061,0.5052689789030804,-0.47705749813584053,3.6983288809437146e-09,-0.021134676718566902,0.053505728580222324,-0.053505629624453516,5.481452064267636,-0.06270150155256916,0.22981334791940028,1.3076563027990153,0.04964726145078886,2.662656364817162e-06,0,0,139.51121388388367,18.0029304029304
15.42,2.168755206033479,0.5052689788697675,-0.47747943367808515,3.5474410095244097e-09,-0.021054940817355743,0.053303862885126736,-0.053303767966647694,5.481452064267636,-0.06270150155256916,0.22981334791940028,1.307656302751904,0.04220636902414445,2.652610358005146e-06,0,0,139.51121388388367,18.0029304029304
15.44,2.1687552060952564,0.5052689788377873,-0.47789977736202205,3.402709202043787e-09,-0.020975505739953097,0.053102758854048936,-0.05310266780814254,5.481452064267636,-0.06270150155256916,0.22981334791940028,1.3076563027066919,0.048370987102996116,2.6426022711962052e-06,0,0,139.51121388388367,18.0029304029304
15.46,2.1687552061545006,0.5052689788070873,-0.47831853519333845,3.2638822979359218e-09,-0.020896370351425216,0.05290241361036974,-0.052902326279039166,5.481452064267636,-0.06270150155256916,0.22981334791940028,1.3076563026633035,0.04564308773155368,2.6326319605557424e-06,0,0,139.51121388388367,18.0029304029304
15.48,2.168755206211315,0.5052689787776162,-0.4787357131550637,3.1307193833840693e-09,-0.020817533521120198,0.05270282428844722,-0.05270274052014173,5.481452064267636,-0.06270150155256916,0.22981334791940028,1.3076563026216652,0.05730567230864102,2.622699282825089e-06,0,0,139.51121388388367,18.0029304029304
15.5,2.168755206265799,0.5052689787493247,-0.4791513172076543,3.0029893735278005e-09,-0.020738994122651816,0.052503988033570134,-0.05250390768292211,5.481452064267636,-0.06270150155256916,0.22981334791940028,1.307656302581706,0.06011405514483109,2.6128040953136977e-06,0,0,139.51121388388367,18.0029304029304
15.52,2.1687552063180506,0.505268978722166,-0.4795653532890796,2.8804706118907133e-09,-0.02066075103388341,0.05230590200191183,-0.0523058249294845,5.481452064267636,-0.06270150155256916,0.22981334791940028,1.307656302543359,0.06538867238138864,2.602946255899144e-06,0,0,139.51121388388367,18.0029304029304
15.540000000000001,2.16875520636816,0.5052689786960944,-0.47997782731490674,2.762950484952766e-09,-0.02058280313691185,0.052108563360484444,-0.05210848943252989,5.481452064267636,-0.06270150155256916,0.22981334791940028,1.3076563025065582,0.06502306040176639,2.59312562302539e-06,0,0,139.51121388388367,18.0029304029304
15.56,2.168755206416214,0.5052689786710669,-0.4803887451783845,2.650225053873196e-09,-0.020505149318051613,0.0519119692870937,-0.0519118983753208,5.481452064267636,-0.06270150155256916,0.22981334791940028,1.307656302471242,0.06405740494160976,2.583342055693244e-06,0,0,139.51121388388367,18.0029304029304
15.58,2.168755206462296,0.5052689786470417,-0.4807981127505281,2.5420986999487116e-09,-0.02042778846781879,0.051716116970293664,-0.05171604895164542,5.481452064267636,-0.06270150155256916,0.22981334791940028,1.307656302437351,0.06083519907791267,2.5735954134638306e-06,0,0,139.51121388388367,18.0029304029304
15.6,2.1687552065064892,0.5052689786239786,-0.48120593588020266,2.4383837859722398e-09,-0.020350719480915318,0.051521003609342295,-0.05152093836578231,5.481452064267636,-0.06270150155256916,0.22981334791940028,1.3076563024048273,0.04964414194458114,2.563885556451217e-06,0,0,139.51121388388367,18.0029304029304
15.620000000000001,2.16875520654887,0.5052689786018391,-0.48161222039420726,2.3389003298517286e-09,-0.020273941256213134,0.051326626414156945,-0.05132656383246458,5.481452064267636,-0.06270150155256916,0.22981334791940028,1.3076563023736156,0.047962710485041374,2.5542123453219795e-06,0,0,139.51121388388367,18.0029304029304
15.64,2.1687552065895135,0.5052689785805863,-0.4820169720973577,2.2434756924662082e-09,-0.020197452696738453,0.051132982605270424,-0.05113292257684431,5.481452064267636,-0.06270150155256916,0.22981334791940028,1.3076563023436631,0.055696437311053434,2.5445756412900006e-06,0,0,139.51121388388367,18.0029304029304
15.66,2.168755206628491,0.5052689785601848,-0.4824201967725699,2.151944278392516e-09,-0.020121252709656118,0.050940069413787314,-0.050940011834456934,5.481452064267636,-0.06270150155256916,0.22981334791940028,1.3076563023149192,0.04904342298369564,2.5349753061138652e-06,0,0,139.51121388388367,18.0029304029304
15.68,2.16875520666587,0.5052689785406008,-0.4828219001809419,2.0641472485027776e-09,-0.020045340206253953,0.05074788408134058,-0.05074782885118543,5.481452064267636,-0.06270150155256916,0.22981334791940028,1.3076563022873353,0.04824596175171755,2.5254112020955607e-06,0,0,139.51121388388367,18.0029304029304
15.700000000000001,2.168755206701716,0.5052689785218014,-0.4832220880618369,1.979932243676739e-09,-0.01996971410192723,0.05055642386004848,-0.05055637088322472,5.481452064267636,-0.06270150155256916,0.22981334791940028,1.3076563022608647,0.04275786112805314,2.5158831920765734e-06,0,0,139.51121388388367,18.0029304029304
15.72,2.168755206736093,0.5052689785037554,-0.4836207661329646,1.8991531211854886e-09,-0.019894373316163172,0.05036568601247187,-0.050365635197045976,5.481452064267636,-0.06270150155256916,0.22981334791940028,1.3076563022354621,0.046401270007286485,2.5063911394335517e-06,0,0,139.51121388388367,18.0029304029304
15.74,2.16875520676906,0.5052689784864325,-0.48401794009046356,1.8216697004386718e-09,-0.01981931677252549,0.05017566781157161,-0.050175619069360855,5.481452064267636,-0.06270150155256916,0.22981334791940028,1.307656302211085,0.042606696922356184,2.49693490807874e-06,0,0,139.51121388388367,18.0029304029304
15.76,2.1687552068006766,0.5052689784698037,-0.4844136156089817,1.7473475208451816e-09,-0.019744543398639045,0.0499863665406665,-0.04998631978708594,5.481452064267636,-0.06270150155256916,0.22981334791940028,1.3076563021876912,0.050788373384199816,2.487514362452172e-06,0,0,139.51121388388367,18.0029304029304
15.780000000000001,2.168755206830996,0.5052689784538414,-0.48480779834175836,1.6760576067568111e-09,-0.01967005212617448,0.049797779493391266,-0.0497977346473069,5.481452064267636,-0.06270150155256916,0.22981334791940028,1.3076563021652419,0.05141609501732207,2.4781293675273097e-06,0,0,139.51121388388367,18.0029304029304
15.8,2.168755206860072,0.5052689784385189,-0.4852004939207045,1.6076762450145529e-09,-0.019595841890833007,0.049609903973655035,-0.04960986095724304,5.481452064267636,-0.06270150155256916,0.22981334791940028,1.307656302143699,0.05602647391462745,2.468779788798031e-06,0,0,139.51121388388367,18.0029304029304
15.82,2.168755206887956,0.5052689784238106,-0.48559170795648304,1.5420847700451602e-09,-0.019521911632331152,0.0494227372955998,-0.04942269603421151,5.481452064267636,-0.06270150155256916,0.22981334791940028,1.3076563021230254,0.05613457367946765,2.459465492285571e-06,0,0,139.51121388388367,18.0029304029304
15.84,2.168755206914697,0.5052689784096915,-0.4859814460385898,1.4791693571780465e-09,-0.019448260294385636,0.04923627678355951,-0.04923623720559183,5.481452064267636,-0.06270150155256916,0.22981334791940028,1.3076563021031862,0.05196473763523578,2.45018634452681e-06,0,0,139.51121388388367,18.0029304029304
15.860000000000001,2.168755206940341,0.5052689783961388,-0.4863697137354322,1.418820825926923e-09,-0.01937488682469827,0.04905051977201904,-0.04905048180879021,5.481452064267636,-0.06270150155256916,0.22981334791940028,1.307656302084148,0.05274977056131112,2.4409422125799135e-06,0,0,139.51121388388367,18.0029304029304
15.88,2.168755206964935,0.5052689783831297,-0.4867565165944096,1.3609344504611296e-09,-0.019301790174940943,0.048865463605573756,-0.04886542719120414,5.481452064267636,-0.06270150155256916,0.22981334791940028,1.3076563020658787,0.05138269069183666,2.43173296401826e-06,0,0,139.51121388388367,18.0029304029304
15.9,2.16875520698852,0.505268978370642,-0.48714186014199284,1.3054097774242444e-09,-0.01922896930074061,0.04868110563888904,-0.04868107071018683,5.481452064267636,-0.06270150155256916,0.22981334791940028,1.3076563020483467,0.05158490650445029,2.422558466926971e-06,0,0,139.51121388388367,18.0029304029304
15.92,2.168755207011139,0.505268978358655,-0.48752574988380204,1.2521504517514648e-09,-0.01915642316166439,0.04849744323666021,-0.04849740973301178,5.481452064267636,-0.06270150155256916,0.22981334791940028,1.3076563020315224,0.06272493508114699,2.413418589898575e-06,0,0,139.51121388388367,18.0029304029304
15.94,2.1687552070328304,0.5052689783471489,-0.4879081913046865,1.2010640496198568e-09,-0.0190841507212047,0.04831447377357271,-0.04831444163683739,5.481452064267636,-0.06270150155256916,0.22981334791940028,1.3076563020153775,0.06399872012687578,2.4043132020399455e-06,0,0,139.51121388388367,18.0029304029304
15.96,2.168755207053632,0.5052689783361044,-0.48828918986880254,1.152061918151583e-09,-0.01901215094676444,0.048132194634262396,-0.04813216380867157,5.481452064267636,-0.06270150155256916,0.22981334791940028,1.3076563019998848,0.0668640656374083,2.395242172957557e-06,0,0,139.51121388388367,18.0029304029304
15.98,2.1687552070735814,0.5052689783255029,-0.4886687510196912,1.105059021275361e-09,-0.018940422809642248,0.04795060321327617,-0.04795057364533655,5.481452064267636,-0.06270150155256916,0.22981334791940028,1.3076563019850176,0.056505641905643056,2.3862053727644224e-06,0,0,139.51121388388367,18.0029304029304
