time_s,x_m,y_m,yaw_rad,v_m_s,yaw_rate_rad_s,wl_rad_s,wr_rad_s,ref_x_m,ref_y_m,ref_yaw_rad,cross_track_m,estimated_slip,true_slip_speed_m_s,supervisor_active,drive_enabled,energy_j,current_a
0.0,0.0,0.025,0.03,0.0,0.0,0.0,0.0,0.0,0.0,0.0,0.025,0.00020751361889959159,0.0,0,1,0.0,0.0
0.02,0.0,0.025,0.02999345372772576,0.0,-0.001986084476350147,0.015876100159429023,-0.015876100159429023,0.00015749949355122722,3.7668306382369534e-07,0.003499941666958332,0.025000021437418283,0.0011442701283166327,0.0008133514614506487,0,1,0.0025147205168915923,0.2901098901098901
0.04,1.8815813238645606e-06,0.025000056318653992,0.02990534739618197,0.0005667910304542202,-0.00586237047602788,0.036187384732790824,0.0046051465898601755,0.000614992278631111,2.9057412954551336e-06,0.006999533342666578,0.025000829685048628,0.0049784887731868215,0.0010334124340597944,0,1,0.008766666834591949,0.37875457875457874
0.06,3.0456885640259854e-05,0.025000909111569408,0.02979033454823866,0.002783652534095444,-0.004333349367116714,0.06576868359840576,0.06360240108018436,0.0013724615480343344,9.686567658045746e-06,0.010498425070873481,0.02500393400524862,0.00878492829726179,0.002809863926670559,0,1,0.03253373022553836,1.0234432234432234
0.08,0.00011985173623104483,0.02500357046479046,0.02975755891013195,0.006702634203617409,0.002100882318601465,0.10933336756295142,0.15310152335176405,0.0024298794863436084,2.2817600671343013e-05,0.013996266965321955,0.025010636805153967,0.02414531320815253,0.004380812407230617,0,1,0.09969661543683139,1.5875457875457872
0.1,0.000304031222069027,0.02500906220871282,0.029882016870846843,0.012568115268365761,0.010692436725284306,0.18863345527857978,0.27526449990703133,0.0037872072890415454,4.439585344068817e-05,0.017492709244737413,0.02502177400151349,0.027439131073633643,0.0060451592468575704,0,1,0.24919336146308854,2.1999999999999997
0.12,0.0006277788978620327,0.025018783780983166,0.030175559346732498,0.020367951509911275,0.01887312997741632,0.28228328809795933,0.40763597308542543,0.005444395189174722,7.651644311233187e-05,0.020987402267805606,0.02503785520887196,0.036516355404041446,0.006618851775786531,0,1,0.481459284314496,2.4014652014652014
0.14,0.001115749206561408,0.025033617803241707,0.030626019203721502,0.02919199711017529,0.0264809557633935,0.3952526566599338,0.558504410849978,0.007401382491553221,0.00012127212089549675,0.02447999656813647,0.025058738354720132,0.0367670439633355,0.0076644521085283,0,1,0.7934224261937619,2.772161172161172
0.16,0.0017945555972381428,0.02505460923033086,0.03122833790998504,0.03963687076589175,0.03441884199199163,0.529642549360115,0.7384195598635743,0.009658097614464208,0.00018075280279118849,0.02797014288921044,0.02508404301037807,0.030650822632628402,0.009205016245397907,0,1,1.239453809384464,3.3282051282051275
0.18,0.0026995484093318162,0.025083214326983388,0.03200170118816246,0.05173190519151722,0.04354619470072572,0.6774737513745864,0.9362434112258297,0.012214458138873405,0.0002570451011672255,0.03145749221930386,0.025113152410710625,0.02901349366440155,0.010212573657282113,0,1,1.826892121555038,3.6827838827838826
0.2,0.0038572959970239206,0.025120809437183023,0.03296443265778752,0.06497123607651538,0.05302339813140865,0.8418715894518304,1.1461743901338004,0.015070370865083645,0.0003522318573183197,0.034941695826389854,0.025145182995411578,0.03418029235375955,0.010917397538552018,0,1,2.5337354359535236,3.9406593406593404
0.22,0.005290421098157807,0.025168855812659218,0.034112132586682886,0.07936602432159234,0.06245047730454257,1.01853799721754,1.3754112243720191,0.018225731876815015,0.0004683916751493013,0.038422405293011185,0.025179117440287346,0.038786415692231596,0.011924226818446002,0,1,3.3704547463726517,4.303296703296702
0.24,0.007022390940064031,0.025229073225350743,0.0354556205186776,0.09484262497009757,0.07183216957834551,1.212997893859337,1.6084721997755556,0.021680426612666406,0.0006075984561187341,0.041899272551121775,0.0252138471767864,0.03397569565112668,0.012144677793183442,0,1,4.323742390857744,4.3838827838827825
0.26,0.009072963266500653,0.02530329714870931,0.03696850285876197,0.11161504834668554,0.080179886693426,1.4306251620128865,1.8743855568200796,0.02543432994491389,0.0007719209355792277,0.045371949916893195,0.025248222663983952,0.03429508236402771,0.0137296899430695,0,1,5.458435625938439,4.956043956043956
0.28,0.011477213855016533,0.025394168942123003,0.03866203804157916,0.1299069113112218,0.08987151541779921,1.650555754999625,2.147747454377578,0.029487306265596397,0.0009634222206497007,0.04884009012548277,0.02528087939788549,0.035752604116881775,0.014098559837714686,0,1,6.750857687322538,5.093040293040293
0.3,0.014250459807348695,0.02550395437931872,0.04055717823693783,0.14877108265322525,0.09990003489320173,1.8878542267222604,2.4320655619114455,0.033839209579835085,0.0011841593297537043,0.05230334636575972,0.02531062762126894,0.033079869247219,0.014652827860424822,0,1,8.144221971213662,5.294505494505494
0.32,0.017410689309484032,0.025635352049970705,0.04264348154998352,0.16865053934257393,0.10905349023329394,2.137729743912783,2.7263438388813728,0.03848988360632781,0.001436182733956675,0.05576137231498609,0.025336353229450312,0.028683796224594587,0.015105085429203191,0,1,9.67336422142164,5.463736263736264
0.34,0.020976026660167225,0.025791350962007426,0.04490806787662994,0.18945280120171273,0.1178129472866562,2.4020915400026177,3.03493511785451,0.04343916188495615,0.0017215359002336343,0.05921382217344861,0.02535698060515826,0.026652125262714335,0.01578287265291084,0,1,11.346351308703143,5.713553113553112
0.36,0.0249660853043956,0.025975318225444008,0.047344146497665024,0.21108443121054307,0.12560584110590148,2.6788951943157095,3.340979163523351,0.04868686789143746,0.0020422548367974268,0.06266035069903846,0.025371474429796034,0.026475432269611545,0.015623896243586954,0,1,13.128979140814774,5.6652014652014655
0.38,0.029391654239091913,0.02619046517097768,0.04991665027967805,0.2332600682094033,0.13253984608937128,2.9597643314652116,3.667126305422651,0.05423281515895089,0.0024003676406160503,0.0661006132417752,0.02537896401167317,0.022113229219454314,0.016591833940314993,0,1,15.020254911579752,6.011721611721611
0.4,0.03426673510271807,0.026440391337470573,0.0526472644937678,0.2558560197535036,0.14052647663295592,3.2401175506715445,3.98094232606354,0.060076807406660805,0.0027978940472460074,0.06953426577827142,0.02537860296772978,0.020796858411541625,0.0160146241410003,0,1,16.953463078958144,5.818315018315017
0.42,0.03958907950436126,0.026728194696950838,0.05552286242572579,0.27850017531061455,0.1474680916559555,3.533211015516083,4.310993427825669,0.06621863867505808,0.0032368449831068967,0.07296096494613484,0.025370046668300176,0.022017285472655496,0.01680539436167905,0,1,18.949926255973477,6.108424908424908
0.44,0.04537216257933562,0.027057982103671507,0.05853993099844873,0.30182805151085135,0.15442234656455464,3.826581103472209,4.636643429036686,0.07265809346803442,0.0037192221203206648,0.07638036807830426,0.025352797971121933,0.023526624314918334,0.016579959819634726,0,1,21.031629371292535,6.035897435897436
0.46,0.0516174769789682,0.027433429692165178,0.06168748181746301,0.3248331281612861,0.16020705139115415,4.118388767066706,4.950153213566927,0.07939494690160202,0.0042470174342370375,0.07979213323731593,0.02532671238044919,0.02027633917378547,0.015989023091914134,0,1,23.068178535184686,5.834432234432234
0.48,0.05831629417340876,0.027857633342592725,0.06493629927711099,0.3474833090460297,0.16530047009389784,4.403972383932853,5.268206189258641,0.08642896485916482,0.004822212763764695,0.0831959192494971,0.025291908337420507,0.019455326381484176,0.016225065830527796,0,1,25.077002175627847,5.9230769230769225
0.5,0.06546510521642668,0.028334029699986548,0.06829715901909782,0.37004932314715544,0.17026556068891807,4.698083398170466,5.573497960585974,0.09375990415324605,0.005446779374625694,0.08659138573908302,0.025248524024134845,0.01817119083560016,0.015612567365898167,0,1,27.083435220944494,5.721611721611721
0.52,0.0730604093645851,0.028866106427823366,0.07172991767700052,0.3923027555224939,0.17369880838473592,4.9769032624037175,5.878802013631901,0.10138751269357071,0.006122677525648485,0.08997819316225429,0.02519680846930411,0.018101495289891634,0.015604621906798843,0,1,29.045267752249647,5.721611721611721
0.54,0.08109235884685183,0.029456791418485073,0.07524848220205269,0.4140627350707861,0.17790509918493,5.258222903382793,6.172944150105585,0.10931152966139916,0.006851856038212704,0.0933560028410909,0.02513710601489999,0.014789782067182733,0.015106107341996022,0,1,30.953826809924102,5.552380952380951
0.56,0.08955347492502637,0.030109260908707355,0.07883239639903983,0.43562315565342147,0.180546820309787,5.539939925679225,6.466547575272711,0.11753168569000333,0.007636251868956597,0.09672447699743981,0.025069926569699082,0.014675057857316678,0.015064016633172306,0,1,32.85228706456254,5.544322344322344
0.58,0.0984404157908033,0.030826822871485922,0.08246478045387673,0.4566984278176626,0.182595255777314,5.806475085412346,6.739551636212779,0.12604770305117402,0.00847778968585559,0.10008327878669243,0.02499561263998501,0.013958444980746165,0.014074846300606125,0,1,34.6591706386958,5.197802197802198
0.6,0.10773301551817452,0.03161126813285291,0.08612853140552267,0.47687859216568756,0.18358519066015866,6.075902537808779,7.009248240995222,0.13485929584764356,0.0093783814477781,0.10343207233146884,0.024914794170697096,0.01418169956369316,0.013933839683523908,0,1,36.38203330403342,5.157509157509158
0.62,0.11742431518494809,0.0324651965824279,0.08980414579705137,0.4968391621909243,0.18444882451873307,6.3303440341996255,7.275500412820047,0.14380954951230765,0.010323307004304713,0.10677052275520522,0.024827616997583395,0.01384214929995783,0.013778092112019968,0,1,38.06848322216736,5.109157509157509
0.64,0.12750121992777888,0.03339056435232459,0.09351124445724061,0.5155285721613312,0.18600455535233085,6.560399781204081,7.507187353569005,0.1527566041828293,0.01129805731667925,0.11009829621564121,0.024733704247276746,0.015482253608616624,0.012169613839401405,0,1,39.56064995583752,4.536996336996337
0.66,0.13792477087773275,0.03438683398150322,0.09723390893719666,0.531853185744781,0.185886269001713,6.761644125699688,7.70083720212987,0.16170037137653376,0.012302524502048155,0.11341505993820392,0.024633160706949167,0.01497728447952976,0.010588514793021087,0,1,40.75992808864024,3.9567765567765565
0.68,0.14864561102512341,0.035451725007024794,0.10094103802681378,0.5456831704659112,0.1851562089855137,6.92528298292331,7.866838063513927,0.17064076395797112,0.01333659748664073,0.11672048224928504,0.024526113379624542,0.014362478936688286,0.00915000459038573,0,1,41.688714988534834,3.457142857142857
0.7000000000000001,0.15961471115978393,0.036582308383174965,0.10464506821042337,0.5571734258015524,0.18491338279674613,7.065003296556979,7.999382243295199,0.17957769617412367,0.014400162026534958,0.12001423260940798,0.024412683750115554,0.016102781504281943,0.007835364171602799,0,1,42.39734965119992,2.9655677655677652
0.72,0.17078736144873521,0.0377756192243891,0.10832887036205709,0.5663892039949967,0.18291047192873897,7.176981303290811,8.092861606328386,0.18851108368900818,0.015493100728928528,0.12329598164628147,0.02429309589373434,0.013673669173354356,0.006637383418274578,0,1,42.91284303036225,2.522344322344322
0.74,0.1821144702116422,0.039027343696753466,0.11195564387662732,0.5729763247936244,0.17991047916202135,7.247823886712725,8.153084566829174,0.19744084361765826,0.016615293073903848,0.12656540118773668,0.024167396929381395,0.011765407643980676,0.004793457750614016,0,1,43.24384451234237,1.8534798534798536
0.76,0.1935421978493496,0.04033184876286606,0.11553292776304461,0.577015061625543,0.17777723493813244,7.29009577844003,8.18537092022427,0.20636689455947324,0.01776661543667571,0.12982216429454393,0.024035602436423165,0.010862058785825416,0.003519796395704433,0,1,43.438898662490686,1.386080586080586
0.78,0.20502605768133614,0.041684155181073004,0.11907035528336804,0.5790617580528686,0.17603866348461783,7.30594875190866,8.194926444825212,0.21528915663091955,0.01894694111030984,0.1330659452931065,0.023897854476445733,0.00908499377961296,0.0023317444023581713,0,1,43.55065914919534,0.9509157509157509
0.8,0.2165279680768084,0.04307967067852468,0.12257641013906423,0.5791499782110678,0.17405260920841475,7.29855333433469,8.169980432700868,0.22420755149757113,0.020156140328900653,0.13629641980802767,0.02375439985492304,0.008805341599357527,0.0013115176136326845,0,1,43.60112216409789,0.5721611721611721
0.8200000000000001,0.2280067086045595,0.04451293481589301,0.12602579557660454,0.5772429101465134,0.17065161439522905,7.269273513175781,8.12203597560048,0.23312200240547704,0.02139408029119606,0.139513264794548,0.023605565609292473,0.010493501493151638,0.0005140187115708628,0,1,43.6138735137929,0.22564102564102562
0.84,0.23942783636391143,0.045978638669641865,0.12940501195743434,0.5739094493870226,0.1673009321241064,7.223540298579786,8.062412220129193,0.24203243421184203,0.022660625184657345,0.14271615857084954,0.02345140439923214,0.013672817585995428,0.0010157099809133818,0,1,43.61420835630111,0.25787545787545785
0.86,0.2507680391750783,0.047472580903813615,0.1327250916579202,0.5694845799025349,0.164745232051732,7.159997198458773,7.988597875720528,0.25093877341500936,0.023955636209941567,0.14590478085022376,0.023291894325436376,0.015199427592608285,0.001641333313324389,0,1,43.61420835630111,0.4915750915750915
0.88,0.26200389912722105,0.048990481150179385,0.13599829166360783,0.5637700316689173,0.1621174399973584,7.081908184783923,7.891307679703777,0.2598409481837326,0.025278971605794266,0.14907881277309987,0.023127251938392542,0.01553002949802013,0.0027242692906321864,0,1,43.61759857239871,0.8945054945054943
0.9,0.27310869964863344,0.050527364913774034,0.13920407524900238,0.5568202716299744,0.15789456831585882,6.996230717898089,7.777622409626375,0.2687388883857268,0.02663048667433963,0.15223793693893056,0.022957806643798408,0.0156982946178591,0.0034985588880094287,0,1,43.63524677229226,1.1765567765567764
0.92,0.28406268247189026,0.052078678069479946,0.14231335543374662,0.5489530410604827,0.153269943316699,6.890944472689195,7.656709180444346,0.27763252561548535,0.028010033806755576,0.1553818374379319,0.022783563506096484,0.01580715156259855,0.003821141757329505,0,1,43.67094294372388,1.3054945054945055
0.9400000000000001,0.294846622016664,0.05363970187081462,0.1453477070577455,0.5400878134051081,0.1500528650994146,6.772872535117199,7.522927355217885,0.28652179322135435,0.029417462509320765,0.1585101998826739,0.022604526819215143,0.014705477098001858,0.004378306132655663,0,1,43.73048526541072,1.506959706959707
0.96,0.30544222680191946,0.05520597310928554,0.14831939353837903,0.530500622981019,0.1470137988042388,6.649901602982029,7.385206025811162,0.29540662633185255,0.030852619429820736,0.16162271143951898,0.02242103889320196,0.013224126069575199,0.004542792817987196,0,1,43.80895876274587,1.5714285714285714
0.98,0.31584060948252307,0.05677437648369297,0.1512311781354887,0.5205446444409876,0.14388272646522923,6.52208191375719,7.239200460277001,0.30428696188122717,0.03231534838429996,0.1647190608599053,0.022233450291085418,0.014999320433949748,0.004942327948606162,0,1,43.90230374953808,1.7245421245421244
1.0,0.32603387622021524,0.05834188486032672,0.15407783439704958,0.5103809631531441,0.14114634981962887,6.3917372942842645,7.103583589624311,0.3131627386342367,0.03380549038414683,0.16779893851147104,0.022042132665307645,0.014176997162454519,0.0044300003970503266,0,1,43.99953994571536,1.539194139194139
1.02,0.33602347527382265,0.05990699169997881,0.156887527417694,0.5000594314024728,0.13949892358494276,6.251741753340146,6.950992391214611,0.32203389721015074,0.03532288366349839,0.17086203640901762,0.02184745352407791,0.01523464752693687,0.005239797542516134,0,1,44.11231682282275,1.8373626373626373
1.04,0.3457964151647981,0.06146610890250605,0.15965555852725083,0.48919091163016537,0.13731447215001796,6.1146536588416325,6.8048460174106316,0.3309003801059573,0.03686736370695138,0.17390804824530784,0.02165019737083744,0.013369290367741255,0.0049172100328714885,0,1,44.23834439850081,1.7245421245421244
1.06,0.35535421146351925,0.06301785665434989,0.1623840101183548,0.4786252398543814,0.13537188373342954,5.979504717106235,6.658697446256608,0.33976213171877256,0.03843876327756659,0.17693666942169642,0.021450913991257363,0.013298100710568842,0.004943589294487405,0,1,44.35683560380599,1.7406593406593402
1.08,0.36470043942292707,0.06456125527125883,0.1650706612185184,0.4683200187049713,0.1330839211818927,5.853849157473829,6.519738633887459,0.3486190983674406,0.040036912445152874,0.17994759707858957,0.02125014352432154,0.01475448236856547,0.004625566187971497,0,1,44.46439823990156,1.6197802197802196
1.1,0.3738457487461988,0.06609651415933515,0.16770813145186061,0.45875300043769907,0.13058739844621337,5.739155747016258,6.3931390362488685,0.3574712283133181,0.04166163861481775,0.18294053012573072,0.02104824821799046,0.013344757171330364,0.0040791784238145,0,1,44.54755874245127,1.4263736263736264
1.12,0.3828064687183262,0.0676248862773603,0.1702979397306042,0.449977106986085,0.12839543614023832,5.631479784724125,6.276271466066405,0.3663184717802373,0.043312766555771064,0.18591516927230917,0.02084542060368288,0.013711158660479474,0.003651879897749899,0,1,44.60941887301511,1.2732600732600732
1.1400000000000001,0.3915961687086899,0.06914735292398053,0.17284975935008043,0.4418481100934308,0.12703048844664322,5.529396649025888,6.172681643324634,0.3751607809736381,0.04499011843036831,0.18887121705688925,0.020641892259085727,0.015813510193360622,0.0030327796489454384,0,1,44.65510537142297,1.0556776556776555
1.16,0.40022773552957414,0.07066504603139863,0.1753842505981938,0.4341839353670087,0.12597853811893475,5.433305198415141,6.064489296171286,0.3839981100988648,0.04669351382338039,0.19180837787715574,0.020437995478984443,0.01581108668070467,0.00328316039675991,0,1,44.69338998853733,1.1443223443223443
1.18,0.4087057504015884,0.07217777592517702,0.17788681625679215,0.42686446169535397,0.12500894156846806,5.338845980030503,5.978774787018163,0.39283041537862184,0.048422769771476235,0.1947263580194743,0.02023420539079931,0.01694399131923215,0.00269931429505732,0,1,44.72298974148487,0.9428571428571427
1.2,0.41704471791762876,0.0736872444924101,0.18039642457239394,0.4204317825625743,0.12522473024260752,5.264741630753639,5.893027133025491,0.4016576550695805,0.05017770079290532,0.19762486568826237,0.020030835359460458,0.015388311976331432,0.0022474463317578852,0,1,44.73850091984728,0.7655677655677656
1.22,0.4252600923730144,0.07519558691032761,0.18288387161400343,0.41467390284167405,0.1237738481057027,5.193146389471857,5.8197050908206585,0.41047978947813396,0.05195811891736644,0.20050361103516845,0.019828250227753974,0.01480678376130076,0.0017130521702081736,0,1,44.745793423537336,0.5721611721611721
1.24,0.43336368405384396,0.07670417179141317,0.18535330280419796,0.4094753953761377,0.12286694259286923,5.132915039281066,5.750378626208596,0.4192967809752951,0.053763833716049675,0.20336230618805676,0.019626606947832515,0.012241744794811507,0.0015417175031381958,0,1,44.748128805973046,0.5076923076923076
1.26,0.44136754029634034,0.07821455569670732,0.18779705326217938,0.4050805533398171,0.12192465260547929,5.082171082140201,5.702992422266623,0.4281085940107312,0.05559465233183848,0.2062006652797943,0.0194260499236408,0.013554238435521594,0.0007520381842609503,0,1,44.74833718924258,0.23369963369963365
1.28,0.44929179144127457,0.07972995982185843,0.1902392172226087,0.4016105281893498,0.12212150441143763,5.039982924993706,5.658811310977081,0.43691519512593435,0.05745037950965861,0.20901840447683723,0.019226525861294863,0.011930108208469414,0.00040872297664867885,0,1,44.74833718924258,0.10476190476190475
1.3,0.45714804982059354,0.08125225772986407,0.19267891522331226,0.39859973334942317,0.12190821773291143,5.00445136560447,5.623416265742337,0.445716552966522,0.05933081762696104,0.21181524200761384,0.01902821580472425,0.013219638471719895,0.00010331955983478025,0,1,44.748638336321235,0.04835164835164834
1.32,0.46494755328500653,0.08278330575852028,0.19511885918000874,0.3963453433819941,0.1224363887358795,4.978571220507694,5.605947067087954,0.4545126382936643,0.06123576672432595,0.21459089819070182,0.018831224479222818,0.015922916352412466,0.0008377727897853626,0,1,44.75486071690102,0.3545787545787545
1.34,0.47270843740913315,0.08432652315683127,0.19757863658208322,0.39498627798133634,0.1229032859141841,4.969651523280859,5.587965153225914,0.4633034239946369,0.06316502453617474,0.2173450954627959,0.01863556251498656,0.014577486675665106,0.0010892105884230951,0,1,44.77051110040369,0.4432234432234432
1.36,0.48044483394399634,0.08588463545261886,0.20002275307956635,0.3943593968585311,0.12150568486085532,4.972180437204035,5.584536929349819,0.4720888850924962,0.06511838652157785,0.22007755840646398,0.018441229806301,0.013913592207711527,0.0016402160553339873,0,1,44.79948416588001,0.6446886446886447
1.3800000000000001,0.48817368769598934,0.08746080054292481,0.20244467953461479,0.3944941468193889,0.12129372528410627,4.971702046506016,5.5938599316031565,0.4808689987548741,0.06709564589514526,0.22278801377768878,0.018247866532215707,0.014446893849936436,0.0019995402468676593,0,1,44.84215220056153,0.7816849816849816
1.4000000000000001,0.4959046071111054,0.08905694646904935,0.20488497379612433,0.3950371138147846,0.12252665391529252,4.982601822321169,5.606409792458519,0.48964374430189195,0.06909659365798766,0.22547619053319187,0.018055367096339908,0.014428923681488178,0.0021635563756987053,0,1,44.895888869968125,0.8461538461538461
1.42,0.5036468164135325,0.09067520169191141,0.2073399604763223,0.39594200122585094,0.1230190038389592,4.993127317058968,5.619969053423905,0.4984131032131923,0.07112101862873578,0.2281418198575378,0.017863803826647345,0.011904631481037391,0.002182067051539671,0,1,44.95648920552908,0.8542124542124541
1.44,0.5114036178437175,0.09231643279497391,0.20980509773707157,0.397133407412279,0.12339195701547805,5.015631412563718,5.642324343676447,0.5071770591340868,0.07316870747460588,0.23078463519001557,0.0176732767499404,0.012942004826159889,0.002596446530513663,0,1,45.029316977661395,1.0073260073260073
1.46,0.5191868550245863,0.09398333275587913,0.21227220351002468,0.3990139126787113,0.12309187563979694,5.046934229383513,5.668351028961761,0.5159355978808208,0.0752394447424993,0.23340437225129423,0.017483654375051366,0.010895196249397903,0.0028936108966136076,0,1,45.12187559865412,1.1040293040293039
1.48,0.5270064323913063,0.09567815973526171,0.21472633963219814,0.4011917881071218,0.12253754517094212,5.075400547036962,5.698205048217197,0.5246887074449529,0.07733301289012419,0.23600076906985076,0.017294713163675878,0.010190853602130862,0.0028914569266889623,0,1,45.22243694796614,1.12014652014652
1.5,0.5348648909351769,0.09740159877692865,0.21717928260961927,0.4035254852954952,0.12291766214982683,5.107787421956777,5.73500040631454,0.5334363779968547,0.07944919231712805,0.23857356600816693,0.01710634180516261,0.008919939089327186,0.003245189369628143,0,1,45.3314928778976,1.249084249084249
1.52,0.5427692292560845,0.09915547967925471,0.2196452681717251,0.40646506483102346,0.12366128170434489,5.1528648413700315,5.783099929165682,0.5421786018883222,0.08158776139622938,0.24112250578869293,0.016918456118184523,0.008482571023909093,0.0037717863325771317,0,1,45.467616679947554,1.4424908424908423
1.54,0.5507335810609206,0.10094335115746705,0.22212415815537717,0.40982430495368743,0.12425431566895227,5.192076751797773,5.825290417582579,0.5509153736543103,0.08374849650433751,0.24364733351957482,0.01673085296959804,0.008720201892545652,0.0034641563879050374,0,1,45.61173240815389,1.3296703296703296
1.56,0.5587548598554344,0.10276494392092342,0.2246130764085123,0.4129106184534879,0.1242842254405005,5.23786860939219,5.865021398046305,0.5596466900137846,0.08593117205364906,0.24614779672014359,0.01654368501369375,0.010256908275507301,0.0035435300846213824,0,1,45.74952661725647,1.3538461538461537
1.58,0.5668339669417904,0.10462079305805387,0.2270906174724696,0.4163102292945051,0.12379660092241189,5.28559252806236,5.916346406462756,0.568372549869696,0.08813556052271067,0.2486236453461627,0.01635694427070771,0.011868942188297177,0.0038943970149433182,0,1,45.90321902883192,1.4908424908424907
1.6,0.574978669964077,0.10651296570491567,0.22957206650745823,0.4199694232294527,0.12438630594632698,5.33102942302082,5.965071188531855,0.5770929543080763,0.09036143248743728,0.25107463181483297,0.01617040140924407,0.009964813349292384,0.0037775177806342874,0,1,46.06372440125424,1.4505494505494505
1.62,0.5831883815312614,0.10844177437305816,0.23206565306941662,0.42358348181555144,0.1249679223574315,5.3802475271360946,6.016658353702492,0.585807906596265,0.09260855665207537,0.2535005110295499,0.01598415665510103,0.011455839162266538,0.003921989464223452,0,1,46.22633749119325,1.506959706959707
1.6400000000000001,0.591465686085442,0.11040830115556578,0.2345693633123686,0.42733405325792734,0.1253520986675321,5.428974848839722,6.066169100480489,0.59451741218026,0.09487669988010138,0.2559010404044135,0.015798268697713384,0.011755442129162203,0.003811730531278257,0,1,46.392787848638804,1.4666666666666666
1.6600000000000001,0.5998099463617033,0.11241284212527325,0.23707643926067345,0.4309991987051228,0.12499837611921907,5.4815877635954395,6.111057126744764,0.6032214786812026,0.09716562722504482,0.25827597988848694,0.015612844961923202,0.010324658868907204,0.0038695750271867113,0,1,46.55670456835071,1.4747252747252744
1.68,0.6082188804050349,0.11445516356224252,0.2395652507745831,0.4342358891724362,0.12420581117036127,5.5143009288947304,6.146089200246102,0.6119201158910001,0.09947510196122722,0.2606250919898007,0.015427922621555143,0.008396476734942622,0.003121696723652756,0,1,46.69611222555302,1.2087912087912087
1.7,0.6166774644016858,0.11653182212562552,0.2420527414592527,0.43717356290448783,0.12471487486484882,5.561476977341377,6.198369042601341,0.6206133357670844,0.10180488561440669,0.2629481417991024,0.01524378541126632,0.008758475991594773,0.004008289066291415,0,1,46.84053218059363,1.539194139194139
1.72,0.6251973748623398,0.11864608234246381,0.24455333036061827,0.4405496539756663,0.12481315869181533,5.601223868450127,6.229308482255834,0.6293011524263173,0.10415473799231965,0.2652448970133469,0.015060345121173139,0.00848885681109652,0.0032566363095381523,0,1,46.98664231022355,1.249084249084249
1.74,0.6337672124095912,0.12079543929469634,0.2470363564428502,0.4430507281873876,0.12365262366225563,5.633932594801856,6.259885402107466,0.6379835821380434,0.10652441721511026,0.26751512795892674,0.01487794934157046,0.007530694331048148,0.0029882149185801454,0,1,47.1036627872219,1.1523809523809523
1.76,0.6423788311269155,0.12297794087349852,0.2495045964426826,0.44552795394245587,0.12316912403269824,5.670574286610496,6.2943948666519125,0.6466606433162961,0.10891367974563945,0.2697586076146392,0.014696728446768293,0.006594720058496458,0.003167251119543968,0,1,47.22337079084891,1.2249084249084248
1.78,0.6510347083149892,0.12519437058530955,0.25196389645877015,0.4479269684848402,0.12271270813816532,5.697566491705226,6.318647321081744,0.6553323565111614,0.11132228041966491,0.2719751116343883,0.014516678992096644,0.007132978864846531,0.0027059329393031573,0,1,47.33421422669445,1.0556776556776555
1.8,0.6597249410504734,0.12744233900899135,0.2544130875627363,0.4497849011340491,0.12219382083288301,5.723247463224315,6.3419307155149705,0.6639987443993077,0.11374997247588402,0.2741644183696192,0.014338081634847302,0.006334570860172967,0.002675484566022235,0,1,47.43011694544506,1.0395604395604394
1.82,0.6684445629059336,0.1297206635705889,0.2568515030692302,0.4513866440075344,0.12139325390057708,5.743234480440791,6.354166960514552,0.6726598317736826,0.11619650758583208,0.27632630889148263,0.014161129274096558,0.0069494362179874794,0.002420660266634511,0,1,47.51475316709602,0.9509157509157509
1.84,0.6771848259528944,0.13202706404184497,0.2592642535057606,0.45274531569241055,0.11954548120934447,5.772457730332773,6.369565395540996,0.6813156455323869,0.11866163588362842,0.2784605670127281,0.013986050768698346,0.006572282329839557,0.0029026555123228825,0,1,47.59808440349438,1.1282051282051282
1.86,0.6859495607263081,0.13436236481444094,0.26163219149543526,0.4542795486455232,0.11745383588834853,5.791747130716534,6.383629034540409,0.6899662146667315,0.12114510599556289,0.280566979309322,0.013812658935987576,0.007176340721090639,0.0024177149770029938,0,1,47.681988040453085,0.9509157509157509
1.8800000000000001,0.6947340237547424,0.1367250621388821,0.26397121228258297,0.455335614894678,0.11661650505710658,5.802317519356476,6.393627700499307,0.6986115702484809,0.1236466650695164,0.28264533514179,0.013640895710669261,0.009090675788508,0.0020293266819197964,0,1,47.75114225546315,0.8139194139194137
1.9000000000000001,0.7035302188982967,0.13911293882965423,0.26629936454298747,0.4563210725546152,0.11573380062661764,5.826726125202363,6.406198737846983,0.7072517454162948,0.12616605880420836,0.2846954266762808,0.013470979493751135,0.010906438482278319,0.00267280895461941,0,1,47.82409337672583,1.0395604395604394
1.92,0.7123444221178915,0.1415276222523514,0.2685937920719474,0.4574524671693683,0.11367687669106726,5.839940434610551,6.410015961354594,0.7158867753613711,0.12870303147826537,0.2867170489053494,0.013302853202526844,0.01013299132472916,0.002141671997725747,0,1,47.89461777199498,0.8461538461538461
1.94,0.7211682103818903,0.14396653056007538,0.2708503565240993,0.4580692613814028,0.11205966733266934,5.851713478796842,6.416244532132689,0.7245166973123001,0.13125732597910444,0.2887099996684575,0.013136562781118168,0.01404212615014501,0.0021005863215675102,0,1,47.95427780392677,0.8300366300366299
1.96,0.7299987831086682,0.14642864997219368,0.27308171749721255,0.4586103397774499,0.11126313542915661,5.855664941964891,6.4200955465780165,0.7331415505191367,0.13382868383162602,0.29067407967218967,0.012972120087742952,0.012568883185249345,0.0017568304843615379,0,1,48.00975623825811,0.7172161172161171
1.98,0.7388312771239933,0.14891251189089216,0.2753048037534447,0.4589950849949034,0.11085064183302062,5.865913154440065,6.425227738307611,0.7417613762366987,0.13641684522671066,0.2926090925101822,0.012809723771230984,0.012464198558281289,0.002010023536375416,0,1,48.064231263883755,0.7978021978021977
2.0,0.7476676480595894,0.15141861459606104,0.2775105691614582,0.45939464571407557,0.10921409433163907,5.874822581786819,6.418151413766011,0.7503762177071,0.13902154904951516,0.29451484468276373,0.012649517861970912,0.012833401607145127,0.0019677258429472433,0,1,48.11605476082338,0.7816849816849816
2.02,0.7565011668333048,0.1539447713790206,0.2796681833474276,0.4592612796447901,0.10671767778079871,5.873057636267033,6.408703048124567,0.7589861201415261,0.14164253290756262,0.2963911456163053,0.01249160280715032,0.011121082368342272,0.0014944018535891779,0,1,48.15547787798889,0.6124542124542124
2.04,0.7653232744312622,0.1564880757533656,0.28178691740944256,0.45896525444157943,0.10511116136889029,5.87637315955409,6.404364720561692,0.7675911307012626,0.14427953315862252,0.29823780768227703,0.012335984279317402,0.014487545919328139,0.0017338531850664696,0,1,48.19415130930224,0.701098901098901
2.06,0.7741375062103005,0.15904920753338583,0.2838741281261271,0.45884684196309733,0.10338448710613304,5.878084424433081,6.3947616891461125,0.7761912984779828,0.14693228493837718,0.30005464621601113,0.012182586930496389,0.012960814085537642,0.0016525424195490412,0,1,48.23420151668938,0.6688644688644687
2.08,0.78294131771415,0.16162707647684257,0.28592278697515056,0.45839233323879947,0.10171178302288973,5.870285749109524,6.383867546439343,0.7847866744733076,0.14960052218786987,0.30184147953516843,0.012031427586320115,0.01360155362749453,0.0012043367187638543,0,1,48.26657826112164,0.5076923076923076
2.1,0.7917279150002074,0.16421934176872444,0.2879461341238974,0.457705444538094,0.09980947778828954,5.873147986587453,6.364409785916078,0.7933773115776419,0.15228397768073232,0.30359812895790594,0.011882620457688958,0.012933940448719481,0.0017444552357399612,0,1,48.296601783498836,0.701098901098901
2.12,0.8004963966422045,0.16682530394518139,0.2899073981128599,0.45687979875788437,0.09689881332946959,5.858443140249345,6.347531790467617,0.8019632645483024,0.15498238305018727,0.3053244188207452,0.011736123978638269,0.012230159931303261,0.0009142112934156787,0,1,48.32200513029429,0.3948717948717948
2.14,0.8092398474225556,0.16944232089761468,0.29183574016362274,0.4558904123562272,0.09537145152951988,5.858670126675803,6.331398263048793,0.8105445899869436,0.15769546881582486,0.30702017649613855,0.011591868675777208,0.011689623161652047,0.001630422935066822,0,1,48.347634837410084,0.6527472527472528
2.16,0.8179642438875503,0.17207178309108928,0.2937173992972368,0.45520487529253917,0.09322494649214369,5.84743356676328,6.318591040599433,0.8191213463162934,0.16042296441014908,0.3086852324097316,0.011449758591684116,0.01098342358868602,0.0010653820482141585,0,1,48.37562775556122,0.45128205128205123
2.18,0.8266675687113846,0.1747126348409245,0.29557307446886816,0.4542403367131626,0.09155378132102611,5.844000587839507,6.29426928251661,0.8276935937562067,0.16316459820489282,0.31031942005732055,0.0113097670279994,0.009086434797181683,0.0014549258257953723,0,1,48.39944129444201,0.5882783882783882
2.2,0.8353468489685828,0.17736355611080293,0.29737050560990436,0.45328285160927057,0.08855231174589394,5.836454565220298,6.280323800606083,0.8361424261350795,0.16588173641144888,0.31192257602150236,0.011171921954679693,0.008953467742659687,0.0012761800139716173,0,1,48.424502533488784,0.5238095238095238
2.22,0.8440004338321638,0.180023430500537,0.29912632799703665,0.4509917160129484,0.08672984908576935,5.778510154915418,6.209347247752551,0.8427577162110086,0.16802099368902684,0.31349453998801663,0.011034223512720629,0.008606457210935092,0.0017693437578032434,0,1,48.436473860373226,0.5721611721611721
2.24,0.8525663321414739,0.18267262220753017,0.3008375073916575,0.44432741605324005,0.0842230882338876,5.657346345879788,6.07263169567863,0.8501789962951336,0.1704336304270778,0.31503515476177674,0.010896939994106498,0.007867557709071873,0.004882425641781485,0,1,48.483345800081246,1.6117216117216118
2.2600000000000002,0.8609666585348293,0.18528613214027023,0.30249759758955325,0.4356944227407187,0.0820019181400628,5.571562022349603,5.983326453369004,0.8583750038332617,0.17311192756556892,0.3165442662825891,0.010762609572881799,0.009880684239077077,0.0025253031846553253,0,1,48.53879620331945,0.8461538461538461
2.2800000000000002,0.8692289387313156,0.18787160324865643,0.30412622587786625,0.43093019918145703,0.08066418293639335,5.553149474216575,5.956115954891569,0.8672953840568816,0.17604165879608494,0.31802172364055914,0.010632142529286124,0.00921989038528192,0.0008822061427007921,0,1,48.55332667894099,0.37875457875457874
2.3000000000000003,0.8774419347627569,0.1904562287950244,0.305721524645259,0.4310658396722152,0.07842139221646795,5.602384689632577,5.98639730980144,0.8768719479639676,0.17920238763606397,0.3194673790911824,0.010505418037932476,0.008077873027232027,0.004013076571356966,0,1,48.630752406882635,1.4586080586080585
2.32,0.8856942251766051,0.1930674760047101,0.30726002569495015,0.43557725954381576,0.0755977212923331,5.710973242083988,6.083738285222345,0.8870203669282336,0.18256792581318926,0.3208810880701184,0.01038189980286737,0.008374882516761663,0.007109300658026618,0,1,48.887619536148804,2.3289377289377287
2.34,0.8940663707244743,0.1957306243228563,0.3087550292738488,0.44417838946676,0.07418473822192345,5.892576442699729,6.267590876802858,0.8976422618748305,0.18610694246026493,0.32226270920764744,0.010260799772884025,0.011062900837218781,0.011859943997885092,0,1,49.44154913773477,3.231501831501831
2.36,0.9026344215744618,0.19847012848857234,0.31023580551510677,0.45632768752409225,0.07367412899854645,6.173584766682361,6.503343874906318,0.9086276353359765,0.18978370962502752,0.32361210434280707,0.01014133420572486,0.01244324749460813,0.02068925448680864,0,1,50.33830829559259,4.06153846153846
2.38,0.9114463723351299,0.2013019373144891,0.31169935309428376,0.4700510045983497,0.07277455161786366,6.5809885823974135,6.824418179324518,0.9198575863536267,0.19355896595405858,0.3249291385372083,0.010023017313636907,0.018963703276483994,0.03735030388885041,0,1,51.51178740856121,4.432234432234432
2.4,0.9205192559498293,0.20423219206993085,0.313151819289711,0.484094302259948,0.07249085153036755,7.01030661320483,7.220503591371818,0.9312072413305789,0.1973908772134302,0.3262136800885292,0.009905578794378474,0.03220514653842442,0.05545195552118404,0,1,52.77562752707479,4.271062271062271
2.42,0.929855242808461,0.207262377273934,0.3145995889288315,0.49815062169711405,0.07227674030844065,7.266241680437997,7.508189454240268,0.9425488287123684,0.20123606964782692,0.32746560054368506,0.009788893080357412,0.048077075874005906,0.06055008499433939,0,1,53.85278831431203,3.65054945054945
2.44,0.9394540387218643,0.21039320795596836,0.31604310348590847,0.5121984527613775,0.07206317803182934,7.302172579980385,7.578871607023124,0.9537548219354932,0.20505071012787554,0.3286847747116736,0.009672772932901075,0.05550673137328799,0.04915649456319887,0,1,54.6778818410772,3.239560439560439
2.46,0.9493150719757891,0.21362530472001331,0.3174820242957733,0.5261965525008456,0.07175822946238208,7.222589455119343,7.497598576281374,0.9647010734849516,0.20879160564984048,0.3298710806760941,0.009556935845451905,0.05678898093288427,0.02913172023095767,0,1,55.36021685680892,3.0219780219780215
2.48,0.9594289488467951,0.21695631295247766,0.3188972513271262,0.538723713064052,0.06934297692206415,7.1622921705724805,7.502403074575215,0.9752698632024157,0.21241729407298288,0.3310243998073386,0.009441082079512749,0.052634878495655076,0.011623365344076153,0,1,55.98923526116556,2.98974358974359
2.5,0.9697516102516326,0.22037206257066508,0.32028244665676925,0.5487152162286595,0.06915651552282819,7.25476165980623,7.600015120675948,0.9853527861659513,0.21588909802958645,0.33214461677445517,0.009325042940404218,0.04575778965433539,0.008531646206145105,0,1,56.54862166448009,2.6271062271062267
2.52,0.9802411909307351,0.22385912410708353,0.3216552197277775,0.5564705131011982,0.0678568119195441,7.325934689369801,7.661200236517394,0.9948534094674912,0.21917211472365603,0.3332316195566805,0.009208813969546543,0.037878982411091826,0.005867382866250215,0,1,56.941263847151056,2.0227106227106226
2.54,0.990843330402443,0.22739958905437418,0.3229932817708963,0.5603647000664543,0.06557318163251494,7.336473674029956,7.657612137409762,1.0036896329451699,0.22223611583007613,0.33428529945464225,0.009092445639004389,0.03510525263234229,0.0023297299959701423,0,1,57.11614254591233,0.9267399267399268
2.56,1.0014666061767423,0.2309626139251531,0.32427705215328534,0.5589796816918146,0.0628602121705605,7.282670836623774,7.593550975370976,1.0117956962420214,0.22505633388112076,0.3353055511012287,0.00897622501273043,0.02992487328515914,0.001406798851397828,0,1,57.143964210219444,0.4109890109890109
2.58,1.0120141982726225,0.23451503957527997,0.32551382016005703,0.5527808838417303,0.06069825215634694,7.168873667132271,7.467121245364008,1.0191237832798534,0.22761411432814208,0.3362922724721254,0.008860454782175987,0.02610057112342818,0.0042794583491355676,0,1,57.17108767759291,1.3941391941391938
2.6,1.0223997001723375,0.23802693021138302,0.3267063557158119,0.541974052085645,0.05842967354697252,6.974808799591679,7.254410156895126,1.0256451851427122,0.22989741582278442,0.33724536489601753,0.008745471492982253,0.022677471701780298,0.008994928292435311,0,1,57.3479114989242,2.5948717948717945
2.62,1.0325313325582322,0.24146618393875677,0.32785188251108954,0.5266336019087968,0.0561328153583089,6.711614688942307,6.967413352509105,1.031350993214826,0.23190114508902013,0.3381647330644569,0.008631738934710649,0.021498927597550666,0.014742835388692699,0,1,57.78049267776408,3.4168498168498163
2.64,1.042340951258733,0.24480844173699212,0.32895852627933525,0.5084609191973418,0.054709013633538965,6.3207912757617315,6.534968211833207,1.0362523059471562,0.2336273169567663,0.3390502850413928,0.008519561810503545,0.023542385276207292,0.028733015900223702,0,1,58.554626930051434,4.327472527472527
2.66,1.051790359748113,0.24803954408923,0.33004973500081936,0.4892061844798728,0.05445282471819485,5.709848558163739,5.852985011364875,1.040379944552209,0.23508503459170285,0.3399019322723656,0.008409176648965865,0.028095988268668104,0.06057834532396422,0,1,59.70672491716,4.956043956043956
2.68,1.0608714158107964,0.25115574467355006,0.33113728133329656,0.46991594744220144,0.054294243910714815,4.886795659331218,4.953063779993943,1.0437836849567745,0.2362902895686764,0.3407195895933618,0.008300777753554044,0.054227151079202576,0.1087520702856915,0,1,61.18663415477536,5.447619047619046
2.7,1.069584400775994,0.2541562197459268,0.33222166702355,0.45063683900323614,0.0541365150140259,3.9762805566603636,4.000208444765143,1.0465310251827697,0.23726558607787018,0.34150317523933066,0.00819457459102049,0.09929471391405165,0.16090714349851537,0,1,62.77992634106695,5.189743589743589
2.72,1.0779297984900094,0.25704022066293436,0.33330290249232775,0.43136897363227034,0.053979244400383215,3.150014735646355,3.218717432271558,1.0487055186881993,0.23803939810268224,0.3422526108523607,0.008090837219517776,0.15612297860386729,0.20022122264797632,0,1,64.20704960445643,4.867399267399267
2.74,1.085908092948774,0.2598070035360169,0.33438099689142964,0.4121123448545207,0.053822430669604765,2.4682925394900845,2.6419957685314834,1.0504047148062927,0.23864547274687647,0.34296782148951493,0.007989897917384702,0.22171066427962616,0.22418892404188437,0,1,65.41798958168738,4.520879120879121
2.7600000000000002,1.0935197679344009,0.2624558290869417,0.33545595934589745,0.39286694625485924,0.05366607249440945,1.953465681107734,2.1800896853856684,1.0517377570126802,0.23912199690209876,0.3436487356303259,0.007892147404913796,0.2910239086573448,0.2395567736248719,0,1,66.46664442060803,4.126007326007326
2.7800000000000002,1.1007653070060393,0.2649859626266904,0.33652779895426393,0.37363277158128144,0.053510168551374346,1.5296231648520267,1.7271537694720211,1.0528226980945832,0.23951064802945865,0.3442952851839468,0.007798026890284214,0.3600183592244504,0.254263170895641,0,1,67.4800556827578,4.246886446886446
2.8000000000000003,1.1076451934932872,0.2673966740352888,0.3375965247886298,0.35440981492895757,0.05335471752092112,1.0480800457671366,1.1787091543289399,1.0537835981895431,0.23985555288572144,0.34490740549596105,0.007708016323573291,0.43046738876462476,0.2761440246832621,0,1,68.61554578151272,4.657875457875457
2.82,1.1141599104948585,0.2696872377435419,0.3386621458947409,0.33519807113659955,0.053199718087304976,0.4831539324994164,0.5152164861871801,1.0547474769369916,0.2402021804743821,0.3454850353548476,0.007622619354149599,0.509214196886108,0.306664781109149,0,1,69.89861403822013,4.819047619047619
2.84,1.1203099408883879,0.2718569327187905,0.3397246712920643,0.31599753663967495,0.053045168938603414,-0.011573451619197556,-0.052496534598793415,1.0558411945162278,0.24059619727882733,0.3460281169981019,0.007542345582335439,0.6000547029510813,0.3300133588329191,0,1,71.06337200640331,4.126007326007326
2.86,1.1260957673640537,0.2739050424592508,0.34078410997386477,0.29680821130618623,0.05289106876670516,-0.19515121738928656,-0.2275590275497056,1.057188338044153,0.24108231389070614,0.3465365961180122,0.0074676907714845975,0.6881143570441055,0.32392444143808813,0,1,71.81790331088968,3.054212454212454
2.88,1.1315178725092465,0.275830855006787,0.3418404709072812,0.27763010238469527,0.052737416267299136,-0.04376369759001293,-0.01013111752434689,1.0589061896350493,0.2417031524520673,0.34701042186709025,0.007399115739494276,0.7589803793287975,0.2884100452898081,0,1,72.23834395383128,2.361172161172161
2.9,1.1365767390028028,0.2776336629993303,0.3428937630334023,0.25846323299081686,0.05258421013986335,0.2649956129859616,0.3390763251793288,1.0611028503881779,0.24249816387488837,0.34744954686315593,0.007337024677855183,0.8026178024894816,0.24302350852894125,0,1,72.55432962433869,2.3450549450549447
2.92,1.1412728500444342,0.27931276380865594,0.34394399526734193,0.2393076603397355,0.052431449087653945,0.5058284926007635,0.5874232750755475,1.063874590717736,0.2435026225963317,0.3478539271940757,0.007281743651065896,0.817060641009435,0.20521289003572368,0,1,72.93990846631978,2.8285714285714283
2.94,1.1456066902889632,0.28086745986191336,0.34499117649831523,0.22016351489280656,0.052279131817694204,0.6059638563353011,0.6417404266528329,1.0673034918688686,0.2447467247020731,0.3482235224221533,0.007233500009793163,0.8143175175318356,0.18196601793920597,0,1,73.45226037057297,3.150915750915751
2.96,1.1495787478633823,0.28229705935856,0.3460353155897133,0.20103108433888867,0.05212725704075783,0.7049887315117767,0.7094099950947133,1.0714554363098021,0.24625481265194973,0.34855829558817397,0.007192403408780423,0.802872659975527,0.1577295135445292,0,1,73.94043270770621,2.6673992673992672
2.98,1.1531895187044472,0.28360087783733834,0.3470764213791362,0.18191099354078127,0.05197582343852933,1.0487326584353636,1.0227763338768443,1.0763784961292036,0.2480447466382249,0.3488582132151002,0.007158429057620552,0.7744058710288054,0.11507817495333854,0,1,74.23733058759714,1.8937728937728937
3.0,1.1564395192712225,0.28477824280251923,0.3481144878765699,0.16280866499328622,0.05180819402076722,1.6923224037042597,1.6299785937969653,1.0821017588091724,0.25012743887919575,0.34912324531141903,0.0071314037475441044,0.7123371759084091,0.05040382732245961,0,1,74.36492572953159,1.2087912087912087
3.02,1.1593638666203971,0.2858410064020333,0.34906885890427714,0.15029811792323378,0.0440782856046896,1.8554520740877953,2.082875792112341,1.08863461902659,0.2525065629957331,0.3493533653741418,0.0071109154960745866,0.5769337414266206,0.002764338101758107,0,1,74.42301187611986,1.0234432234432234
3.04,1.162128899051917,0.2868487127855595,0.34995365682088947,0.14343150395023307,0.043252941247387766,1.7689242012601563,1.9707652043236814,1.0959665537208554,0.2551784461430045,0.34954855039145405,0.007096221103693966,0.4697508303479577,0.003842172462960647,0,1,74.4819567025132,1.3780219780219778
3.06,1.1647618684742203,0.2878108639520505,0.35077763228525677,0.13758949318769115,0.038884793380668074,1.7400191338376885,1.9204118565597597,1.1040673858332526,0.2581321468899989,0.3497087808450166,0.007086939092344896,0.3911806933894539,0.0009467146880361155,0,1,74.51480555870776,0.37069597069597066
3.08,1.1673273706273255,0.28875064272944173,0.3515122641494871,0.13677997419492763,0.034218288594134935,1.7899765839451838,1.941919829510962,1.1128880301612727,0.26134971707688986,0.34983404071191765,0.007082597552727606,0.3147705186067184,0.003969744433846789,0,1,74.55742974313463,1.3538461538461537
3.1,1.1699271459150535,0.28970501264735155,0.3521470755438082,0.14144592130834793,0.028942405820982085,1.9284809815765342,2.039397206016177,1.1223617029722244,0.26480664115843033,0.34992431746627495,0.007082792424672767,0.25574777464238097,0.008689209415878724,0,1,74.77873663467125,2.5948717948717945
3.12,1.1726600784406678,0.29071007624635753,0.35267194173029415,0.1510077389780095,0.02361346899273793,2.1783423984161727,2.224699488493471,1.132405565672387,0.2684724419831576,0.3499796020804882,0.007087169520917612,0.2193438671083547,0.016854500011823648,0,1,75.33930858488716,3.7311355311355308
3.14,1.1756078054912835,0.2917957379532205,0.3531085181167289,0.16410804370119464,0.020485425098140553,2.6504490025928873,2.528343091349896,1.1429227622077358,0.27231143768175337,0.3499998890261421,0.007095394474134953,0.19182318585782238,0.038567862261918606,0,1,76.37022563655349,4.827106227106226
3.16,1.1788133711418216,0.2929778789731992,0.3535138802574147,0.17829416935942882,0.02017510499248662,3.4544401424809252,3.107924454785029,1.153804800239045,0.2762836304546923,0.349985176274559,0.007107170490518863,0.1977118737827784,0.08462211127521302,0,1,77.94062198115553,5.52014652014652
3.18,1.182285414929679,0.2942598833307115,0.35391681927913793,0.19253268445153598,0.02011615027236078,4.45336650071867,4.003282744341564,1.16493421772299,0.28034570466034975,0.34993546529700176,0.007122272041770661,0.22943640388197653,0.14529187165411278,0,1,79.93633390739983,5.802197802197802
3.2,1.186023959791303,0.29564199839079913,0.35431858683209505,0.2067617289357834,0.02005771134838581,5.437401323906186,4.999793982856715,1.1761874695470065,0.28445210879819105,0.3498507610645268,0.007140517541079888,0.275134848278639,0.20485433551337384,0,1,82.02128957729116,5.6490842490842486
3.22,1.1900287537847867,0.2971243698659112,0.35471918722033136,0.2209817678202596,0.019999442201005968,6.205952994842053,5.876939262974858,1.1874379634794663,0.28855619383048886,0.34973107204748666,0.007161778799741705,0.32187564235475663,0.2482646008110855,0,1,83.84552542197083,5.076923076923077
3.24,1.1942995530327083,0.29870714517217056,0.35511862383456294,0.23519311348975622,0.019941342329845003,6.744245741067971,6.531793119860049,1.198559171039814,0.2926113788460765,0.3495764102146834,0.007186000040043555,0.36043198421089845,0.2744141721330121,0,1,85.34666036279313,4.609523809523809
3.2600000000000002,1.1988361184988998,0.3003904722524467,0.35551690005564,0.2493959447819278,0.019883411243142884,7.195161341035788,7.024274760800152,1.2094277370548756,0.29657231437822124,0.34938679103217135,0.0072132164714581335,0.3937220012693828,0.29401900393195346,0,1,86.69343739070942,4.4080586080586075
3.2800000000000002,1.203638214049712,0.3021744988696755,0.3559140192545913,0.2635903649968151,0.019825648450568164,7.512204467421114,7.309878023985182,1.2199265116927174,0.3003960137635288,0.34916223346171077,0.007243571801998791,0.41938220869351733,0.30359184326537636,0,1,87.80643937819356,3.65054945054945
3.3000000000000003,1.2087056053574514,0.3040593722089638,0.35630998479265225,0.2777764347017372,0.019768053463213833,7.458244416171959,7.218285184507627,1.2299474306537408,0.3040429237675837,0.3489027599588716,0.007277334018559579,0.43825217425004914,0.2853478266691703,0,1,88.49171772274262,2.5545787545787544
3.3200000000000003,1.214038059279983,0.30604523865449546,0.3567048000212939,0.2919541902833185,0.019710625793593232,7.078976021952744,6.756978975859335,1.2393941729043116,0.30747790728356916,0.34860839647078784,0.007314908824746227,0.44570817413213243,0.24271403026392002,0,1,88.86780583109594,2.111355311355311
3.34,1.2196353435095966,0.3081322436653992,0.3570984682822508,0.3061236544410161,0.019653364955635865,6.571330172355952,6.170968257552926,1.248184530771029,0.3106711131908165,0.34827917243356304,0.00735685020026261,0.43796158538734414,0.19046024782725113,0,1,89.15229275344983,1.9260073260073256
3.36,1.2254972263741581,0.31032053170764706,0.3574909929075281,0.32028484212018293,0.01959627044889889,6.0390391341021346,5.622497358333656,1.2562524342414263,0.3135987113812836,0.34791512076932657,0.007403867639724396,0.4182761234334907,0.13636638432276793,0,1,89.43311627508213,1.9904761904761903
3.38,1.2316234765402507,0.3126102461483482,0.35788237640452203,0.33443764682611066,0.019538857141964634,5.533571236313007,5.136492629033722,1.263549579768311,0.31624347444686945,0.3475162778829414,0.007456829735484248,0.3812618083884284,0.0842925787543381,0,1,89.73771441604886,2.1999999999999997
3.4,1.2380127665251415,0.3150011148633052,0.35826777787633424,0.34813896744588774,0.017653149487812957,5.08668974398909,4.807759243585054,1.2700466235441021,0.3185951914781122,0.347082683658364,0.007516747187788482,0.33088799258176804,0.036716861755978436,0,1,90.08777749689635,2.3289377289377287
3.42,1.2446292480737775,0.3174795338265113,0.358521090397635,0.3582257462127306,0.009149435377034472,4.853148437072743,4.895139705165681,1.2757339098627074,0.3206509037518198,0.3466143814546553,0.0075839724408970546,0.27014030509351566,0.007498779289361657,0,1,90.4609733106695,2.3047619047619046
3.44,1.2514047689248151,0.320019092091632,0.3586982568511779,0.3651858855578374,0.00753587677651859,4.930865763625893,4.945003557904635,1.2806217165599354,0.32241495666869013,0.3461114181016455,0.007657839936293683,0.21948132608355586,0.006060863301643127,0,1,90.76055353261249,2.0146520146520146
3.46,1.2582855793465813,0.32259927554429546,0.3587963286129875,0.3688768855201686,0.0009069387260659402,4.962184781959532,4.9284654367852765,1.2847400113416698,0.3238988670225742,0.34557384389525075,0.007738324500113577,0.17639766249867972,0.0034592914847488276,0,1,90.90471537021517,1.2410256410256408
3.48,1.2651938609880191,0.32518993509968075,0.3587228837931675,0.3679601736368173,-0.0086893080786128,4.937763855371366,4.856917114662754,1.288137724783608,0.32512100941794864,0.3450017125924437,0.007824439704230387,0.14484869173920906,0.0020404215021743166,0,1,90.9399779194949,0.693040293040293
3.5,1.2720453155826847,0.32775800344766287,0.35846008997745515,0.36234486890024964,-0.01774584571237123,4.840848723672625,4.712433994483923,1.2908815576248267,0.3261061302784197,0.3443950814058779,0.007914505270572216,0.11665328743014876,0.005540608628604948,0,1,90.99323262997119,1.8212454212454212
3.52,1.278745922937172,0.33026689347187993,0.35802535571293037,0.3517228587478192,-0.026017713724630805,4.676478786875079,4.486351372680844,1.2930543513905601,0.32688470228682664,0.34375401099816644,0.008006601426992402,0.09595205517869282,0.010303140189076077,0,1,91.2054255500168,2.8849816849816845
3.54,1.2852092166349027,0.3326831543782507,0.3574271677290479,0.3369371143106207,-0.03364096554059693,4.4415198482526455,4.173450850437151,1.294753062088335,0.3274921361530442,0.3430785654758159,0.008098937597543189,0.07901216927942636,0.017536517075120994,0,1,91.68036678405282,3.7311355311355308
3.56,1.2913683725207508,0.33498107390154314,0.3567047921277955,0.31921367377776183,-0.03804233549520632,4.106708210474592,3.674280450569799,1.2960863864638732,0.3279678702144373,0.34236881238281563,0.008190100379622181,0.06968895020431078,0.036414596240937736,0,1,92.51675876268801,4.649816849816849
3.58,1.2971826745994874,0.3371453621904209,0.35593652504451634,0.300173270179535,-0.038538981239855795,3.6005842777992503,2.8875840106188617,1.297172098840459,0.32835436144350294,0.34162482269388345,0.008279439487601542,0.08595450571845381,0.07628206294754777,0,1,93.76137473749762,5.302564102564102
3.6,1.3026397989852319,0.3391719153611922,0.35516668966977105,0.2809949616334719,-0.038434337183240255,2.874255788825468,1.950538661675895,1.2981341636882435,0.3286960038892779,0.3408466708073683,0.00836708587761009,0.13077727950409396,0.12740203794296412,0,1,95.29060923153169,5.383150183150184
3.62,1.307738876791951,0.3410610467996849,0.35439906410335953,0.2618261180713731,-0.03832268730347794,2.022103535569223,1.0954554309219353,1.2990996946033082,0.32903800235167296,0.34003443453781035,0.008453306972777828,0.21819256120368297,0.1723856501645672,0,1,96.86543844451754,5.221978021978022
3.64,1.3124799013296229,0.3428133946722118,0.3536336685332676,0.24266855627288583,-0.03821135703931557,1.3313553806144258,0.5972956692616455,1.3001958341837856,0.3294252301369971,0.3391881951081597,0.008538199866117948,0.32071118442373975,0.19061122324079244,0,1,98.07730564191293,4.174358974358974
3.66,1.316862875087361,0.34442959725946243,0.35287049649438884,0.22352239063852858,-0.03810035019729694,1.1056168015467147,0.5903485608843141,1.3015466312776485,0.32990110004359374,0.33830803714165414,0.008621655315852066,0.41966773072634894,0.17200718203471863,0,1,98.74549427453218,2.941391941391941
3.68,1.3208878054750197,0.34591029134548495,0.3521095415271988,0.20438787193428903,-0.037989665839797106,1.3621942219608767,0.9454872188826948,1.3032699921938498,0.33050647727339194,0.3373940486533568,0.00870334450487056,0.48258909034734215,0.12625829400852545,0,1,99.05793005988349,1.8212454212454212
3.7,1.32455470869044,0.347256113638759,0.35135079685992837,0.1852656317999241,-0.037879645640347216,1.9550113393929407,1.4885793926877287,1.3054747807110416,0.33127866177265686,0.33644632104135497,0.008782709936120094,0.482156516694377,0.0664250446766785,0,1,99.21192842255513,1.6358974358974359
3.72,1.3278715855128604,0.3484706027478615,0.3505612605650288,0.16832111929633675,-0.04549615272238548,2.2996405993849915,1.9714977974693597,1.308258138127385,0.33225046560699556,0.3354649490776199,0.008859075222962124,0.4144988626462078,0.011814515468881542,0,1,99.36585247823021,2.0468864468864467
3.74,1.3309315051005235,0.34958794336454696,0.3495814977684774,0.15692100646643675,-0.05126525187926532,2.147280232636142,1.867263615662692,1.3117030892572588,0.33344940842374227,0.33445003089853037,0.008932592342827715,0.33396778778148406,0.007135837434674441,0,1,99.58344985321008,2.2886446886446885
3.7600000000000002,1.3337781865178895,0.35062413088301686,0.3485201088555468,0.14617141229740802,-0.05568640377462501,2.051696320801135,1.7416906664932297,1.315876493324888,0.3348970509181444,0.3334016679950583,0.009002566751292459,0.28025339092447815,0.004964195593237047,0,1,99.75975774312133,1.7084249084249081
3.7800000000000002,1.336456164435897,0.35159553833825835,0.34734637969785465,0.13957986602483785,-0.06236426719001055,2.0290511876665502,1.6831883870732973,1.3208273902996035,0.3366084825822773,0.33231996520262064,0.009068400961622876,0.24259420757266303,0.0014915262282385322,0,1,99.81442439940011,0.5641025641025641
3.8000000000000003,1.3390609636601911,0.3525367336397957,0.3460270085582622,0.13831716766650679,-0.06992553510433253,2.071052162500403,1.6846750363815688,1.3265857835668493,0.33859197597407753,0.33120503069059504,0.009130162441537474,0.20490421711530443,0.00372589285120023,0,1,99.8500752716876,1.2732600732600732
3.8200000000000003,1.3416867961430112,0.3534813884448792,0.34455748005872905,0.14214565818346506,-0.07711952112118373,2.2058462280394107,1.772482414481695,1.3331618891679502,0.34084881540525575,0.33005697595150363,0.009187819577742288,0.17627136815079875,0.008640099906465831,0,1,100.04772592446564,2.5868131868131865
3.84,1.3444373235556901,0.3544661192349626,0.34295175350833895,0.15114562808580523,-0.08334179543823823,2.4203440543419856,1.9325090495369854,1.340545870429838,0.3433733034254081,0.3288759157898637,0.009241448243279438,0.15520782796186508,0.01454523485657841,0,1,100.53773419195808,3.465201465201465
3.86,1.3473916206703311,0.3555182652044272,0.34124086271245285,0.16353378073081834,-0.08726924631084147,2.7975116553610135,2.2030182780261636,1.3487080649218344,0.34615294389395934,0.3276619683107071,0.009290733285458397,0.1343235435321265,0.029698436622197788,0,1,101.42757698748342,4.488644688644688
3.88,1.3506001345883643,0.35665467026955133,0.33948977359725957,0.1776272156008959,-0.08758842914808396,3.4989260770245516,2.6976358809028365,1.3575996986105132,0.3491687959013924,0.3264152549077701,0.009335011922656872,0.1393045925059989,0.06815043863780948,0,1,102.8484436130735,5.399267399267399
3.9,1.3540785049099524,0.35787980615825415,0.3377403769547588,0.19186561438408098,-0.08733671609638625,4.428693968499164,3.508817353915065,1.3671540701307145,0.352395988444256,0.32513590025135425,0.009373332592482133,0.17012315998354013,0.12369245719504296,0,1,104.70664709220006,5.584615384615384
3.92,1.357827692090039,0.35919297367549163,0.3359960541936338,0.2060950919221849,-0.08708299660648373,5.370066419820465,4.46983101659571,1.37728817654362,0.35580438168734524,0.3238240322758589,0.009404684321767647,0.21958424445001218,0.18011412020911807,0,1,106.71755799212653,5.5926739926739915
3.94,1.3618478327510524,0.3605931899599513,0.3342567988198072,0.2203155445156142,-0.08683001400665498,6.174072473144082,5.356339052065668,1.3879047410946979,0.3593593569657927,0.32247978216698836,0.009428173971743593,0.26433454092360814,0.2262421883089275,0,1,108.56945495663611,5.165567765567764
3.96,1.3661390657976085,0.36207947849108146,0.33252259611255597,0.23452729282757123,-0.08657776634014569,6.775998250594249,6.042677165617041,1.398894593581794,0.36302271448342327,0.32110328434863344,0.00944306642468753,0.314929546342419,0.2572228003623698,0,1,110.13183741004603,4.649816849816849
3.98,1.3707015308196542,0.36365086846891226,0.330793431393507,0.24873052040214266,-0.08632625147192036,7.234854365544684,6.5330058131018465,1.4101393452405266,0.3667536550322229,0.3196946764694288,0.009448814271804834,0.35373886608956423,0.27748156923404366,0,1,111.46685955000311,4.254945054945054
4.0,1.3755353661329952,0.36530639408923066,0.32906929002692864,0.26292533320160333,-0.08607546727314529,7.658971267287716,6.948650123139763,1.4215142927649214,0.370509820056542,0.3182540993889886,0.00944508485298183,0.38572860288007277,0.29514317306307775,0,1,112.75952897423677,4.472527472527473
4.0200000000000005,1.3806407076854288,0.36704509413314085,0.32735015741960743,0.27711179329952174,-0.08582541162117127,8.045139348595098,7.3061263555358416,1.4328914803863912,0.3742483630631417,0.31678169716382026,0.009431783767608271,0.4093882552721021,0.3099668296370881,0,1,113.97861797901713,3.989010989010989
4.04,1.3860176884526343,0.368866011733506,0.32563601902072403,0.2912899379349799,-0.0855760823995155,8.18642957924442,7.455724046041396,1.4441428449751927,0.3779270247647697,0.3152776170329195,0.009409074040110928,0.42758321863612087,0.3064328248524436,0,1,114.91476648856951,3.344322344322344
4.0600000000000005,1.3916664381111257,0.37076819424088475,0.3239268603217305,0.3054597902900459,-0.08532747749784372,8.095541528988173,7.409712465586028,1.4551433670047977,0.3815051844521625,0.3137420094030459,0.00937739023312004,0.4395024185125815,0.2854936036594768,0,1,115.61975317851523,2.98974358974359
4.08,1.3975870828679144,0.372750693145418,0.3222226668562275,0.3196213655872181,-0.08507959481195239,7.929985251562348,7.239473636559585,1.465774149985633,0.38494486090975777,0.31217502783368284,0.0093374469321684,0.44103357967801005,0.25896240526568703,0,1,116.2285381513366,2.933333333333333
4.1,1.4037797453787966,0.37481256403016794,0.3205234241998412,0.33377467454007387,-0.08483243224375074,7.805165255038702,7.09872152525441,1.4759253526387615,0.38821163769777467,0.3105768290216814,0.009290241175741742,0.4331630886404793,0.23549455746151615,0,1,116.88074843262049,3.2153846153846146
4.12,1.4102445447167258,0.3769528665421185,0.318829117970102,0.34791972530664,-0.08458598770124323,7.814673960312389,7.121829729624558,1.4854989016041487,0.3912754897736017,0.30894757278559093,0.009237048569665613,0.42425120483120354,0.22210948405355296,0,1,117.69134414638839,3.6344322344322344
4.14,1.4169815963684533,0.37917066437307356,0.3171397338263222,0.3620565245955219,-0.08434025909851162,7.957301964973655,7.231832134724616,1.4944109177784266,0.3941114911578685,0.30728742204967735,0.009179413000899556,0.41122919152479137,0.21871647354878498,0,1,118.61674797267155,3.706959706959707
4.16,1.4239910122470814,0.38146502524608455,0.315455257469475,0.3761850782924686,-0.08409524435569751,8.056464394346103,7.332556457551897,1.5025937963261242,0.39670038658949913,0.3055965428276307,0.009119130047989275,0.3996483660667169,0.2120716548559065,0,1,119.50439191905488,3.457142857142857
4.18,1.431272900713534,0.38383502090494515,0.3137756746420735,0.3903053918154052,-0.08385094139898455,7.905818534743222,7.16237173541988,1.5099978888382262,0.39902901377093264,0.3038751042059644,0.00905822436859901,0.38510867126753934,0.1866993194245294,0,1,120.1093884728865,2.4014652014652014
4.2,1.438827366602978,0.3862797271053665,0.312100971128046,0.40441747031478575,-0.08360734816422602,7.3384485118785125,6.554469268818051,1.5165927458180188,0.4010905667805973,0.3021232783271058,0.008998921523461633,0.36195694428863306,0.13008077192489975,0,1,120.37226597834818,1.3377289377289374
4.22,1.446654508327539,0.3887982226633244,0.31043112016128516,0.4185174645052167,-0.08338023982901999,6.4715092777635075,5.71288933704222,1.52236788842035,0.40288469541798905,0.30034124037218307,0.008943614829808438,0.3226513827791223,0.05100348575953256,0,1,120.48582105607312,1.015384615384615
4.24,1.4547163726120418,0.39137723517830736,0.3086821337428004,0.4260252686865648,-0.09051814080681107,5.954996500560547,5.5022581440256415,1.5273330898945943,0.40441743953580805,0.29852916854350664,0.008894209912500752,0.2633088544387588,0.003842538868652434,0,1,120.59970789142461,1.402197802197802
4.26,1.4628665765109987,0.3939684399105855,0.3068826588288634,0.4298339529185479,-0.09044665256304762,6.036319446380694,5.561314414500023,1.5315181592021638,0.4057010016901768,0.2966872440467494,0.008850581807945374,0.2133800766076135,0.005705141573025041,0,1,120.79118062704364,1.966300366300366
4.28,1.471106385511683,0.3965716965491978,0.30504114013752603,0.4336186533276256,-0.09422450728313624,6.060964911658252,5.563682458333885,1.5349722315021017,0.4067533655918167,0.294815651072826,0.00881469287027585,0.17474151421448952,0.003051058662947359,0,1,120.9440106725788,1.1443223443223443
4.3,1.47938409403285,0.3991698226417337,0.30311080453943645,0.43277113967433384,-0.09928884945422045,6.020290840094131,5.493789890613286,1.5377625823234715,0.4075977717601307,0.2929145767794742,0.008787459100958852,0.14202822414254276,0.0018720164820355545,0,1,120.97774353376705,0.6205128205128204
4.32,1.487601830726099,0.40173126934765707,0.3010714939613127,0.4267024735445122,-0.10462634445594673,5.911009788426903,5.35855363101212,1.5399729939730051,0.40826206536737375,0.29098421127253904,0.00876878115290933,0.11533392880518346,0.004931945771973312,0,1,121.02023286008895,1.6358974358974359
4.34,1.4956654128060627,0.4042262350576402,0.2989355442176597,0.4159203096016111,-0.10905326116577353,5.729729053303098,5.145467688100864,1.5417017137722164,0.4087779344200636,0.28902474758696284,0.008758248834350679,0.09712023159554518,0.009290113372549313,0,1,121.21813923218618,2.691575091575092
4.36,1.5034866707805457,0.4066275982146688,0.29671430765033974,0.40082323135014347,-0.11310939028538475,5.473513503957847,4.828510023637422,1.5430590538074969,0.40918005908005517,0.2870363816674809,0.008755348723068946,0.08097839017619471,0.01719419542311368,0,1,121.69906263620811,3.7311355311355308
4.38,1.5109931260893354,0.408913799936557,0.29442363260047993,0.3826456330664854,-0.11548447335973713,5.088689629482776,4.3486321561411865,1.5441646907602455,0.409505195012878,0.28501931234902855,0.008759511390813405,0.07249530425211831,0.034556171417546355,0,1,122.55353937166979,4.488644688644688
4.4,1.5181449562673222,0.4110740095238214,0.292114548612976,0.3634652692702737,-0.11531956712383687,4.487038237787401,3.59251915372014,1.5451447318415803,0.409791215116268,0.2829737413368565,0.008770447739315474,0.08368642630059701,0.07211561498773428,0,1,123.81880604029769,5.294505494505494
4.42,1.5249336765583759,0.4131074704368581,0.28981133072718956,0.34424839992693484,-0.11498519445948677,3.674413866723011,2.644860120666986,1.5461286187020626,0.41007613479446076,0.2808998731863615,0.00878819616541407,0.12240110349919964,0.12403670392960842,0,1,125.38947152349841,5.415384615384615
4.44,1.5313587263294033,0.4150159104092689,0.28751480183690165,0.32504258442070194,-0.11465115401563854,2.784981122192549,1.7382339320892553,1.5472459452747909,0.41039714608850497,0.27879791528263026,0.008812585227652367,0.189149016027847,0.17289132025103646,0,1,127.00056657816441,5.141391941391942
4.46,1.5374197709883577,0.4168011173836614,0.2852249445340089,0.30584797750149556,-0.11431808386249796,2.1198648555143627,1.1588853389170861,1.5486232677367024,0.4107896854522478,0.27666807781970165,0.008843079649434576,0.27869053537776445,0.19721114114883947,0,1,128.22299876084242,4.085714285714285
4.48,1.5431164851455288,0.41846487235507884,0.2829417394373597,0.286664582269427,-0.11398598130298535,2.00494326723139,1.1745781077487332,1.5503809850801562,0.4112865587980609,0.2745105737795469,0.00887877365760352,0.36170145717127183,0.17691388774070477,0,1,128.81399053598187,2.377289377289377
4.5,1.5484485522045264,0.4200089492647445,0.2806651672217962,0.26749241285940356,-0.11365484352871517,2.4580383368485554,1.7162881145754134,1.5526303671639545,0.4119171456631317,0.2723256189107724,0.008918395708808494,0.40562459418229496,0.11717638399579167,0,1,129.00040110318125,1.3619047619047615
4.5200000000000005,1.5534156658656857,0.4214351154477535,0.2783952044125086,0.24833302581045827,-0.1133295803548546,3.1794611277128535,2.4613265599199528,1.5554708035965743,0.4127067020193802,0.270113431707044,0.008960321202606187,0.3878994186745705,0.04220091354903946,0,1,129.07673850688013,1.249084249084249
4.54,1.558047807983249,0.4227536757080859,0.27608778015653945,0.23459194438093967,-0.1176402836999609,3.361028324387005,2.7566505502443586,1.5589873414777038,0.413675778435234,0.2678742333852387,0.009002818350403206,0.3211720405353718,0.005491499209620221,0,1,129.19235536250014,1.845421245421245
4.5600000000000005,1.5624670691778955,0.42400044644095847,0.2737197486839034,0.22389090242895637,-0.1198605492739547,3.2226050448413006,2.5913476343722346,1.563248573015156,0.41483976707538783,0.2656082478633226,0.009044583789454061,0.25747258833621056,0.006766325488987396,0,1,129.37653147080022,2.1838827838827837
4.58,1.566680478534866,0.4251782464939905,0.27128146819933857,0.2139422098506229,-0.12426236053388376,3.136809388812495,2.4873764567161305,1.5683049255123855,0.4162085874852015,0.26331570173795976,0.009083311752117906,0.20960475464726672,0.0037791270954752043,0,1,129.50590872669287,1.3296703296703296
4.6000000000000005,1.5707432626433941,0.4263030685917861,0.26875602691228356,0.2084969332609178,-0.12820498988146192,3.114466831466955,2.45162856388168,1.5743081630484683,0.4178187728151661,0.260996824261852,0.009116860367175858,0.17393900820452993,0.0007291310216260283,0,1,129.53388640684264,0.25787545787545785
4.62,1.5747534344289373,0.42740225768846946,0.26616033095718344,0.208523746909554,-0.13200504094407323,3.178510683162332,2.484546769581516,1.583006207710555,0.42013047824855154,0.25865184732081475,0.009140762199931401,0.14159925664898934,0.004783596548247004,0,1,129.6010635559359,1.6358974358974359
4.64,1.5788184618108578,0.42850493748297047,0.26347136171678853,0.2138763490766502,-0.1367898844725398,3.315942292133326,2.5939142640978243,1.5917096804625324,0.4224216622631317,0.25628100541058796,0.009152319409295331,0.11941620418495431,0.00882924478356667,0,1,129.86727788789568,2.6432234432234427
4.66,1.5830326246916606,0.4296357049858552,0.2606988658108212,0.2236792140366838,-0.14032808873537997,3.5561086182721615,2.7905955813856225,1.6004185913331959,0.42469208794068086,0.2538845356133868,0.009151906003886209,0.10660787725269864,0.016366595474006096,0,1,130.46721094896853,3.706959706959707
4.68,1.5874746680141976,0.43081427231533465,0.2578715916566676,0.23686052459152585,-0.14204941658881948,3.966043768437374,3.110547617367312,1.6091329481811047,0.4269415201388285,0.25146267757419416,0.009139985011037514,0.09178200360579723,0.03360336888940152,0,1,131.50086770631458,4.577289377289377
4.7,1.5921867382306623,0.43205018534288664,0.2550322191765127,0.25101787304970513,-0.14178868669214867,4.686908181445875,3.6891259978779085,1.617852756690111,0.42916972552178806,0.2490156734767955,0.00911700657518629,0.09635798927984097,0.0735603900872272,0,1,133.04376940072115,5.471794871794871
4.72,1.597176962942429,0.4333439437917813,0.25220035608497926,0.2652112727525609,-0.14137703850871328,5.636209682595812,4.537363975682254,1.6265780203657498,0.4313764725911714,0.24654376801956163,0.009083415163341454,0.12105168966770594,0.13064281612546946,0,1,134.99225622161453,5.681318681318681
4.74,1.6024457332832516,0.4346940318909839,0.2493767190540869,0.2793963912132752,-0.1409663276789953,6.44989008466837,5.3803933599535165,1.6353087405324975,0.433561531716879,0.2440472083909782,0.009039692014705626,0.1591533153392584,0.17756176287784342,0,1,136.81628197773293,4.980219780219779
4.76,1.6079932327326563,0.43609888872671393,0.24656128489933202,0.29357319869633725,-0.14055680998375822,6.815972388629377,5.858143409250818,1.6440449163318998,0.4357246751680576,0.24152624424492772,0.008986368116635519,0.20196455228337562,0.19091893655395198,0,1,138.04866377611796,3.706959706959707
4.78,1.6138196368875048,0.43755696002276595,0.24375402979077296,0.3077417167746653,-0.1401484819679678,6.7635484831836985,5.891869699757583,1.6527865447215724,0.43786567714411156,0.23898112767572388,0.008924023903764998,0.23319043897374495,0.17289620789019822,0,1,138.77322974228323,2.8608058608058604
4.8,1.619925113525845,0.43906669814001503,0.2409549299676706,0.32190195976089025,-0.13974134017554257,6.522316518623206,5.692068190484347,1.6615336204750812,0.43998431380576264,0.2364121131929028,0.008853288486190096,0.2536950411732524,0.14072092450249707,0,1,139.2989473219682,2.6271062271062267
4.82,1.6263098225824664,0.44062656205457584,0.23816396173827709,0.3360539378498367,-0.13933538116990818,6.359892349214256,5.529172315374803,1.6702861361826982,0.4420803633061424,0.2338194576957718,0.008774838867353677,0.2550074943050719,0.11446426591894987,0,1,139.89376232881585,3.1750915750915745
4.84,1.6329739161704022,0.44223501734826054,0.23538110147819832,0.3501976588471133,-0.13893060170750596,6.431883457392322,5.583032475732614,1.6790440822530375,0.44415360582191044,0.23120342044772024,0.008689399152069156,0.2454385734806053,0.10579678613288473,0,1,140.72254799347655,3.7875457875457874
4.86,1.6399175386285334,0.44389053620575325,0.23260632562868233,0.36433312933714784,-0.13852699824735407,6.703523211752204,5.834611270641396,1.6878074469155728,0.4462038235843851,0.22856426305029268,0.008597739744695194,0.23491310502761753,0.11211098187727014,0,1,141.78165592031232,4.142124542124542
4.88,1.647140826587002,0.4455915974161259,0.2298396107063808,0.37846035520400545,-0.13812456704686848,7.046438458740256,6.160938905672106,1.6965762162240379,0.44823080091067624,0.22590224941702977,0.008500676537608005,0.2316902876879353,0.12377886146260869,0,1,142.9284060026616,4.1098901098901095
4.9,1.6546439090356757,0.44733668637494045,0.2270809332967252,0.3925793417554891,-0.1377233048876469,7.302780791244213,6.425808647625543,1.7053503740607114,0.4502343242348096,0.22321764574707625,0.008399070090036678,0.22965826532063668,0.128961789659174,0,1,143.98031137201664,3.771428571428571
4.92,1.6624269073980924,0.44912429508734747,0.22433027005055395,0.4066900940982368,-0.137323208422621,7.384358330144184,6.544694190624227,1.7141299021415863,0.4522141821388282,0.22051072049856227,0.008293824797321853,0.22879258561492127,0.12104537106227892,0,1,144.84329214536587,3.3201465201465195
4.94,1.6704899356089289,0.4509529221717026,0.22158759768572886,0.42079261718414207,-0.13692427435786325,7.341467264665997,6.512867459332586,1.7229147800224176,0.45417016538386284,0.2177817443617566,0.008185888050788926,0.22017508004760472,0.1038018155378137,0,1,145.56211512748243,3.1106227106227107
4.96,1.678833100184631,0.45282107286127343,0.2188528929620744,0.43488691405926294,-0.13652650561582164,7.274856645250256,6.419361140881581,1.7317049851056614,0.456102066941157,0.2150309902319991,0.008076249388289963,0.20927902854114322,0.08478729826750009,0,1,146.24163628213665,3.1670329670329664
4.98,1.6874564998352348,0.4547272589011254,0.21612613092316113,0.44897288813239405,-0.13613027982241732,7.25870977461942,6.352786376738098,1.740500492648289,0.45800968202303444,0.21225873318241015,0.007965939630032426,0.19503715416174366,0.06956559179780308,0,1,146.96505619701597,3.376556776556776
5.0,1.6963602140466938,0.45666999591902563,0.21340723859118862,0.4630488893226291,-0.13574212524386822,7.315088690707504,6.3907272122497965,1.7493012757704889,0.45989280811379896,0.20946525043638475,0.007856029820436334,0.17926110235135756,0.05979175868409864,0,1,147.78574355621464,3.5780219780219773
5.0200000000000005,1.7055442673918568,0.4586477946837688,0.21069595265689195,0.4771124035517852,-0.13537143057514855,7.4216269574554445,6.521154047413566,1.7581073054652419,0.4617512450005512,0.20665082133986942,0.007747628959798025,0.15795839800865774,0.0537890464480949,0,1,148.6831127070903,3.6344322344322344
5.04,1.7150086281920647,0.4606591593694422,0.2079918259883014,0.4911579316465953,-0.13503848335473687,7.499789038087823,6.6163964292771675,1.7669185506087817,0.46358479480391146,0.20381572733342865,0.0076418810060032635,0.14088013766696308,0.04566893437259145,0,1,149.53540307147702,3.3684981684981676
5.0600000000000005,1.7247525633217151,0.46270244481936706,0.20529182100564883,0.5050721170199272,-0.13515157561674845,7.504834504108822,6.644032113202486,1.7757349779719267,0.46539326200863707,0.2009602519241003,0.007539952181380285,0.1260608993384973,0.03211167142105231,0,1,150.3063068458573,3.304029304029304
5.08,1.7347686382719727,0.46477451908546363,0.2025704559285331,0.5182259759051455,-0.1374067939937437,7.509758283712282,6.7404469340030975,1.7845565522322824,0.4671764534941183,0.19808468065704596,0.007442889263750928,0.111539236753701,0.018898604514464346,0,1,151.05606440914516,3.2637362637362637
5.1000000000000005,1.7450383625115062,0.4668697125568103,0.19980738310452353,0.5303466542616715,-0.13861857224651772,7.602809153121725,6.884768406625037,1.7933832359873187,0.4689341785647429,0.1951893010869958,0.007351332934461706,0.09152001162875305,0.013526503495619457,0,1,151.7985344717015,3.2879120879120873
5.12,1.755544410405233,0.4689828129394776,0.1970269311772677,0.5416067077319295,-0.1399945672061376,7.7333798717339235,6.986917313926144,1.8022149897683115,0.47066624898011483,0.19227440274949428,0.0072659547030553984,0.07801939757022779,0.011797814878948598,0,1,152.46931876312215,3.1025641025641026
5.14,1.7662630507547485,0.47110745161310624,0.1941927933766802,0.5514178708756401,-0.1435976623297707,7.850188828926745,7.092920262116897,1.8110517720551436,0.4723724789851146,0.18934027713194598,0.007187310589317178,0.06591498707309264,0.010062735451209393,0,1,153.03760227714872,2.8849816849816845
5.16,1.7771700897231928,0.47323695201210236,0.19128911838291637,0.5599066730619676,-0.14694299244145348,7.938331647454876,7.172746793835489,1.8198935392919693,0.47405268533978734,0.1863872176444674,0.007115473345394105,0.05603605201987287,0.0075490319332719436,0,1,153.49286813799685,2.4256410256410255
5.18,1.7882310604846694,0.47536283533208723,0.18832071693142458,0.5665090932488522,-0.15003539494044624,8.017304903881298,7.2393707693741325,1.8287402459037256,0.475706687349046,0.1834155195905466,0.00705033974275501,0.04497531382855083,0.006282049503560261,0,1,153.83396734810998,2.1435897435897435
5.2,1.7994152295290633,0.4774776604720245,0.18529049494277922,0.5716018009904204,-0.15333537722594964,8.075539894845212,7.279163213777253,1.8375918443134982,0.47733430689217704,0.18042548013751245,0.006991749981504862,0.039316835145407805,0.004929969450040206,0,1,154.08412576098738,1.7809523809523808
5.22,1.8106888619277468,0.4795736548401778,0.1821867989241474,0.5750099088761624,-0.15729338032723697,8.119738992170184,7.30306315947536,1.8464482849607238,0.47893536845213414,0.17741739828681868,0.006939379790082581,0.03397457759554141,0.0040847732744263565,0,1,154.25741658571607,1.5230769230769228
5.24,1.8220238830246651,0.48164424296390723,0.17900092463193837,0.5769948231056301,-0.16155747086916197,8.141752511521991,7.303638764674347,1.8553095163202329,0.48050969914460623,0.1743915748441435,0.006892691434855988,0.029858223504281477,0.0029406957933784117,0,1,154.3710600499673,1.1523809523809523
5.26,1.833389092957281,0.4836824787450692,0.17572974171379907,0.577550751957891,-0.16541277071059388,8.149226520474322,7.2978849088299755,1.8641754849221228,0.4820571287468486,0.17134831238930984,0.00685096865069745,0.026121380601915517,0.0022128106426703154,0,1,154.4411319181216,0.9025641025641025
5.28,1.8447632756667862,0.4856835675412958,0.17239389124494447,0.5769098986776567,-0.16836354835738274,8.13254248729511,7.2657941175710254,1.8730461353724512,0.4835774897262616,0.16828791524602688,0.0068135542295393245,0.022421089615852912,0.001041713681573686,0,1,154.47740087925334,0.4835164835164835
5.3,1.8561137300512407,0.48764114734908076,0.16899919726491414,0.5745199385376477,-0.17086426716300893,8.093127110325721,7.220033261948131,1.8819214103747481,0.4850706172687045,0.16521068945145892,0.006779864155175442,0.02029739582281979,0.0005532331305662108,0,1,154.48514294911772,0.10476190476190475
5.32,1.8674120770536444,0.48955004743324837,0.1655644759355734,0.5710944130427185,-0.1735111679655501,8.057112726918634,7.156977199606047,1.8908012507523375,0.48653634930653095,0.1621169427256208,0.006749375866608884,0.01705060216456777,0.0013540011588104583,0,1,154.48649836349938,0.3948717948717948
5.34,1.8786436767215404,0.4914076208602079,0.16205040852179073,0.566796940694151,-0.17744948626054877,7.991360213446795,7.082151800468171,1.8996855954714582,0.4879745265463327,0.15900698444060726,0.006721516878289681,0.01578670388038777,0.0019201532695339862,0,1,154.48712546201094,0.6043956043956044
5.36,1.8897837351326368,0.4932095306199572,0.15848118829130356,0.561491088969395,-0.17976043722058252,7.928796365052919,7.004840425532644,1.9085743816651775,0.48938499249637846,0.1558811255896549,0.006695425230548025,0.015242113642438783,0.0019735739825360588,0,1,154.48718635918382,0.6205128205128204
5.38,1.900825351454751,0.49495483090330633,0.15486172507173646,0.5559277527067489,-0.1817793470325666,7.847249571023711,6.922073817409605,1.9174675446580867,0.4907675934937348,0.1527396787560442,0.006670540575536085,0.01561965499751695,0.002234140464840939,0,1,154.4886734637611,0.7172161172161171
5.4,1.911754897212759,0.4966417533554283,0.1512198118416418,0.5496272221667784,-0.1828206133091577,7.766511975639501,6.829549783112739,1.926365017991777,0.4921221787310547,0.1495829580818404,0.00664639031343782,0.01318378909687706,0.0026750719045830484,0,1,154.49553643958305,0.8703296703296701
5.42,1.9225623527558664,0.4982694015878922,0.14754326981154983,0.5427815877759927,-0.18495341437224183,7.672303837337413,6.72383787909334,1.9352667334510727,0.49344860028302245,0.14641127923648062,0.006622649834542491,0.013286887011849829,0.0033525981132662697,0,1,154.51298068784345,1.1040293040293039
5.44,1.9332320952797555,0.4998359990266571,0.14382557404741633,0.5353384384237029,-0.18650256475985483,7.574760508900167,6.626074068658439,1.9441726210910253,0.49474671313244045,0.14322495938520605,0.006598780407398249,0.012939660708375251,0.002947395969947586,0,1,154.53655602521758,0.9750915750915748
5.46,1.9437612575110483,0.5013418851710087,0.14009116119177825,0.5278146385221008,-0.18724999334002862,7.473505547335276,6.515633381304224,1.95308260926465,0.49601637519594527,0.1400243171573468,0.006574341999785547,0.011450879062038274,0.0035646361896785606,0,1,154.5648627123149,1.1765567765567764
5.48,1.9541415070412702,0.5027868302973199,0.1363316554514109,0.5198037926449727,-0.18864654852441257,7.367032853679441,6.4044418098155,1.9619966246513962,0.49725744734934135,0.13680967261445826,0.006549024027246726,0.01091109440811798,0.0036278126891717832,0,1,154.6027213842155,1.2007326007326007
5.5,1.9643669858380008,0.504170945814383,0.13255086270572486,0.5117771711602582,-0.18914804058882548,7.261323389590232,6.3024663202798274,1.9709145922863425,0.49846979345253667,0.1335813472183161,0.006522401580025657,0.009409094870821554,0.0031540694273943792,0,1,154.639167361775,1.0476190476190477
5.5200000000000005,1.9744415926037253,0.5054958607404009,0.12877022464803162,0.5039860178721317,-0.18938509739720336,7.161944844665185,6.193131484934889,1.9798364355901,0.4996532803740713,0.13033966379876935,0.006494195232715147,0.008195117334834518,0.0035179879965464567,0,1,154.67310981597066,1.1684981684981683
5.54,1.9843660440789783,0.5067627988685218,0.1249677831210753,0.49610187013602036,-0.19078575016477622,7.057245848410174,6.084118172041722,1.9887620763994205,0.5008077780152237,0.1270849465214589,0.006464163948540304,0.008645900714896128,0.003543714701583711,0,1,154.71076497058505,1.1846153846153844
5.5600000000000005,1.9941378905435057,0.5079724008415539,0.12114481395080447,0.4883086010620491,-0.19122137207720227,6.956672007900149,5.987573984446697,1.9976914349984862,0.5019331593336842,0.12381752085539993,0.006431875175158836,0.0073989727915748016,0.002908491533878399,0,1,154.74404723940634,0.9750915750915748
5.58,2.003765716259143,0.5091268174049637,0.11732547739123425,0.48120224872090533,-0.19071475966024237,6.867338617666919,5.900502623906085,2.0066244301508807,0.5030293003667815,0.12053771354043649,0.006397023210384153,0.006803251273696062,0.002428747592502889,0,1,154.76450388297926,0.8139194139194137
5.6000000000000005,2.01326231684371,0.5102287669032536,0.11351633183021403,0.4743225386913718,-0.19002235375702486,6.765371558145938,5.804949382278315,2.0155609791322155,0.5040960802542522,0.11724585255456663,0.0063594747227689805,0.007939531147789537,0.0030239190442611363,0,1,154.7864005487454,0.9992673992673992
5.62,2.022620957778947,0.5112786771436837,0.10972584420984434,0.46737681311550233,-0.1891980211762958,6.684040777409183,5.72393432724656,2.0245009977634103,0.5051333812605409,0.11394226708114599,0.006319200122905143,0.010725247424482384,0.0021341145485140878,0,1,154.80465550428417,0.709157509157509
5.64,2.0318576260443533,0.5122795088998466,0.10594492640894443,0.4615504631649706,-0.18863069674882532,6.607840834253756,5.6549272360145295,2.0334444004446093,0.5061410887966173,0.11062728747596882,0.006276078896731564,0.010913351417832598,0.0018022329782157454,0,1,154.80967103489058,0.5802197802197802
5.66,2.0409869482050813,0.5132338756185372,0.1021833514705808,0.45601423902955174,-0.18776465512167326,6.531539354573352,5.578158920824801,2.0423911001897097,0.5071190914413043,0.10730124523423303,0.006229994783487154,0.00906843793232179,0.0019770354945737867,0,1,154.81368017489496,0.6608058608058607
5.68,2.0500083105327707,0.514142707863121,0.09842878736309686,0.4506995969812265,-0.18763504976469042,6.469865937772855,5.518112590405102,2.051341008661512,0.5080672809620963,0.10396447295739134,0.006180926797793306,0.011280391686644652,0.001190493245552704,0,1,154.81644327651338,0.37875457875457874
5.7,2.058938407968359,0.5150085015860122,0.09468041554451477,0.44643242745988393,-0.18688187473178064,6.413928135400779,5.471086263414672,2.0602940362074467,0.5089855523354675,0.10061730431989054,0.006128656897286997,0.011252213381527267,0.0008953735038638722,0,1,154.81644327651338,0.25787545787545785
5.72,2.0677925053097694,0.5158335307472836,0.09095707921185796,0.44264485613660504,-0.18562635331166782,6.363065978665893,5.422642863229978,2.0692500918958947,0.509873803766653,0.09726007403580536,0.006073102690006187,0.013539057389946058,0.0006839148658799865,0,1,154.81644327651338,0.19340659340659336
5.74,2.0765758017297657,0.5166190664724307,0.08725147449322448,0.4391608402750352,-0.18459592647562714,6.316747998100722,5.386633957407146,2.0782090835530522,0.5107319367088916,0.09389311782536626,0.006014327293204752,0.011483287238744304,0.0004779664478501977,0,1,154.81644327651338,0.10476190476190475
5.76,2.0852992336908804,0.5173667876030605,0.08357677134751285,0.43645332584980534,-0.1829801854080163,6.285794211940059,5.360768308539255,2.0871709178003592,0.511559855882124,0.09051677238138879,0.005952346582341858,0.009758969723117166,0.00037053251816182575,0,1,154.81948010112964,0.18534798534798533
5.78,2.0939797108208444,0.5180788134051992,0.07992661808910356,0.43442608488211226,-0.18216789483330006,6.259148196938276,5.3353091379490545,2.096135500092449,0.5123574692911339,0.08713137533560339,0.005887239283343815,0.009060714905159289,0.000398129869931374,0,1,154.82680082968454,0.2095238095238095
5.8,2.102623502995159,0.5187561241767282,0.07628677420492191,0.4325474870923531,-0.18167848926331892,6.233511202477345,5.3141603399380815,2.105102734755612,0.5131246882431206,0.08373726522489384,0.005819065406512657,0.01154378471299657,0.0005334513630335658,0,1,154.83594934885056,0.2498168498168498
5.82,2.111235009460371,0.5193994297504556,0.07266364848344177,0.43111125832329283,-0.18010844340207038,6.213289775500519,5.309943697800467,2.114072525026762,0.5138614273646986,0.08033478145744247,0.005747847839579551,0.01076572796386284,0.001355123258135582,0,1,154.8530507940602,0.5399267399267399
5.84,2.11982718845523,0.5200101677623802,0.06908654005395688,0.4301853246079782,-0.1780677485828984,6.199534844511912,5.29671929546167,2.123044773092883,0.5145676046183097,0.07692426427879093,0.005673734630693886,0.01033154331970448,0.0009469164996644408,0,1,154.87547986899693,0.4109890109890109
5.86,2.1284023893907653,0.5205889843743506,0.06552986663019847,0.42935050009206494,-0.17734477044421465,6.188850409423287,5.293614003619129,2.1320193801309397,0.5152431413180406,0.0735060547378147,0.005597038749663306,0.01343456567762532,0.0013660565637704791,0,1,154.90119152779866,0.5479853479853478
5.88,2.13696896456999,0.5211366959481807,0.06199464934260794,0.42934114582603633,-0.17643006844312073,6.200200578518532,5.304259543638798,2.140996246348234,0.5158879621448385,0.07008049465261969,0.005517853022553205,0.0131579559752584,0.002152184558660619,0,1,154.94819174481188,0.8461538461538461
5.9,2.1455478425473995,0.5216547872876857,0.05846777753859249,0.42996041614965474,-0.17589154936082796,6.197912222170958,5.310784332134781,2.1499752710231967,0.516501995161116,0.06664792657635946,0.005436212672041729,0.01258760685060019,0.0017678031390111482,0,1,155.0018759600059,0.693040293040293
5.92,2.1541352707767896,0.5221430878868338,0.05496502823990082,0.4303493086110764,-0.1743031788504962,6.205375347279846,5.326641249093793,2.1589563525465816,0.5170851718247346,0.06320869376298152,0.0053523467834413726,0.011134191902184285,0.0022663890525523867,0,1,155.05585302470834,0.8703296703296701
5.94,2.162739029435417,0.5226022164564881,0.05149478264843942,0.4313374833418349,-0.17256161869517145,6.215290620503055,5.346911797032303,2.1679393884630653,0.5176374270023624,0.059763140132900856,0.005266530703831032,0.011672149390747916,0.0024676089876703444,0,1,155.12357470279952,0.9428571428571427
5.96,2.171366137163565,0.5230327222927602,0.048061065728151206,0.4325253803109494,-0.17097973023453641,6.230666200863435,5.365729443218877,2.1769242755132145,0.5181586989821982,0.05631161023860951,0.005179119927410672,0.010625236244047709,0.0023904766750282302,0,1,155.19687697038466,0.9106227106227106
5.98,2.180019958670917,0.5234348790065863,0.04464882238806216,0.4339038587794176,-0.1703030732291253,6.250433063123086,5.387200315250543,2.1859109096758167,0.5186489294860521,0.05285444923022034,0.00509048410041193,0.012707549819602289,0.0025210370412800387,0,1,155.27671839013507,0.9750915750915748
6.0,2.1887056660945285,0.5238088639845527,0.04124652068395911,0.43570896089549477,-0.16990470430979912,6.27976663648616,5.418665960010246,2.1948991862105443,0.5191080636807796,0.049392002820953525,0.005000853500407192,0.011797097591352236,0.002991643022105417,0,1,155.37361990492104,1.136263736263736
6.0200000000000005,2.1974343392771156,0.5241549829757092,0.03785384138596755,0.43783593379988456,-0.16903243767606224,6.299271326473112,5.448025338908807,2.203888999700943,0.5195360501890592,0.045924617252564325,0.004910386437885586,0.010845374803384634,0.0028821297767278042,0,1,155.47497624362558,1.0798534798534798
6.04,2.2062027109664486,0.5244729917066091,0.034489122837463186,0.4396662460408162,-0.1675454745153428,6.321925290688353,5.474827064960473,2.212880244097723,0.5199328410995128,0.04245263926072041,0.004819453795422353,0.011111711092112668,0.002779423989134333,0,1,155.5690293992,1.0476190476190477
6.0600000000000005,2.2150096400246846,0.5247628337733623,0.03114683222615459,0.44171275919782016,-0.166692605492819,6.352155456782128,5.508548116184363,2.2218728127623284,0.5202983919761555,0.03897641604032735,0.004728485274925677,0.009258433188100594,0.003099944559642631,0,1,155.67389267137673,1.1604395604395603
6.08,2.2238620079681652,0.5250246203855585,0.027819469030164145,0.4438185032105474,-0.16606158425146875,6.3717675134044445,5.5304025959314025,2.2308665985107687,0.5206326618671788,0.03549629521081065,0.004637776707415797,0.00758380392806035,0.002513392492086819,0,1,155.77334484760374,0.9750915750915748
6.1000000000000005,2.2327502672498776,0.5252579214989223,0.02450227487541064,0.44546084022457116,-0.16576023056626016,6.3968560628406825,5.554698685188024,2.239861493657701,0.5209356133130514,0.03201262478135286,0.004547703748648324,0.006354522568187828,0.0028089206808905587,0,1,155.8636057436115,1.0798534798534798
6.12,2.241675237820888,0.5254625733598943,0.021187177886000053,0.44742427906979615,-0.16560229408297836,6.423754419621627,5.585151387718785,2.248857390060729,0.521207212353945,0.02852575311609419,0.0044584783076574855,0.007545379664104873,0.002926510884878608,0,1,155.96481799947134,1.1040293040293039
6.140000000000001,2.250642071451022,0.5256384750770119,0.017881089572239935,0.44943263191726096,-0.16490435945493528,6.4445668508035086,5.610794434962849,2.2578541791649083,0.5214474285364703,0.02503602889929514,0.004370276804305868,0.011644536138869468,0.002708779001390438,0,1,156.0637829212652,1.0315018315018314
6.16,2.2596457935626484,0.5257853914391679,0.01458928044453238,0.45110150144602973,-0.16473939606362634,6.4694437273202,5.627653969156977,2.2668517520474394,0.5216562349197276,0.0215438011004696,0.004283430040311967,0.011821738173703873,0.0028062928508962304,0,1,156.15319654592759,1.0798534798534798
6.18,2.268681825236273,0.5259030461727577,0.011284926238411234,0.45264087096957206,-0.16517364024074632,6.485604067787393,5.6517123405583165,2.2758499994625208,0.5218336080806625,0.01804941893948712,0.004198149590963926,0.011723971135151048,0.0026205462180434735,0,1,156.23919630048118,0.9992673992673992
6.2,2.2777483210548444,0.5259911583786294,0.00799042836417777,0.45406879579168824,-0.1647787883840656,6.506530379734016,5.664924358612704,2.2848488118863446,0.5219795281187268,0.01455323185165167,0.004114536884362026,0.011662905347526696,0.0026130128953905096,0,1,156.3208522868525,1.0073260073260073
6.22,2.286841929405785,0.5260495495831342,0.004686001831215431,0.4554291571205351,-0.16517705845957498,6.523082505062506,5.6887608113986445,2.2938480795622276,0.5220939786598425,0.011055589452758863,0.004032784730736963,0.010993034345771745,0.002611544841682467,0,1,156.40301655510814,0.9992673992673992
6.24,2.295964897476109,0.5260780041067993,0.0013916170687390966,0.4569337158114735,-0.16454738574687747,6.544090559678943,5.707141609144485,2.302847692545835,0.5221769468596639,0.0075568415041335855,0.00395295755747895,0.009629683881469592,0.0026090728725404744,0,1,156.48818815088325,1.015384615384615
6.26,2.3051169519312675,0.5260764171737654,-0.001903370152397597,0.4582002926258868,-0.16515295402764993,6.558515172486309,5.715629534238818,2.311847540750491,0.5222284234061397,0.0040573378776553965,0.003875270292880875,0.009606401434804067,0.002309284045332871,0,1,156.56367656478574,0.9186813186813186
6.28,2.3142900258339827,0.5260445301832005,-0.005216291085082051,0.45934418244316955,-0.1659743453878048,6.580493786536297,5.736865725790436,2.320847513992558,0.5222484025213691,0.0005574285207703898,0.003799782402787542,0.009498489921327869,0.002657725923369769,0,1,156.6427791927693,1.0476190476190477
6.3,2.323491583568224,0.5259820086769671,-0.008538432653495676,0.46070551051683983,-0.1664047497616566,6.594099302822452,5.745768605258798,2.3298475020368556,0.5222368819627546,-0.002942536578502016,0.0037264080049994653,0.009454183315751544,0.002235034740129316,0,1,156.72053251800546,0.8945054945054943
6.32,2.3327121337252987,0.5258886738033093,-0.011874239659888125,0.46132235518393716,-0.1670624676643593,6.598851823236116,5.74964659538737,2.338847394642099,0.5221938630234505,-0.0064422074265688325,0.0036552097589873218,0.008783487441569178,0.0018496627025432755,0,1,156.77837364242626,0.7575091575091575
6.34,2.3419409195645855,0.5257644255362304,-0.015218388154430293,0.46172647407273293,-0.16748922076796247,6.608676726036596,5.755161755862957,2.347847081606347,0.5221193505321039,-0.009941234059261325,0.0035861813154824695,0.008636616747816286,0.0021013284340988814,0,1,156.83378885466558,0.8461538461538461
6.36,2.3511797068798543,0.5256090872921045,-0.018575493415145892,0.46230565771199245,-0.16821576111274247,6.6176438332441885,5.761164945018179,2.356846452812428,0.5220133528518918,-0.013439266576832382,0.003519255108582275,0.007775491360264208,0.0020566351699006225,0,1,156.89259337872502,0.8300366300366299
6.38,2.3604290004315334,0.525422451632148,-0.021946287274087543,0.4627900207853,-0.16905026476297713,6.6257999053656995,5.762510053723306,2.3658453982733327,0.5218758818788519,-0.01693595517894495,0.0034543336542673542,0.008224579092808685,0.002025421812161754,0,1,156.94832595740667,0.8219780219780218
6.4,2.369685726075,0.5252043585004349,-0.02533915348595132,0.46321135412275793,-0.17020981623425108,6.635428354037267,5.767580365218761,2.3748438081775407,0.5217069530395128,-0.02043095019965303,0.003391298349254461,0.00800617459621708,0.002105907345529401,0,1,157.00436327913334,0.8461538461538461
6.42,2.3789510997243837,0.524954514731314,-0.028750037628467548,0.4635217103824519,-0.17051782251483408,6.631377030483536,5.768504345682376,2.3838415729342737,0.5215065852878162,-0.02392390214236672,0.003329954732004068,0.007826300619329958,0.0015145018215448336,0,1,157.05366506913523,0.6205128205128204
6.44,2.388216252812946,0.5246730658879493,-0.03215441985579437,0.4635355244285586,-0.17023951355653957,6.637654904065677,5.770418459356435,2.3928385832186536,0.5212748011013449,-0.02741446171480285,0.003270285051116078,0.011454056301441978,0.0019430858006246332,0,1,157.10023006131502,0.7897435897435896
6.46,2.3974846925060698,0.5243599174336983,-0.03556381842112909,0.46382454297439446,-0.17030401997647016,6.637083109274007,5.776587067776602,2.401834730016731,0.5210116264768462,-0.030902279863912658,0.003212287674796786,0.010600427163283702,0.0017772509043800233,0,1,157.1509700450219,0.7172161172161171
6.48,2.4067560105107844,0.5240150618263343,-0.038962558670785415,0.46382543581551033,-0.17024183144290156,6.638226983558364,5.766337965476539,2.4108299046703867,0.5207170909250636,-0.03438700781078804,0.0031559598001738554,0.012862716346911761,0.0016956399772156683,0,1,157.1937183886089,0.693040293040293
6.5,2.416020567824119,0.5236388545959303,-0.04238298783843799,0.46323674731401865,-0.17122920244556286,6.6227643490045365,5.756559768957008,2.4198239989220633,0.5203912274648719,-0.037868297085537926,0.003101303809790884,0.01169544379150116,0.0010387838224138468,0,1,157.22375377208152,0.4432234432234432
6.5200000000000005,2.4252677040085375,0.5232316550304107,-0.04580057257522061,0.4624864347273456,-0.1707857641683389,6.619155311777883,5.7504573908806496,2.4288169049593247,0.520034072616725,-0.04134579956213623,0.0030481469638553673,0.011344479442963412,0.0015009184640111806,0,1,157.25402760160193,0.6285714285714284
6.54,2.434503329703357,0.5227933385031659,-0.049218760970981656,0.4619758342330569,-0.17080066557334975,6.606058357929594,5.741329863612718,2.4378085154592144,0.5196456663954158,-0.044819167493232885,0.0029964250973339088,0.012821809152017005,0.0010760319968334264,0,1,157.2851650933618,0.4593406593406593
6.5600000000000005,2.4437233546318726,0.5223241959768792,-0.052629889451409215,0.4613197099370773,-0.17059771202673923,6.604037836319557,5.735136794380372,2.4467987236323934,0.519226052302155,-0.04828805354492954,0.002946086471944873,0.010556922671623864,0.001569562501808952,0,1,157.31703257433642,0.6527472527472528
6.58,2.4529329338031998,0.5218240638437792,-0.05604884520996742,0.4608617625720121,-0.17138691150297036,6.596344894575223,5.722421113370021,2.455787423267046,0.5187752773159716,-0.051752110831511475,0.0028970447634393084,0.01025082613044691,0.0013005913355652043,0,1,157.34959250643007,0.5479853479853478
6.6000000000000005,2.4621272989577774,0.5212931516077811,-0.05948492072611506,0.46007996789395866,-0.17212356021541708,6.58692625098044,5.711589902166267,2.464774508772518,0.5182933918844409,-0.055210992950137025,0.0028491080294362208,0.010553552186734164,0.001236024488645071,0,1,157.37718672046313,0.5318681318681318
6.62,2.471304977876423,0.5207315079279751,-0.0629288862792395,0.4594622605812872,-0.17194276156738905,6.578454372957088,5.709691284857404,2.473759875222687,0.5177804499137436,-0.05866435401547641,0.00280204905137198,0.011145793016681251,0.0014337104808219703,0,1,157.40882299213723,0.5882783882783882
6.640000000000001,2.4804715224602347,0.5201389024210755,-0.06635763201980935,0.45907770102645945,-0.17106361547869917,6.572156283346545,5.704951409991413,2.4827434183990316,0.5172365087580653,-0.0621118486943012,0.0027557759746011674,0.017019836466069506,0.001331933283578557,0,1,157.44364270997954,0.5641025641025641
6.66,2.489628072130084,0.5195154649309096,-0.06977653425156416,0.4587140510812753,-0.17101184527125093,6.570053815945365,5.699769877203304,2.491725034833387,0.5166616292083365,-0.0655531322400161,0.0027103421042413505,0.015687935469638745,0.0015477345130893716,0,1,157.47975656487296,0.6446886446886447
6.68,2.498776734741198,0.5188611159977893,-0.07320115446501403,0.45852565076223994,-0.17139424438293183,6.56949267731192,5.6985708608043995,2.5007046218503635,0.5160558754803265,-0.06898786052713445,0.0026656723060101374,0.01513669266345742,0.00162139360339697,0,1,157.51997812856072,0.6688644688644687
6.7,2.5079200242498203,0.5181756471487347,-0.07663018072622575,0.45815884328500917,-0.17144869973132304,6.557169529941433,5.687127946343464,2.5096820776094173,0.5154193152020903,-0.0724156900856899,0.0026216191417884572,0.013121513842172722,0.0010536185116469254,0,1,157.5530026219044,0.4593406593406593
6.72,2.517046354930483,0.5174599789847255,-0.080056182456112,0.4572666488590781,-0.17082451274170446,6.542213874355205,5.680555565831499,2.5186573011465474,0.51475201940078,-0.07583627813558286,0.002578125288489774,0.011794163974209407,0.0012316759992082038,0,1,157.57829815802896,0.5076923076923076
6.74,2.526153753318615,0.5167144801381479,-0.08345934196533741,0.45651847991332095,-0.1696673095229537,6.532492688758303,5.67265905091103,2.5276301924156,0.51405406248883,-0.07924928262085909,0.002535183410473938,0.010373009439345356,0.0011816829341905755,0,1,157.6062432293574,0.5076923076923076
6.76,2.535244901475035,0.5159392295123592,-0.08684892893613205,0.4558560082441089,-0.16939620095434776,6.523626657951895,5.663230522616893,2.5366006523291764,0.513325522249517,-0.08265436224391394,0.002492853082578115,0.009013824258427627,0.001230712920957111,0,1,157.63527544435928,0.5238095238095238
6.78,2.544319782953837,0.5151343834446328,-0.09023767126231506,0.4551471797550108,-0.16949571786033604,6.5140472628272015,5.652862380739734,2.5455685827990995,0.5125664798219086,-0.08605117649962295,0.0024510739511504486,0.010426421914301657,0.0012021785635654703,0,1,157.66336765019986,0.5157509157509157
6.8,2.5533774590699374,0.5143001084264086,-0.09362877249635401,0.4544572795791803,-0.1696078032672005,6.506286011224362,5.6448120341320145,2.5545338867764498,0.5117770196852057,-0.08943938570939092,0.0024097115217176605,0.010274207388697634,0.0012886886418787546,0,1,157.69247830558572,0.5479853479853478
6.82,2.5624202069301236,0.5134362660181055,-0.09701987569085764,0.45397258902694415,-0.16916824627991234,6.4982227136887944,5.644486694461192,2.563496468291142,0.5109572296424885,-0.09281865105512067,0.002368611467852283,0.010149440895386441,0.0015058798508286175,0,1,157.72601095195643,0.6124542124542124
6.84,2.571452145567997,0.5125426114973861,-0.1003908397843986,0.45351224066182627,-0.1680373023831722,6.487052952020041,5.636294233042087,2.572456232491016,0.510107200803876,-0.0961886346130934,0.0023277199731824615,0.008890290295037257,0.0011369142691329825,0,1,157.75766761597478,0.47545787545787543
6.86,2.58046843515576,0.5116198855493451,-0.10374446225829166,0.45283703981376466,-0.1670989186592564,6.475652736003497,5.632816587720066,2.5814130856804365,0.5092270275691043,-0.09954899938776188,0.0022871273830937333,0.009506903437464154,0.0013729988104990154,0,1,157.78690324002253,0.5641025641025641
6.88,2.5894693926693697,0.5106683160921154,-0.10707432368384888,0.45217038211387034,-0.16623634438965817,6.465291648968744,5.620139436854782,2.5903669353583907,0.5083168076095381,-0.10289940934544867,0.0022468765225700607,0.008750624341475796,0.001141586124750349,0,1,157.8148129952354,0.4915750915750915
6.9,2.5984512280796324,0.5096885486554084,-0.11039916849607044,0.4513214646531394,-0.16572276945813397,6.449070389801549,5.615192932868176,2.599317690256049,0.5073766418496213,-0.10623952944795026,0.0022069925465513875,0.007844754038703808,0.0013053315090192918,0,1,157.84048628621613,0.5318681318681318
6.92,2.607414303999445,0.5086807598504323,-0.1136961922450131,0.45072172003396255,-0.16423559477846225,6.444303090694045,5.612320777936041,2.608265260373788,0.5064066344477787,-0.10956902568603956,0.002167436181736257,0.008768843962508929,0.0014071013191483406,0,1,157.87233950888495,0.5882783882783882
6.94,2.6163659276625824,0.5076444482884678,-0.1169777374465501,0.45027814552294304,-0.16420359310793123,6.436608529487109,5.599684313411377,2.617209557017659,0.5054068927767786,-0.11288756511286763,0.0021282802679397873,0.00993775768705386,0.0012688114980832221,0,1,157.9041148896058,0.5399267399267399
6.96,2.6253016466676637,0.5065802229963497,-0.12026806848784691,0.4497527334790984,-0.16451569388287646,6.43368829816194,5.600826198096764,2.626150492835271,0.5043775274035665,-0.11619481587725693,0.002089433026666006,0.008085477771004539,0.001567213215905472,0,1,157.9385817620757,0.6366300366300366
6.98,2.6342294476470327,0.5054871453798095,-0.12355140414460812,0.4496063290142629,-0.16367198384608161,6.425808300024285,5.5991178107420385,2.6350879818511,0.5033186520685794,-0.11949044725688733,0.002050688195272921,0.008252782753428835,0.001425183722145451,0,1,157.97680240367325,0.5802197802197802
7.0,2.643148304781396,0.5043655115140085,-0.12681613398241148,0.44942120091407023,-0.16322984922281283,6.430629295394386,5.598349404241864,2.644021939501188,0.5022303836645573,-0.12277412969136693,0.002012065659523457,0.00803326649886057,0.0018623248881742271,0,1,158.01779813052974,0.7575091575091575
7.0200000000000005,2.652064067157776,0.5032146728546539,-0.13008781019858606,0.44945903288561195,-0.16365345948767335,6.426250246418512,5.5970201800430965,2.6529522826672225,0.5011128422148535,-0.126045534815189,0.0019734969549233716,0.008039698526081678,0.0014155782931184469,0,1,158.06024806417196,0.5882783882783882
7.04,2.6609732997253253,0.5020350306840682,-0.1333557919125139,0.4492443979388347,-0.16299986651690523,6.421278070210199,5.59738432518821,2.6618789297099883,0.49996615085126417,-0.129304335490567,0.0019348326442067806,0.006690624307987042,0.001529401088493032,0,1,158.0983546356619,0.6205128205128204
7.0600000000000005,2.669874825867888,0.5008268648994675,-0.13660645231389776,0.4490335521620031,-0.16202271524622402,6.415035700360048,5.596082549097787,2.670801800502174,0.49879043579138427,-0.13255020584014932,0.001896054509406105,0.006301617196268532,0.001456954917113451,0,1,158.13586043373212,0.5882783882783882
7.08,2.678767143413675,0.49959058268363826,-0.13983733334660955,0.4487130439473921,-0.1610115259071968,6.40736357795505,5.593673859359017,2.6797208164605157,0.49758582631550147,-0.1357828212796056,0.0018572090483583463,0.0087431088034346,0.0014046854269015308,0,1,158.17104000764186,0.5721611721611721
7.1000000000000005,2.6876483647086045,0.4983266675850209,-0.14304948780949925,0.44837166019889985,-0.16050934423069044,6.4054447671244334,5.5886270049417295,2.688635900577277,0.49635245474304185,-0.13900185855008607,0.0018183434319259352,0.010526514787572026,0.0015399219316014623,0,1,158.2066925650188,0.6366300366300366
7.12,2.6965202681744826,0.4970349970674295,-0.1462618632580206,0.448235541165615,-0.16028850715349174,6.401852963548428,5.593664545039651,2.6975469774510334,0.49509045640857896,-0.14220699575054588,0.0017793980819331542,0.00938931181896996,0.0017441160715222503,0,1,158.24756695529845,0.693040293040293
7.140000000000001,2.7053887017324576,0.4957147913737903,-0.14945339348396264,0.44853562830989374,-0.15883984317575361,6.407662169755461,5.606105745787508,2.7064539733167754,0.4937999696374173,-0.14539791236993618,0.0017402740697611324,0.009248029699844056,0.002101872827562523,0,1,158.30033094362193,0.8300366300366299
7.16,2.7142633236248,0.49436481839146995,-0.15261694906618448,0.44898674874586314,-0.1573117069131165,6.402617919300681,5.611096771136796,2.7153568160752877,0.49248113572076463,-0.1485742893192539,0.001701062574574222,0.010840404828154277,0.0017347334028886552,0,1,158.3515127753381,0.693040293040293
7.18,2.723136169873463,0.49298652931065623,-0.1557482360179117,0.44892955366962783,-0.15641032109264205,6.404922306877681,5.606805259064251,2.7242554353218176,0.4911340988905036,-0.1517358089634512,0.001661964650566007,0.01002808227961512,0.0017216583385962214,0,1,158.39310948709155,0.701098901098901
7.2,2.7320030491275067,0.4915807261188536,-0.15888288352657567,0.448776243997486,-0.15640086675477755,6.395416246003449,5.608719463964308,2.7331497623740098,0.4897590062935779,-0.15488215515319836,0.0016230171336490305,0.011040850467098458,0.0015938804832447695,0,1,158.43188463776127,0.6446886446886447
7.22,2.7408616469414957,0.49014782877278273,-0.16199370984206712,0.4487965507038555,-0.15487263712232743,6.401272180963145,5.617717858072522,2.742039730299102,0.48835600796600326,-0.15801301325649808,0.0015841192978799927,0.010594351777822494,0.0019580897048258605,0,1,158.47902611723353,0.7736263736263734
7.24,2.7497232229769053,0.48868624565525853,-0.16508468532608134,0.4492692229489848,-0.15429759265256202,6.403923867719284,5.621509594838202,2.750925273940362,0.48692525680651716,-0.1611280701901494,0.0015453314827573157,0.012171252765558102,0.0017085245259746418,0,1,158.53192476548966,0.701098901098901
7.26,2.7585857438851944,0.48719639595364,-0.1681655935960461,0.4493056852322528,-0.15329819649498863,6.393888759343109,5.624341661714641,2.759806329942767,0.48546690854988184,-0.16422701445105448,0.0015066638303611552,0.012853475200536387,0.0016465967303930795,0,1,158.5739501407793,0.6608058608058607
7.28,2.7674405471928942,0.4856799140051528,-0.17121199125313846,0.44915328071418736,-0.1517662750207909,6.395674268565787,5.625206489097214,2.7686828367779124,0.48398112173985114,-0.16730953614736999,0.0014681924138198682,0.016156616246786062,0.00168669717429637,0,1,158.6149939591572,0.693040293040293
7.3,2.776291813102817,0.48413634264498845,-0.1742448634184166,0.4494550359591621,-0.15105483751251456,6.398094723108496,5.6387080925386845,2.7775547347681333,0.48246805770181544,-0.17037532702949476,0.00142999896244947,0.014944023144748398,0.002148490108617007,0,1,158.66729179022417,0.8461538461538461
7.32,2.7851481302856063,0.4825643072655873,-0.17724821287690226,0.44998827117761797,-0.14944338603756427,6.40117428620245,5.6457496043954425,2.7864219661098413,0.48092788051513885,-0.17342408052089572,0.0013920717457895206,0.012421187075467414,0.0018371924991774091,0,1,158.72237092856153,0.7333333333333333
7.34,2.794007328366921,0.4809644145435096,-0.18022827456049348,0.4501301086208896,-0.14843892444221413,6.394887648256048,5.645827927488139,2.7952844748960604,0.47936075698520086,-0.17645549174876402,0.0013545642446199145,0.012389118609295664,0.001510381584741538,0,1,158.76641478675555,0.6124542124542124
7.36,2.802860063478687,0.47933852908738384,-0.18318574066606227,0.4500962811615125,-0.14731467929952302,6.397482246161529,5.652955443477472,2.804142207138157,0.4777668566151555,-0.17946925757450333,0.0013175570629764283,0.013464624897313445,0.0018651661662072438,0,1,158.81119089103643,0.7413919413919413
7.38,2.8117129347401826,0.4776856251440075,-0.18612463220624534,0.45052741466431767,-0.1468050835751836,6.404828657338149,5.658498344553782,2.8129951107867552,0.47614635157742274,-0.18246507662404227,0.0012810643470717335,0.011384080480387734,0.0019417687567586661,0,1,158.86503523022785,0.7816849816849816
7.4,2.8205692228932704,0.47600515013081934,-0.18906177680809078,0.45074953213222974,-0.14663017741788212,6.399127951099488,5.658309180329324,2.821843135751832,0.4744994166849239,-0.1854426493179727,0.0012450311343717188,0.01068826794872873,0.0014833901018671547,0,1,158.91079889520614,0.6043956043956044
7.42,2.8294191610814643,0.4742989831701445,-0.19198628655095268,0.4506155889585068,-0.1460381531315974,6.400812165171023,5.65879067213022,2.830686233921977,0.47282622936207586,-0.18840167790150614,0.0012093842648219569,0.01145656179501584,0.0016980743343163462,0,1,158.95202351292772,0.693040293040293
7.44,2.8382645091476872,0.4725668808649144,-0.19490520072519021,0.4507234932646851,-0.1452076187025127,6.394940928015129,5.667551437480544,2.8395243591828296,0.47112696961555633,-0.1913418664742505,0.0011740389663750825,0.010346438861736218,0.0019323120998331333,0,1,158.99770824743663,0.7655677655677656
7.46,2.8471069864078697,0.47080866528686927,-0.19778666165441428,0.4508635381496157,-0.14329488577323649,6.396572958514661,5.6711871093710435,2.8483574674346652,0.46940182000485403,-0.19426292101979833,0.0011389857627848404,0.011964508470969342,0.0017015233501274651,0,1,159.04449447546045,0.684981684981685
7.48,2.855947923616133,0.4690243742188535,-0.20064609701861605,0.45106154732206466,-0.1423686583285225,6.3947144340673905,5.678033528876053,2.857185516609137,0.46765096561261776,-0.1971645494351295,0.0011043685220231607,0.010763525928925129,0.001841012426058608,0,1,159.0920698358966,0.7333333333333333
7.5,2.8647876071732123,0.4672141220807405,-0.20347920221329968,0.4512901798075787,-0.14113602709198841,6.3977909647352265,5.682996750584663,2.86600846668517,0.46587459401481573,-0.20004646155982028,0.0010702113872531954,0.010716689570269824,0.0017504216337488332,0,1,159.14097279107366,0.709157509157509
7.5200000000000005,2.873627210080876,0.4653778556679265,-0.20629747825188888,0.45147380687395816,-0.14064988345861804,6.396095951394468,5.683998975736137,2.8748262797039916,0.46407289525072076,-0.20290836920506009,0.001036553501385146,0.012673709316187429,0.0015495941633895116,0,1,159.18699191934553,0.6285714285714284
7.54,2.8824625433375433,0.46351653360010264,-0.20910336420928774,0.4515051535831783,-0.13953265927681388,6.392421245877825,5.692094424118884,2.8836389197833068,0.4622460617927322,-0.20574998618246895,0.0010033397256319363,0.011230055912357139,0.0019131334883326634,0,1,159.23165321381353,0.7575091575091575
7.5600000000000005,2.891295206979447,0.46163001197154196,-0.21187482755548806,0.45171232475383916,-0.13780851790858686,6.39384251879168,5.697585553778847,2.892446353130607,0.4603942885160505,-0.20857102833271748,0.0009705838589816672,0.013642420250229955,0.0017902101822058758,0,1,159.280020177969,0.7172161172161171
7.58,2.9001268041785715,0.45971822964928805,-0.21462200484758268,0.4517851830859601,-0.13674096620308085,6.386762664143365,5.697906305009782,2.9012485480556074,0.45851777266821375,-0.2113712135539412,0.0009383970387452994,0.011813245220402115,0.001538573368358831,0,1,159.32285361020374,0.6205128205128204
7.6000000000000005,2.9089503306487066,0.45778291162301665,-0.21734408169994254,0.45159487332455694,-0.13552805097032883,6.384409761353838,5.69952013003893,2.910045474981816,0.4566167138385127,-0.21415026182995173,0.0009068217320881732,0.00962927020985702,0.0016194661127252874,0,1,159.36248139759266,0.6527472527472528
7.62,2.917767261216507,0.4558239623945804,-0.2200457750998239,0.45162221509141415,-0.13444287827700327,6.381584440462454,5.704765350354038,2.918837106457222,0.454691313927295,-0.21690789525823714,0.0008758652912519772,0.01242201341653573,0.001779333057769339,0,1,159.40647856151958,0.709157509157509
7.640000000000001,2.9265801560680305,0.45384101986891007,-0.22272257325859818,0.45168577644266245,-0.13368092991106045,6.384009750063876,5.7026506791951475,2.927623417164114,0.4527417771151719,-0.21964383807775278,0.000845525723014729,0.014443514609344002,0.0017155781290267291,0,1,159.45076680768156,0.701098901098901
7.66,2.935388258342827,0.45183438393618114,-0.22539888659990312,0.45168382290678544,-0.1331807696057663,6.375934239778527,5.710095726787454,2.936404383928016,0.4507683098321397,-0.22235781669649646,0.0008157413869975582,0.011594219547722408,0.0018777028273692098,0,1,159.4939368816874,0.7494505494505493
7.68,2.9441907154308735,0.44980436812141894,-0.22803779469928048,0.4516898490642854,-0.13085773381997387,6.37313325366277,5.714601994855811,2.945179985725737,0.4487711207266295,-0.2250495597188681,0.000786431757095014,0.012170956586551325,0.0017682699756954579,0,1,159.5377192629995,0.709157509157509
7.7,2.9529884638545756,0.4477511450038611,-0.23064154231026499,0.4516708981593233,-0.12967717039835275,6.369832598673453,5.713464982890697,2.9539502036925502,0.44675042063449566,-0.22771879797280856,0.0007577712439712915,0.014213491734159436,0.001477637933165965,0,1,159.57937335535334,0.6043956043956044
7.72,2.9617793663346226,0.44567544906843193,-0.23322811892835593,0.4517782177188332,-0.12855904481091196,6.3717138574427965,5.727353935597198,2.962715021128474,0.4447064225479574,-0.2303652645367167,0.0007297867927874391,0.017013342621056533,0.0021995459650299143,0,1,159.6285941380632,0.8622710622710622
7.74,2.9705733778037002,0.4435751265607456,-0.2357809231207157,0.45231126343911154,-0.12715863560750548,6.377225360405411,5.731127588154516,2.9714744235036834,0.4426393415845042,-0.2329886947661417,0.0007024614325689582,0.016047276574478925,0.0018204978258682392,0,1,159.6838058942659,0.7413919413919413
7.76,2.979369336036512,0.4414506553807452,-0.2383250455261229,0.4525071146399986,-0.1272099963905799,6.376730208804261,5.731061137908327,2.9802283984630282,0.44054939495577583,-0.23558882632024658,0.0006758464094508276,0.013800198575509272,0.0015777517061107416,0,1,159.73027058350294,0.6527472527472528
7.78,2.9881611391086644,0.4393035031697065,-0.2408670220895921,0.4525891247028723,-0.12662582344742904,6.376103064490745,5.739169827981951,2.988976935829674,0.43843680193643125,-0.2381653991880429,0.0006497734293097534,0.011887682751176763,0.0019075188507854945,0,1,159.77661477555884,0.7575091575091575
7.8,2.996951144244613,0.4371331885872261,-0.2433849011580797,0.4527016148329047,-0.12516099728857089,6.370409533114209,5.739733689936944,2.9977200276078504,0.4363017838330164,-0.2407181557143908,0.0006241309758465675,0.012227905096508786,0.0015590013971945593,0,1,159.82061338909529,0.6285714285714284
7.82,3.0057339679861435,0.43494129287579647,-0.2458763515620945,0.452572237445241,-0.12393653013119542,6.367830788743692,5.743053636595885,3.0064576679847317,0.43414456395284134,-0.24324684062576518,0.0005989672090101832,0.012405353343588034,0.0017047260243774898,0,1,159.86167473162521,0.684981684981685
7.84,3.0145109470063227,0.43272771897764534,-0.2483432196493597,0.45260883527587065,-0.12260209165379644,6.364088339409139,5.747631698095203,3.015189853331426,0.4319653675728796,-0.24575120105578188,0.0005742786949769368,0.010254874657736807,0.0017579394954909122,0,1,159.90558217740244,0.701098901098901
7.86,3.023282669737357,0.4304925699001402,-0.25078068010843585,0.4525022782276508,-0.12120242391352959,6.357062153908878,5.74552158862107,3.0239165822030873,0.4297644219086988,-0.24823098657048515,0.0005500835406450771,0.008769840933155307,0.0014403014625000155,0,1,159.94488239255668,0.5882783882783882
7.88,3.032043633265274,0.42823751823398765,-0.2531945796489239,0.4521255900710172,-0.12005280289381466,6.348139789072026,5.743835781578841,3.032637855338157,0.42754195608343537,-0.25068594919338966,0.000526412814194384,0.007527349295155758,0.001472126097220583,0,1,159.97939671868522,0.5963369963369963
7.9,3.0407914355782917,0.42596343651898594,-0.25558209470661314,0.451687337535064,-0.11854983369033968,6.336964025556566,5.741560689739901,3.0413536756567208,0.4252982010968211,-0.2531158434302792,0.0005032417898457577,0.008528994885303467,0.0014541825965931343,0,1,160.01243774928324,0.5882783882783882
7.92,3.0495252225048297,0.42367086633145423,-0.25793518546097244,0.45140896847612133,-0.11638643214724695,6.3305273215074065,5.750832124262736,3.0500640482580046,0.4230333897942745,-0.2555204262937548,0.00048059122340039036,0.009157179902225447,0.0020168629515607828,0,1,160.05210360673192,0.7978021978021977
7.94,3.0582530457464427,0.42135811583835,-0.26023605103432373,0.45140802465753965,-0.11378065786137477,6.322595883606672,5.752456109321604,3.0587689804169957,0.4207477568360645,-0.2578994573275341,0.00045858396067525477,0.008295937112352492,0.0016445085352418398,0,1,160.09417802073605,0.6608058608058607
7.96,3.066972524355671,0.41902629901926836,-0.2624941838826267,0.4512074487991255,-0.11222879453376794,6.3196003395270965,5.752631901843685,3.0674684815802022,0.4184415386665575,-0.2602526986304961,0.0004374464697431661,0.008549909857955153,0.0015634148005667647,0,1,160.13321427896338,0.6366300366300366
7.98,3.0756844119114066,0.41667552488730353,-0.2647321293670818,0.4511809077035998,-0.11163150844393319,6.320151389971013,5.754459149945854,3.0761625633605503,0.4161149734835573,-0.2625799148804716,0.0004172225158996899,0.00951469680348583,0.0016204599398788044,0,1,160.17621715893776,0.6688644688644687
8.0,3.0843915939792375,0.41430514556048986,-0.26696031985420354,0.45113024157750997,-0.11084453188536145,6.311532435137025,5.755023289417637,3.084851239531422,0.4137683012077466,-0.2648808733577748,0.00039778862034848427,0.010074952536199298,0.0015569661870314944,0,1,160.21660270750294,0.6285714285714284
8.02,3.0930889899294995,0.41191670681109854,-0.26916291413574933,0.45077134934850754,-0.10964827398526246,6.305489695951968,5.749958817413651,3.0935345260198446,0.41140176345223844,-0.2671553439684757,0.00037905961000527535,0.012990190715719052,0.0013087340147161508,0,1,160.2512289035396,0.5479853479853478
8.040000000000001,3.1017743022236597,0.409511072416125,-0.2713522891187488,0.45062792117204553,-0.10910932201324798,6.307245117367653,5.757014309751462,3.1022124408988336,0.4090156034922482,-0.2694030992674085,0.0003609840414813685,0.014761969719172954,0.0018789232418311985,0,1,160.29408825667332,0.7494505494505493
8.06,3.110457344498707,0.4070856516794206,-0.27352275885581306,0.45078475166824866,-0.10741677239765261,6.296255727486725,5.762264244907045,3.1108850043788903,0.4066100662348921,-0.2716239144809163,0.00034340930039135836,0.012348200304524845,0.001794253455333683,0,1,160.33901385946248,0.7172161172161171
8.08,3.119133300016974,0.40464209985645233,-0.2756444895763139,0.45059395234078026,-0.10500054634893409,6.292033747831078,5.764041122045688,3.1195522387986583,0.4041853981891216,-0.27381756752932845,0.0003264028155917576,0.013968365701476766,0.0016592356189438218,0,1,160.37859027450295,0.6688644688644687
8.1,3.1278015083006614,0.4021810389843793,-0.2777329713351119,0.4504318326730067,-0.10405956053295988,6.288014579412539,5.760256649194827,3.128214168614759,0.4017418474358024,-0.27598383904916823,0.000310124148350926,0.013141639763180706,0.0013979442816712817,0,1,160.41701259138037,0.5802197802197802
8.120000000000001,3.1364601251762685,0.39970320265968756,-0.2798114242931859,0.4502623809705775,-0.10348327479670832,6.284942552729752,5.764840857351273,3.136870820390795,0.39927966359794326,-0.27812251241508906,0.0002945068593646864,0.011586497525877096,0.0017625055421425229,0,1,160.45746170195838,0.709157509157509
8.14,3.1451133081106653,0.3972075338534493,-0.2818683194255515,0.45030691557131836,-0.10223663033847026,6.282412734380165,5.7670400239370325,3.145522222785534,0.3967990978110833,-0.2802333737615362,0.0002794057367100216,0.012293030994269906,0.001646045988268452,0,1,160.50101555200703,0.6608058608058607
8.16,3.1537609721999904,0.3946942793198246,-0.28390365717413724,0.450135177565321,-0.10120169226881114,6.273579791460464,5.764282474650073,3.1541684065402835,0.3943004026938449,-0.28231621200413415,0.00026478070782882674,0.013748422328825578,0.001414329564508543,0,1,160.5385243860645,0.5802197802197802
8.18,3.162396410089421,0.39216560565632774,-0.28591583541464927,0.44959888967009387,-0.09981473235179858,6.260090031598168,5.760121728005452,3.162809404465459,0.3917838323186584,-0.28437081886079446,0.000250573638177402,0.012824660909641643,0.0013750390771567478,0,1,160.56914010506426,0.5641025641025641
8.2,3.171015638455668,0.3896229745145131,-0.2878966355599797,0.44919291674128786,-0.0984888045501806,6.259840651052383,5.761513646570406,3.1714452514263525,0.389249642182664,-0.28639698887254356,0.00023676101312862017,0.012187933829830754,0.0016334796160268894,0,1,160.60591496112292,0.6608058608058607
8.22,3.179628034046537,0.3870638872863551,-0.2898605949298272,0.4492279261358884,-0.09755334181164736,6.2539736439116345,5.765701135975267,3.1800759843281146,0.3866980891787992,-0.288394519424069,0.00022328820947224799,0.012350738424858058,0.0017347940064695866,0,1,160.64897385972446,0.693040293040293
8.24,3.18823427315603,0.3844883423763905,-0.29179592258254433,0.44901741567094483,-0.09624097973623351,6.247784104632565,5.760430917171165,3.1887016420999514,0.384129431567075,-0.2903632107639798,0.00021007893956193803,0.011814173608368138,0.0013006892667768999,0,1,160.68583426075946,0.5399267399267399
8.26,3.1968294902892627,0.38189804023153123,-0.2937170786308366,0.4488721494292199,-0.09578773725527703,6.25101418445313,5.767031730872053,3.1973222656785403,0.3815439289460474,-0.29230286602478267,0.0001970936298408871,0.01044571227041425,0.0018549004646867262,0,1,160.72882720716362,0.7413919413919413
8.28,3.2054237443678186,0.3792900526737761,-0.29562700512604323,0.44922207568538974,-0.09517951723339686,6.252605605562906,5.771552429203916,3.2059378979906876,0.37894184222448896,-0.29421329124256806,0.0001841501611413022,0.010076919572284397,0.0017284647792493724,0,1,160.77924423080694,0.693040293040293
8.3,3.2140177864804245,0.3766642493324846,-0.29752288028550095,0.4493570303457499,-0.09390361151695344,6.245577498802208,5.77863672696148,3.2145485839352266,0.37632343359326575,-0.29609429537640625,0.0001711049641690773,0.0114639070594752,0.0018824103645821988,0,1,160.8246684952008,0.7494505494505493
8.32,3.2226079126381437,0.37402199288782634,-0.29937586861869536,0.44943705439273,-0.091186671103183,6.241143552768272,5.789404551853704,3.223154370364158,0.37368896649742367,-0.29794569032745105,0.00015793726242768064,0.012798096801365677,0.002093754505902601,0,1,160.87114378278906,0.8219780219780218
8.34,3.2311961407795895,0.37136314014660604,-0.3011745283848846,0.449453436952845,-0.08916002538502739,6.235855094308758,5.784344372248187,3.2317553060630626,0.3710387056084878,-0.2997672909577504,0.00014484613105949002,0.012864204176216254,0.0013127957889241815,0,1,160.91252131440092,0.5479853479853478
8.36,3.2397750459873476,0.36869036941089306,-0.30295383994119335,0.4492150752149348,-0.0885196289535793,6.233395347871371,5.788849990426205,3.2403514417307697,0.3683729167969786,-0.30155891510875915,0.00013193264821975548,0.014143176669029535,0.001767403568210646,0,1,160.95194398681997,0.709157509157509
8.38,3.248348608861841,0.36600260005834684,-0.30471187975163033,0.4492293177800749,-0.08718948163425692,6.227975984122428,5.7906100664895535,3.248942829958312,0.3656918671051501,-0.3033203836195555,0.0001190597002105008,0.01384530762094873,0.0016324387171504084,0,1,160.99420868643188,0.6608058608058607
8.4,3.256916090328885,0.363300307748767,-0.3064425498061965,0.449197269962985,-0.08582331040184277,6.226900329954199,5.796142807532958,3.2575295252071665,0.36299582471995034,-0.30505152034475586,0.00010618504516279214,0.015851492569401875,0.001819869578337019,0,1,161.03759512457287,0.7252747252747253
8.42,3.2654813190947847,0.3605825374258161,-0.3081475640120012,0.44948456691334326,-0.08484754788834287,6.232403400569137,5.8027947964817175,3.266111583786789,0.3602850589462093,-0.3067521521721305,9.327473821409618e-05,0.014532313996693568,0.001846076921570683,0,1,161.08846678992103,0.7413919413919413
8.44,3.2740495507324825,0.35784778852152127,-0.309839067427318,0.44992518749371657,-0.08374176906911819,6.230432569691756,5.815213197752668,3.274689063831459,0.35755984018005577,-0.30842210903991385,8.02333653678317e-05,0.015205141905448635,0.0021267384608659734,0,1,161.14208003163566,0.838095238095238
8.46,3.2826208812434534,0.35509622373757516,-0.31149140522787283,0.4503124549095694,-0.08182677124063918,6.234625064004282,5.821594134798608,3.28326202527644,0.3548204398825647,-0.3100612239538109,6.700916547568354e-05,0.014069379257990391,0.0018541917360476723,0,1,161.19474312331107,0.7413919413919413
8.48,3.2911945057260414,0.35232841179913915,-0.3131196543775265,0.450484415589891,-0.08053353150219722,6.224983926816144,5.825549125630782,3.2918305298334767,0.3520671305536389,-0.311669333003696,5.365799559415953e-05,0.012155520712101736,0.001733139817835072,0,1,161.23980576757646,0.693040293040293
8.5,3.2997619426464415,0.34954734981810537,-0.314707735128447,0.45030391100819667,-0.07838156823656006,6.22054951319808,5.828381761171475,3.3003946409656177,0.34930018570612387,-0.3132462753800042,4.0171597210806936e-05,0.012104698754685,0.001717219044610363,0,1,161.27965869501145,0.693040293040293
8.52,3.3083235439480494,0.3467533135558333,-0.31626051578541586,0.45036683280263806,-0.07676362721533077,6.219269185734904,5.8362707002838725,3.308954423861396,0.3465198798401591,-0.31479189338981217,2.6630823411470553e-05,0.012531140106068359,0.0019385588895651784,0,1,161.32542619254147,0.7736263736263734
8.540000000000001,3.316883905749237,0.3439451186846472,-0.31777846476341987,0.4504273356605892,-0.07486377074825674,6.20992836191767,5.837963184249049,3.3175099454083696,0.3437264884177655,-0.31630603247260697,1.3049594103649336e-05,0.011176189452363828,0.0016440196002582286,0,1,161.36810425805808,0.6608058608058607
8.56,3.3254366867800744,0.34112520416133857,-0.3192557872092368,0.45016420247110345,-0.07277001235367475,6.202524761587396,5.841002685596959,3.3260612741660336,0.3409202878376703,-0.3177885412157419,-5.067890651331642e-07,0.009072460832605636,0.001737301295866689,0,1,161.4060152553989,0.693040293040293
8.58,3.3339818093285167,0.3382939994178977,-0.3206914678618647,0.4500453221588842,-0.0707237825686248,6.196646795640027,5.84515118349772,3.3346084803381117,0.3381015554103696,-0.3192392713695781,-1.395649448448778e-05,0.009170882085280036,0.001778535291483474,0,1,161.4468256902748,0.709157509157509
8.6,3.342521592915648,0.3354511320125092,-0.32208748315477664,0.45003844061115456,-0.06887857171288278,6.193741402084809,5.8501074031823395,3.3431516357442495,0.3352705693334268,-0.3206580778623092,-2.7224857151230916e-05,0.01171876789164355,0.0018065432529686398,0,1,161.49028619496275,0.7252747252747253
8.620000000000001,3.3510581867779075,0.3325962373806427,-0.32345072857943097,0.45005496766728115,-0.06751685931440421,6.190286860281631,5.851077204456711,3.3516908137911052,0.3324276086670095,-0.3220448188144684,-4.027127936789113e-05,0.011041358101472762,0.001604025936708997,0,1,161.53293118336782,0.6527472527472528
8.64,3.3595905209979917,0.32972993501575076,-0.3247917879738162,0.4501917274272239,-0.06646309853143678,6.194195844449565,5.861590503859344,3.3602260894428695,0.32957295330966163,-0.3233993555531158,-5.3134395185005416e-05,0.011035515498412557,0.0020555490831998813,0,1,161.58197123624086,0.8139194139194137
8.66,3.368126150928373,0.32684988500255835,-0.32610778265817547,0.45048911045573514,-0.06477027851754992,6.185115157668557,5.865984095049008,3.368757539191203,0.32670688397431114,-0.3247215526257064,-6.591346946988109e-05,0.012285936576269581,0.0017660495912749097,0,1,161.62973617403352,0.709157509157509
8.68,3.376657425137988,0.323958980332368,-0.3273809443464499,0.45030447021925085,-0.06283453762462939,6.181913058632555,5.865921076953273,3.3772852410246306,0.3238296821645111,-0.32601127781363487,-7.858099742499418e-05,0.012327521159113964,0.0015781727009242519,0,1,161.6690983146913,0.6446886446886447
8.700000000000001,3.3851833849975326,0.3210578983537462,-0.32862985049615917,0.450498274472514,-0.061938506734040555,6.188543507545212,5.8783411540105375,3.385809274397374,0.3209416301509135,-0.32726840214545727,-9.109976599788199e-05,0.010451379166814299,0.0021456283577440116,0,1,161.72054682964617,0.8461538461538461
8.72,3.39371498289907,0.31814309347609904,-0.3298577500361536,0.4508132538120359,-0.06074292087517089,6.179190619268432,5.87589974429884,3.3943297201976685,0.31804301094797366,-0.32849279990978775,-0.00010359348940098713,0.010559591210066353,0.0014203819766595571,0,1,161.76730002590304,0.5802197802197802
8.74,3.402239127437583,0.3152192603461907,-0.3310571723258428,0.4503955690211471,-0.05861994175530144,6.166283918858228,5.882124990992714,3.402846660715542,0.3151341082908818,-0.32968434866787033,-0.00011611933644416032,0.010362334483299021,0.0019015942368136862,0,1,161.80279193689492,0.7575091575091575
8.76,3.4107544101984564,0.31228729238421316,-0.33219914623725594,0.4502319868830443,-0.056056424607914344,6.164393871204798,5.882768640979168,3.4113601796101016,0.31221520661272156,-0.33084292926582215,-0.00012860187565187734,0.009052699272528955,0.0016263818658970308,0,1,161.8433772949579,0.6608058608058607
8.78,3.419264191011421,0.3093465053806583,-0.3333115033579015,0.449972162723562,-0.05478897160064072,6.149817560011493,5.880207465229549,3.4198703618763147,0.3092865910218504,-0.33196842584654895,-0.00014091068752732295,0.009003372293843953,0.0014533017727758613,0,1,161.87870869259314,0.5963369963369963
8.8,3.427761939850704,0.30639944536581687,-0.33438538465635803,0.44970040293441604,-0.052370188300173266,6.148327539297364,5.892973283908497,3.428377293811314,0.3063485472795012,-0.3330607258613306,-0.00015308099015193792,0.009564399145585111,0.0022229291357541703,0,1,161.921164144242,0.8783882783882783
8.82,3.436260304091278,0.3034421738033152,-0.33540817315520377,0.4500379266587939,-0.05010243064300284,6.146214128606289,5.897102278997917,3.436881062980226,0.3034013617775992,-0.3341197200810757,-0.0001650151462679366,0.008889558379164872,0.0017642060882204214,0,1,161.97107709138686,0.709157509157509
8.84,3.4447584700870015,0.3004753927850885,-0.3363974679493156,0.4500640961157409,-0.048788937943036965,6.142970033549856,5.900030336807993,3.445381758181553,0.3004453215167931,-0.33514530260724484,-0.00017660525919088813,0.010776467921448946,0.0017080773540356087,0,1,162.0144062679814,0.684981684981685
8.86,3.4532540917597587,0.2975001835623427,-0.3373614923950584,0.45016692574487543,-0.04755821072342385,6.143901966743617,5.907161392685493,3.4538794694121067,0.2974807140846951,-0.33613737088244017,-0.00018789662138201605,0.009351421580511854,0.0019062387439870987,0,1,162.06111937768708,0.7655677655677656
8.88,3.461751123416859,0.2945153916282382,-0.33830153621565995,0.45037458246160245,-0.046454875668034766,6.141933341468749,5.909612713000429,3.4623742878315094,0.2945078276343262,-0.3370958257006608,-0.00019897195161991066,0.011188040291883677,0.0016727973903563065,0,1,162.10783160103782,0.6769230769230768
8.9,3.470246557055132,0.2915222811786109,-0.3392201705562654,0.45031512861288353,-0.04500411178756208,6.133303961369501,5.9141113605496995,3.470866305726288,0.2915269508627624,-0.33802057121722356,-0.00020992669574012207,0.010017824911951892,0.001794004667980742,0,1,162.14911762728119,0.7172161172161171
8.92,3.478737085684253,0.28852229937752477,-0.3400975380890927,0.45020796934756774,-0.04273311313721916,6.128270410464329,5.918680675969421,3.4793556164735557,0.2885383729899778,-0.3389115149583475,-0.00022079649062868519,0.010117065689221386,0.001812372846210497,0,1,162.1906267451958,0.7252747252747253
8.94,3.487224534983788,0.2855152178468483,-0.34093499925409926,0.45028924964467476,-0.04114652467370663,6.129069269865126,5.923849420607347,3.4878423145043094,0.2855423837378783,-0.3397685678304009,-0.00023149956738918536,0.009920456898462417,0.0018172965888805237,0,1,162.236543019705,0.7333333333333333
8.96,3.4957127005954938,0.28249999888928434,-0.34174735019402336,0.4504600967017918,-0.03969284591467119,6.123516533892992,5.931270094091062,3.496326495266351,0.28253927330952294,-0.3405916441288108,-0.0002420533109636789,0.01207348166394797,0.0019268010788253132,0,1,162.28322051110243,0.7655677655677656
8.98,3.5042000480510254,0.2794774723510957,-0.342520803134149,0.4504342202669509,-0.03806239269427198,6.121423754190788,5.928880011446856,3.5048082551868456,0.2795293323685264,-0.34138066154663327,-0.00025248804199872615,0.010963040001866554,0.0014636352034749778,0,1,162.32495920825795,0.6043956043956044
9.0,3.5126827348260408,0.27644930163087017,-0.3432779881756604,0.4502545639847343,-0.03706205053230459,6.111747041766973,5.933638926336258,3.513287691634537,0.2765128520186373,-0.34213554118278394,-0.000262829809282901,0.010668722187407147,0.0018101450916229167,0,1,162.3641068159749,0.7252747252747253
9.02,3.5211598637102215,0.2734160313808955,-0.3439953373361791,0.45011176195545316,-0.034755742329073705,6.106592267965936,5.936828046821596,3.5217649028816207,0.27349012378348647,-0.3428562075499284,-0.0002731812192189602,0.012606030740475548,0.0017539325986904997,0,1,162.40469342471582,0.701098901098901
9.040000000000001,3.5296328682305274,0.2703775646628796,-0.3446744458949946,0.4499699858915421,-0.03316975830626922,6.099885006975946,5.936527904946548,3.530239988065299,0.27046143958650004,-0.3435425885820304,-0.00028346689660165307,0.012201461984483658,0.0015718610576401226,0,1,162.4438301836928,0.6366300366300366
9.06,3.538100459370913,0.26733468033702873,-0.34532561755327806,0.44998022773089735,-0.03192888341059606,6.10363897755005,5.945814240607667,3.5387130471490384,0.26742709173097157,-0.34419461564155873,-0.0002937020238837461,0.011902597229897817,0.002022328162690934,0,1,162.49045396155623,0.8058608058608059
9.08,3.5465717487860418,0.2642843452986061,-0.34595196195945593,0.45022027961570427,-0.03026755235643369,6.092906651333016,5.949668680997533,3.5471841808835234,0.2643873728802852,-0.3448122235263508,-0.00030397754191646546,0.012424178977795143,0.0017557064068330908,0,1,162.5368586622609,0.701098901098901
9.1,3.5550394881957526,0.26122948781814676,-0.3465338831672085,0.4500482275288234,-0.028285606308441777,6.092558686765507,5.951405793718885,3.555653490767337,0.26134257603828537,-0.3453953504761328,-0.0003142914748321508,0.01250931386520754,0.0016814721986969094,0,1,162.5776657592242,0.6769230769230768
9.120000000000001,3.5635048966090426,0.25817002946212103,-0.34709170154119035,0.4500050346445732,-0.027032925263301446,6.0826964670549755,5.954800378519508,3.5641210790073807,0.25829299452978494,-0.3459439381786957,-0.0003246182122937895,0.011376776333307428,0.0017412495444171783,0,1,162.61874152802244,0.701098901098901
9.14,3.5719659698718416,0.2551069622771151,-0.34760958564872046,0.4500075929111374,-0.024747283737143386,6.083841795754003,5.965776678067371,3.57258704847904,0.2552389219812073,-0.34645793177572637,-0.00033501747359400023,0.010583361644413484,0.0021276418539726283,0,1,162.66550422803851,0.8461538461538461
9.16,3.580431030958695,0.25203768608968086,-0.3480867038081017,0.4503160164974138,-0.023048717276552125,6.080780505577577,5.9683766368261155,3.581051502686113,0.252180652301353,-0.3469372798682934,-0.00034542035163557324,0.011281953653983441,0.001691487547089754,0,1,162.7141644138163,0.684981684981685
9.18,3.5888958088817544,0.24896407840475496,-0.34853425943830796,0.4501851666025513,-0.02118233399570687,6.0688700523001025,5.973413434381295,3.589514545720527,0.24911847966228431,-0.34738193452198707,-0.0003558195376221512,0.010799232968519569,0.001845484435230138,0,1,162.75407161609544,0.7333333333333333
9.200000000000001,3.5973552017936625,0.24588836032354686,-0.3489299888978553,0.44992770564849743,-0.018698060035936347,6.063058201557011,5.972782579912097,3.597976282221837,0.24605269848032296,-0.3477918512717126,-0.0003661771430326372,0.009982333436987843,0.0015836192517377223,0,1,162.79195612389552,0.6446886446886447
9.22,3.605809481109463,0.24281088887694033,-0.34929057130642066,0.4499088752470778,-0.016881197247737234,6.059821144863003,5.985499786301297,3.606436817336543,0.24298360339715064,-0.3481669891261364,-0.00037638325004133116,0.008183842171027267,0.002211036202589556,0,1,162.83765741797177,0.8703296703296701
9.24,3.6142668202774435,0.23972906001257532,-0.3496015668524487,0.4501230045166521,-0.014423502454089247,6.055157371769735,5.987751745517037,3.6148962566772167,0.2399114892610069,-0.34850731057178586,-0.0003864117724115683,0.007412865562005355,0.0016988418634025781,0,1,162.8845737858626,0.684981684981685
9.26,3.622723273193775,0.23664475982655103,-0.34987532258968856,0.450027947650416,-0.012745824098130567,6.0492008899794465,5.992418542855334,3.6233547062814773,0.23683665110797575,-0.3488127815767999,-0.0003961480935479422,0.00912673392063425,0.0018251496423788427,0,1,162.92593844708745,0.7333333333333333
9.28,3.6311781576853845,0.23355857651540674,-0.3501108339800378,0.45009831386432814,-0.010727822694677563,6.047705571321941,6.000830274254329,3.631812272570812,0.2337593841433544,-0.3490833715943326,-0.0004055867471651208,0.01078842248501789,0.002002243016735239,0,1,162.97224540397144,0.7978021978021977
9.3,3.6396356148988427,0.23046937632114162,-0.3503082774419901,0.45018002810907837,-0.009205000597115163,6.04279013343919,5.998965686875336,3.6402690623092626,0.23067998372309526,-0.3493190535656078,-0.00041469046172153644,0.011258925543191784,0.0014913485200237497,0,1,163.01538801117687,0.6124542124542124
9.32,3.6480899489291634,0.22737953208578676,-0.35048520975000663,0.45002031568347045,-0.008429879209550253,6.041490225171629,6.001862723432769,3.648725182561987,0.2275987453353146,-0.3495198039226246,-0.0004234926680767658,0.011438790858319278,0.001721065623801754,0,1,163.05601613021753,0.693040293040293
9.34,3.6565437381919628,0.22428826519794676,-0.35064436972543794,0.4501194841622172,-0.007095894005494119,6.036983150527832,6.009742540632649,3.6571807406537293,0.2245159645818589,-0.3496856025905147,-0.0004321577315197787,0.012102290839846748,0.00195942624627532,0,1,163.10177972172613,0.7816849816849816
9.36,3.6649993803966137,0.22119495572207085,-0.3507640780765083,0.4502685733317229,-0.0046907300178759565,6.032721243865774,6.0189412789806624,3.665635844127188,0.22143193715992182,-0.3498164329895494,-0.0004407610727804631,0.01359957814662456,0.0020432612952231977,0,1,163.14929035153122,0.8139194139194137
9.38,3.673457604887398,0.21809977935062422,-0.35083452442619845,0.4503369163172828,-0.0025108516800524355,6.027775432590344,6.020376772111386,3.674090600701306,0.21834695884370317,-0.34991228203679786,-0.00044920182193427106,0.013365458293925403,0.0016684034102811274,0,1,163.19320150440194,0.6769230769230768
9.4,3.681915310797674,0.21500428379048211,-0.3508713896565428,0.4505071735861889,-0.0010552547833054349,6.033091601076662,6.033887494832885,3.682545118229508,0.21526132546610235,-0.34997314014743525,-0.0004574039999424585,0.011853746974304325,0.002234886935105429,0,1,163.24448111806197,0.8864468864468864
9.42,3.690382061870304,0.21190526245713134,-0.3508770259906548,0.4508788893200549,0.0006412127794000439,6.024581631760229,6.0351440778751035,3.690999504657886,0.2121753329004375,-0.34999900123570127,-0.0004654160962790848,0.009706452060452887,0.0016350860924918553,0,1,163.29340749234342,0.6608058608058607
9.44,3.698847003074101,0.20880701206518026,-0.3508461879842139,0.4504764340155517,0.002542561922016124,6.012902342335691,6.033174307988118,3.6994538679833484,0.2090892770421834,-0.3499898627155085,-0.0004732398661499199,0.009331178902129722,0.0015285523183741212,0,1,163.3273524137124,0.6205128205128204
9.46,3.707304049097695,0.20571212073750952,-0.3507771307560376,0.45023749841016686,0.004482732830858759,6.0107162667964475,6.041219840159905,3.707908316211763,0.20600345379071852,-0.3499457255007015,-0.00048084680229847895,0.009141050424627109,0.0020022703639628325,0,1,163.36848500074112,0.7978021978021977
9.48,3.715762613511259,0.20261751494949762,-0.350669464737453,0.45039361175255876,0.006130859253447627,6.008421234977995,6.043193007581235,3.716362957316084,0.20291815903107385,-0.3498665940049649,-0.0004882119355554028,0.013616278081150644,0.0016810005578787313,0,1,163.41437741297557,0.684981684981685
9.5,3.7242224037293465,0.19952361555100065,-0.3505368953447932,0.45042917273380956,0.007435266844763183,6.004985436852344,6.050523346643931,3.7248178991944987,0.199833688615676,-0.3497524761413823,-0.0004953561047765714,0.014975852357997739,0.0019473775639802238,0,1,163.4591750808547,0.7816849816849816
9.52,3.732685024506499,0.19643010007268455,-0.35037012846584625,0.45064724959911984,0.00907539475119761,6.007169657189049,6.05679394895661,3.7332732496285956,0.19675033834607514,-0.3496033833216449,-0.0005023485572966427,0.014782216342557376,0.001887971569898339,0,1,163.5082923410748,0.7575091575091575
9.540000000000001,3.741154033974032,0.19333597238383438,-0.3501776342695337,0.4511216844332368,0.010707652028895278,6.008819733467792,6.074642886655073,3.741729116241579,0.19366840395465054,-0.34941933045491064,-0.0005092240125178671,0.016904045409246747,0.0024420781804035396,0,1,163.56561776451932,0.9589743589743589
9.56,3.749634897006605,0.1902395665147668,-0.3499369006322679,0.4515138489876917,0.013138655815080008,6.0026583392265165,6.074842842036425,3.750185606456531,0.19058818108628517,-0.3492003359463126,-0.0005159978214887228,0.01482089758051084,0.0016030195601749453,0,1,163.6156216007031,0.6527472527472528
9.58,3.7581160095092554,0.18714556358653225,-0.34966039682799654,0.4513119651250571,0.014651700918849006,5.997375592023392,6.078335198109205,3.75864282745475,0.1875099652800015,-0.3489464216951193,-0.0005225636897629145,0.014635770159512274,0.0017793515585519115,0,1,163.65520008672252,0.7172161172161171
9.6,3.766596572771164,0.1840545631892093,-0.34935161306451396,0.45142743665691043,0.016233274584776178,5.999291631023778,6.0869467648857025,3.767100886134174,0.18443405195055104,-0.3486576130925442,-0.0005289475961066084,0.013293983645389059,0.0020092485384097247,0,1,163.70319518963453,0.8058608058608059
9.620000000000001,3.775083482079946,0.18096435484823087,-0.34901308927327795,0.45168022741644037,0.017869458199690547,5.9932954320773355,6.092241118479936,3.775559889067895,0.18136073636994787,-0.3483339390192069,-0.0005351890001946314,0.012137510288942017,0.0018426594116135453,0,1,163.7511012140924,0.7413919413919413
9.64,3.7835716611732617,0.17787710761908354,-0.34863548480380596,0.45135946135316696,0.01995934370575285,5.978002145827982,6.0870609869533965,3.784019942462796,0.17829031364894063,-0.34797543184224494,-0.0005413023341264296,0.010738055346820582,0.0013778373642447383,0,1,163.78545588977684,0.5721611721611721
9.66,3.792050035905606,0.17479723802433092,-0.34821641557964456,0.4508436876222336,0.022234078623787606,5.970380639378504,6.0939849012278815,3.7924811521183157,0.17522307871841344,-0.3475821274120774,-0.0005472242015626259,0.011549580813863454,0.0019807050313378483,0,1,163.8212784188549,0.7897435897435896
9.68,3.8005268450622856,0.1717221860321434,-0.3477457514662963,0.4509353746338969,0.024832689857005867,5.967621712495622,6.102312212058591,3.8009436233853497,0.17215932631070865,-0.3471540650588194,-0.0005528601590981795,0.01140789324167016,0.0020198301976662725,0,1,163.86819310468056,0.8058608058608059
9.700000000000001,3.8090080915799356,0.16865025990993063,-0.3472302387204242,0.4510391022377052,0.02640320279135827,5.965857345892876,6.101520452188326,3.809407461125311,0.16909935094086323,-0.3466912875883496,-0.0005580719742601732,0.012075954009315633,0.0015583231460611358,0,1,163.91276317157434,0.6366300366300366
9.72,3.8174900564852936,0.16558311507107776,-0.34669754510320216,0.4508736035684082,0.027064175605471565,5.959558514870222,6.101420444500033,3.8178727696693686,0.16604344688775247,-0.34619384127802943,-0.0005628830147280815,0.012013717054203768,0.00159073640405466,0,1,163.95156900952247,0.6527472527472528
9.74,3.825969543061493,0.16252205480697707,-0.34614324888388337,0.4506259325515299,0.02884907023098247,5.948280614717742,6.106123565983478,3.8263396527778646,0.16299190817513207,-0.34566177587207536,-0.000567462562387145,0.012128338794836543,0.001852011553344246,0,1,163.98975415870527,0.7413919413919413
9.76,3.83444602746337,0.15946759669341692,-0.3455394429664129,0.4503314557984013,0.031402169744186685,5.938950594425215,6.105367291332964,3.8348082135999335,0.15994502855257198,-0.3450951445765846,-0.000571806615188284,0.0111393442420266,0.0016046788001755075,0,1,164.026573316484,0.6527472527472528
9.78,3.842918354410417,0.1564206171283763,-0.3448940326777617,0.4501393634220948,0.03329273609846193,5.935412845611318,6.112504893385017,3.843278554633341,0.15690310147627493,-0.34449400405421454,-0.0005757836663084456,0.010236226901667566,0.0019728837230736374,0,1,164.06788431444227,0.7897435897435896
9.8,3.8513931721014925,0.15337909574187483,-0.34420998965385863,0.4502144142181286,0.0348938701745276,5.932884595459668,6.112861244837027,3.8517507776845443,0.1538664200897723,-0.34385841441851633,-0.0005793535878488949,0.010921544742390946,0.0016203438114881785,0,1,164.11197093156068,0.6608058608058607
9.82,3.859869216245412,0.15034378824373335,-0.3435037690267265,0.45004359439406616,0.03607747117253974,5.923343787375106,6.114343556708904,3.8602249838290064,0.15083527720449003,-0.3431884392279241,-0.0005825412540908387,0.009126056743164218,0.0016774528363190377,0,1,164.15060254992125,0.6769230769230768
9.84,3.8683432315411186,0.14731609925168443,-0.34276298316934484,0.4499651807239483,0.03809166832548927,5.922537335002777,6.123622052095353,3.8687012733717543,0.14780996528017878,-0.3424841454793985,-0.0005854244047648312,0.007937807027200622,0.00206905620136022,0,1,164.19508743074724,0.8219780219780218
9.86,3.876822820137751,0.14429368225933425,-0.3419830912308664,0.450154583359137,0.039808563043023944,5.918534194238258,6.125340718011767,3.877179745808226,0.14479077640520066,-0.3417456036017274,-0.00058796504113432,0.00889430542738535,0.001682343513570994,0,1,164.24132253262584,0.684981684981685
9.88,3.885304327618333,0.14127817019661512,-0.34117392940468366,0.44992318905597856,0.041485152542307946,5.9059467751391255,6.126418942551778,3.885660499785387,0.14177800227666656,-0.34097288744848314,-0.0005901620773130572,0.007700731589183035,0.0016760526523662556,0,1,164.27858390449225,0.6769230769230768
9.9,3.893781579998665,0.13827208177940364,-0.34032087473224243,0.44956323388478053,0.04371724189150417,5.899352334491458,6.127498127006534,3.894143633063158,0.13877193418041803,-0.3401660742906373,-0.0005920072006803204,0.0085441342723746,0.0016928496813237714,0,1,164.31514238351627,0.684981684981685
9.92,3.902257013292883,0.13527495184660554,-0.33943158844562493,0.44946067361480424,0.04526117432127463,5.896225940902323,6.131714331959253,3.902629242476151,0.13577286297084656,-0.3393252448088331,-0.0005934167836250621,0.008862442833810708,0.0018182781610975307,0,1,164.35692556227133,0.7333333333333333
9.94,3.9107352175409154,0.13228545731930388,-0.33851375192075284,0.4495474799583873,0.04634639002510844,5.89738414410033,6.134295341315947,3.91111742389574,0.13278107905054576,-0.3384504830853181,-0.0005944076484963887,0.008367992626499164,0.0017188565355381047,0,1,164.40231067546316,0.701098901098901
9.96,3.919217943700915,0.12930319049220548,-0.3375819096518664,0.44950508607845396,0.04713003606285303,5.888596334209036,6.133789636630499,3.9196082721924657,0.12979687234978965,-0.33754187659553564,-0.0005950887360682046,0.007339481830894494,0.0015744298168913762,0,1,164.44268156223416,0.6446886446886447
9.98,3.9276985655367667,0.12633064045037792,-0.3366243604307766,0.449132518695902,0.04880240368449202,5.878683236838974,6.134067248548433,3.928101881198805,0.12682053230583176,-0.33659951619937767,-0.0005956075409366098,0.012150711083392132,0.0016500682451769944,0,1,164.47786851297727,0.6688644688644687
10.0,3.9361762142713728,0.12336840797982977,-0.3356293286610899,0.4490775238540585,0.05085540827882207,5.878930139856315,6.145704633609853,3.9365983436723004,0.12385234784201998,-0.33562349613209846,-0.0005959701760126987,0.010901735724896383,0.0021877960937042307,0,1,164.52377525544796,0.8703296703296701
10.02,3.944661761553915,0.12041307970815987,-0.3345908784836211,0.44932923345810216,0.053156284497961295,5.870576109641423,6.149984859293656,3.9450977512590772,0.12089260734672196,-0.3346139139948913,-0.000596112670446126,0.00987244508059469,0.001819936934309374,0,1,164.57134121002596,0.7333333333333333
10.040000000000001,3.9531500735743834,0.11746688060882564,-0.3335062281714633,0.44924098702166554,0.05504695594855182,5.8701685305867395,6.152907335663428,3.9536001944577635,0.11794159865205588,-0.3335708707451286,-0.0005959294014031959,0.011659227209396526,0.0017681415228666952,0,1,164.61388879076458,0.7172161172161171
10.06,3.9616423885046017,0.1145297392240636,-0.332395770822297,0.4493496327245274,0.05639753036243434,5.865192780000094,6.160519204379517,3.9621057625838096,0.11499960901242239,-0.33249447068626625,-0.0005953817064325456,0.010696959783971009,0.001973776835073826,0,1,164.65978934801052,0.7897435897435896
10.08,3.9701402340852168,0.11160140681103724,-0.33124675636584505,0.449539698228584,0.05837976468138235,5.866687650223182,6.1682701045246136,3.9706145437342406,0.1120669250828329,-0.3313848214574131,-0.0005945086575486604,0.010038809976070316,0.001988404321299375,0,1,164.70888114873958,0.7978021978021977
10.1,3.978645772027948,0.10868150538438094,-0.3300663635134346,0.4494639943717053,0.0597686100494756,5.8520755646382625,6.161377187005769,3.9791266247528396,0.1091438328970304,-0.3302420340225673,-0.0005932722022483703,0.011682287176688292,0.0012832587443269428,0,1,164.74706097276643,0.5318681318681318
10.120000000000001,3.9871452902511586,0.10577500997052335,-0.32885660428393426,0.44913178642892215,0.06130738153346319,5.855668424529947,6.173179468875591,3.987642091195788,0.10623061784539875,-0.3290662226595199,-0.0005917079554709406,0.01227909601276947,0.0022082712453891373,0,1,164.78984041120023,0.8783882783882783
10.14,3.9956542340922008,0.10287692818907428,-0.32761501770201995,0.44977460623145943,0.06297430554506214,5.859099231476227,6.185714134316269,3.996161027297761,0.10332756465265656,-0.3278575049484276,-0.0005898282708782552,0.01473505997854847,0.0021888357886989396,0,1,164.84911800340439,0.8703296703296701
10.16,4.00417766846044,0.09998587071621944,-0.326338680405476,0.45014782225009514,0.0647473308264093,5.854755081284561,6.1903611541555685,4.004683515938508,0.10043495735533285,-0.3266160017600541,-0.0005876409841754179,0.013792790805000694,0.0018272714545546909,0,1,164.89956172443542,0.7333333333333333
10.18,4.012706685465834,0.09710521103877125,-0.3250277472302856,0.45002230352009553,0.06622646929054653,5.848824321591635,6.188570178234499,4.013209638609919,0.09755307927902049,-0.32534183724368376,-0.0005851340290620697,0.012266074018856557,0.0015374306822880102,0,1,164.93903482220276,0.6285714285714284
10.200000000000001,4.021235489420854,0.09423718467938764,-0.32369380751317917,0.44989465585845084,0.06740823210016297,5.846487373192138,6.195367541075826,4.021739475383588,0.09468221301540562,-0.32403513881470625,-0.0005823345884959714,0.013562830619861441,0.0019503456232051186,0,1,164.98133718389454,0.7816849816849816
10.22,4.029769225580432,0.09138029411868691,-0.32232882424220993,0.44992709469204173,0.06925132480293421,5.837892601335657,6.197396935189238,4.030273104878906,0.09182264039906925,-0.3226960371418757,-0.0005793065994658483,0.01498881103931292,0.0017199237345936202,0,1,165.02413375778937,0.693040293040293
10.24,4.038304322689398,0.08853607048976776,-0.32092578680295347,0.4498402338567216,0.07085452668899299,5.839349969683859,6.202172416480617,4.0388106042316645,0.08897464248405995,-0.32132466613424343,-0.0005760206661890415,0.012848796478132479,0.0018603373084159491,0,1,165.06763071110942,0.7494505494505493
10.26,4.046845532683181,0.08570323013921595,-0.31950109400833604,0.4499220438052724,0.07171406761575447,5.8336475541422885,6.201792793877736,4.047352049063212,0.08613849952023479,-0.3199211629277674,-0.0005724791159952094,0.015214221633930564,0.001586742888564474,0,1,165.11084866940425,0.6527472527472528
10.28,4.055388906064724,0.08288326018807567,-0.31805647138514753,0.44989317443407434,0.07295482819663066,5.834003805888864,6.210886993523925,4.055897513450155,0.0833144909293671,-0.3184856678715987,-0.0005688040350680787,0.013298468263886209,0.002061932722860149,0,1,165.15611825709917,0.8219780219780218
10.3,4.063941048533177,0.08007422000636547,-0.31658135805175835,0.4503030038444429,0.07468270245818805,5.835100677973428,6.2214437095826325,4.064447069894631,0.08050289528101941,-0.31701832451404655,-0.0005650585093681157,0.010890656347162731,0.0021155609071988324,0,1,165.20990669265862,0.8461538461538461
10.32,4.072505027190183,0.07727544115512826,-0.31507052008970476,0.4505799665172711,0.07638439580409642,5.831696912020991,6.224903032892769,4.073000789295147,0.07770399026818106,-0.3155192795882242,-0.0005612339617882848,0.012539319839245288,0.0017747257469082345,0,1,165.2584367746729,0.7172161172161171
10.34,4.081074690214974,0.07448926532901878,-0.3135318356339703,0.4505141207371129,0.07713587565196098,5.831412118929826,6.221710211326827,4.081558740918018,0.07491805268266878,-0.3139886829973748,-0.0005573249654436058,0.011312297968111819,0.0014976045564966678,0,1,165.29960001182832,0.6124542124542124
10.36,4.089646419817252,0.07171701602742984,-0.3119915454494631,0.4503439581128795,0.07719564957957403,5.825697082789121,6.2213505148210055,4.090120992369401,0.07214535839029032,-0.3124266877998821,-0.0005534752897888742,0.01003301304264174,0.0015901570785767927,0,1,165.33833996806894,0.6527472527472528
10.38,4.098218336949802,0.06895932419751098,-0.3104380218976897,0.4501023256641812,0.0783167254534056,5.81863066051776,6.221721960724741,4.098687609567943,0.06938618230577084,-0.31083345019396397,-0.0005499307232475444,0.01061401417767016,0.0016466435540273272,0,1,165.37606536503108,0.6688644688644687
10.4,4.1067903280257285,0.06621640941744973,-0.30885807158933903,0.4499962702754976,0.07976995235948604,5.816497866761784,6.2273565337909,4.107258656718043,0.06664079836744172,-0.3092091295020536,-0.0005467770415711429,0.009937351331134863,0.0018991788105175433,0,1,165.41855481202762,0.7655677655677656
10.42,4.115367726500304,0.06348683048826757,-0.3072476663926519,0.45009881490449033,0.0814576771720523,5.8114712775198605,6.232739470346716,4.115834196283768,0.06390947951169296,-0.30755388815486645,-0.0005440305960371302,0.008503924341811164,0.0018796867088233804,0,1,165.46400705759854,0.7575091575091575
10.44,4.123950100536948,0.06077104465460789,-0.305599001567227,0.4500506995407017,0.08364097558939969,5.803168417860655,6.237644269473259,4.124414288963391,0.06119249764718927,-0.3058678916751578,-0.0005416684970744547,0.007750086646682782,0.0018808353078068052,0,1,165.506422985894,0.7575091575091575
10.46,4.132534492489032,0.058070390060794494,-0.3039037412459788,0.4497524117009591,0.08565340921835449,5.793233693847593,6.232213025028539,4.132998993664604,0.0584901236288511,-0.3041513086611706,-0.0005395788712466156,0.007983234974398682,0.001389417424694006,0,1,165.54196354364208,0.5802197802197802
10.48,4.141115181049425,0.05538701891523542,-0.3021811020207489,0.4495079795077828,0.08661985931462063,5.795844040114602,6.239091063013203,4.141588367480387,0.05580262723160189,-0.30240431076977603,-0.0005376719642358643,0.007327048037203839,0.0019660769484294294,0,1,165.5837657342329,0.7897435897435896
10.5,4.149703245482553,0.052717658688425935,-0.30043882093964724,0.4496873600584805,0.08800970283110711,5.786511684143582,6.242574643379671,4.150182465665566,0.05313027712388362,-0.30062707269930716,-0.0005360192104678607,0.00874617185440563,0.0017838946570844505,0,1,165.6293587685107,0.7172161172161171
10.52,4.158294193608387,0.050063967388665,-0.29865836282722863,0.4494937799528645,0.08963688866859461,5.785533726232533,6.241452088298337,4.158781341614044,0.05047334084094209,-0.29881977217209016,-0.0005346446186040571,0.009609150118182707,0.001584117822477804,0,1,165.6690866924928,0.6527472527472528
10.540000000000001,4.166887289077757,0.047426454275339244,-0.2968608045760316,0.44928049338933024,0.09077051650239386,5.771290092502038,6.2433179996255,4.167385046836747,0.04783208475788464,-0.2969825899166714,-0.00053353549035187,0.010530521949296169,0.001721958447127414,0,1,165.7066066015742,0.693040293040293
10.56,4.175478094826122,0.04480670156672684,-0.29501879963454547,0.4489223569984362,0.09335266486929607,5.764658668791511,6.24628901052334,4.175993630940271,0.04520677406251289,-0.2951157096497458,-0.000532720726688189,0.010244114691542974,0.0018123124656480583,0,1,165.74411621938302,0.7333333333333333
10.58,4.184069796884919,0.042204168869784564,-0.2931348140466847,0.44877665664624733,0.09475181130685331,5.761699039263701,6.244134082518928,4.18460714160623,0.042597672727933335,-0.29321931805778423,-0.0005320202303280958,0.011676178556202819,0.0015305553943701922,0,1,165.78373482773435,0.6285714285714284
10.6,4.192662903602335,0.039618958258251326,-0.29123503263530964,0.44854689608865206,0.09563546050249742,5.752402033209239,6.245645619038339,4.193225624571366,0.040005043484949446,-0.2912936047783654,-0.0005314293989543443,0.011637951260097422,0.0017057878437488627,0,1,165.82142203654433,0.693040293040293
10.620000000000001,4.201255834788568,0.03705171287507553,-0.28930462327246026,0.44829043174230915,0.09728241515827221,5.747537515531126,6.245518287859608,4.2018491236083735,0.03742914779423851,-0.2893387623812125,-0.0005310222842442424,0.011889785514395238,0.0016397809670897212,0,1,165.85939297769093,0.6688644688644687
10.64,4.209850407021904,0.03450216334389627,-0.28734726227263613,0.4483088072142368,0.09890330281473501,5.744867025648142,6.257526586009683,4.2104776805074655,0.03487024581831739,-0.2873549863489364,-0.000530769696908527,0.010449091329593834,0.002214059201689711,0,1,165.90580228935747,0.8783882783882783
10.66,4.21845398796885,0.03196843955647455,-0.28534524707412173,0.44842069485320907,0.10101393536580083,5.738329939826925,6.255002799370003,4.219111335058709,0.032328596393301386,-0.28534247505748717,-0.0005306280710565186,0.01081054356687401,0.0015118673800389448,0,1,165.94966719901524,0.6205128205128204
10.68,4.227059492622103,0.02945300218882423,-0.28331459687882377,0.44829862110216595,0.10240149745640498,5.736627147735973,6.265201866854039,4.227750125035119,0.02980445700046092,-0.2833014297563168,-0.000530495463703834,0.012346625177218715,0.0021352343951699937,0,1,165.9933660506913,0.8461538461538461
10.700000000000001,4.235673546427257,0.02695419865830538,-0.28124595204213426,0.44858965189985206,0.10446400996942674,5.734621695005071,6.2718988654682555,4.236394086176513,0.027298083737580813,-0.28123205454825434,-0.0005303535368303794,0.010879877856174796,0.0019546011160759824,0,1,166.0433737957305,0.7816849816849816
10.72,4.244296274506525,0.024472376230569495,-0.27913981201545934,0.44857668038990406,0.10621825521924996,5.726094578055313,6.272061550525435,4.245043252174163,0.024809731290127462,-0.2791345563690965,-0.0005301076083752063,0.009299711391230607,0.001646467407846075,0,1,166.0849507303733,0.6688644688644687
10.74,4.252921024936857,0.02200978221376098,-0.27699975405662797,0.4485841059876214,0.10776279851332644,5.731006049498559,6.283041022869439,4.253697654656225,0.02233965290222944,-0.2770091449669131,-0.0005296879781709082,0.00979662489220003,0.0021690390100544965,0,1,166.1328391482722,0.8622710622710622
10.76,4.261558483126073,0.01956366668167547,-0.27483230687317783,0.4490047212293308,0.1091316892764816,5.727251305183233,6.287640057100254,4.262357323173959,0.019888100347477414,-0.2748560328810732,-0.0005290676955729443,0.012081436898582886,0.0018332620906567065,0,1,166.18415953242982,0.7413919413919413
10.78,4.270204253303418,0.01713555651288649,-0.27263396713167987,0.4490694756470117,0.11086191333624058,5.724685877338711,6.295123313013822,4.271022285188767,0.017455323899549558,-0.2726754354209911,-0.0005282565422711644,0.0108665113935945,0.002001009295139189,0,1,166.23009802139612,0.7978021978021977
10.8,4.2788584629408195,0.014725750800425591,-0.27039931153857966,0.4493221197960912,0.11245549697692911,5.727177455507324,6.301876439877761,4.27969256606002,0.015041572302668876,-0.2704675706445955,-0.0005271975228128888,0.010870480308762021,0.0019520687691242933,0,1,166.2802296893609,0.7816849816849816
10.82,4.287523829540429,0.012333807228552504,-0.26813982400804515,0.4495588596612024,0.11388792373135626,5.721285422721186,6.308861997572708,4.28836818903372,0.012647092741899294,-0.26823265933652446,-0.0005258613353619087,0.012725085492807958,0.0019670846477929937,0,1,166.32838260838562,0.7897435897435896
10.84,4.296196856029218,0.00996099014691819,-0.2658392515202236,0.4496938962786566,0.11626983364236598,5.719721274032584,6.319070806909129,4.2970491752319715,0.010272130813287563,-0.26597092498604635,-0.0005242291050315143,0.012462238768524784,0.0021451458474784912,0,1,166.37708907875367,0.8542124542124541
10.86,4.304880182101971,0.007607019870334935,-0.2634950001558116,0.44989940530385963,0.11762471938498024,5.721033623088064,6.316776536698423,4.3057355436432845,0.007916930493858424,-0.26368259376471126,-0.0005221384893559643,0.013708240180074417,0.001526813110891423,0,1,166.42396889942637,0.6285714285714284
10.88,4.313569912987875,0.005273218812375979,-0.26114335090519614,0.4499327278606814,0.11824920587402955,5.716351167906992,6.326939984735457,4.314427311113716,0.005581734111470603,-0.26136789450373427,-0.0005195909101866103,0.01523017558475963,0.0021204218784122153,0,1,166.46953147013377,0.8461538461538461
10.9,4.322267960215939,0.002959234454496142,-0.2587548563773676,0.45009386159643344,0.12036695682721842,5.714625941008042,6.330159920060566,4.323124492338858,0.0032667823145417136,-0.25902705867111303,-0.0005166802546255797,0.01399638941040052,0.0017984106109374398,0,1,166.51661671786835,0.7252747252747253
10.92,4.3309740531825005,0.000665509247359815,-0.2563372201681885,0.4503905039229099,0.12144427994300014,5.72147383826415,6.342276544739146,4.331827099856648,0.0009723140416502537,-0.25666032034847974,-0.0005133021778440137,0.013751314198354958,0.0022058237433559835,0,1,166.57017893950683,0.8783882783882783
10.94,4.339696123035245,-0.0016097932353070987,-0.25389790962570413,0.45085044315439415,0.1226459300341769,5.717381609797244,6.345859061657508,4.340535144041055,-0.0013014335089767681,-0.25426791620769457,-0.0005094900206686247,0.013273697800932375,0.0017862597634253907,0,1,166.62216080818334,0.7252747252747253
10.96,4.348426512957224,-0.0038644196066746827,-0.2514305862577163,0.45091799181946196,0.124226698697221,5.716765773470084,6.354248515540765,4.349248633096601,-0.0035542249100817447,-0.25185008548717763,-0.0005052781356441146,0.016249725079966047,0.0020475740936233833,0,1,166.66899630268682,0.8219780219780218
10.98,4.357166933396343,-0.006098498625664733,-0.2489286653303833,0.4512485563217199,0.1262119201312693,5.715140280667796,6.365382940220591,4.3579675730537595,-0.005785826536090879,-0.2494070699679865,-0.0005006191062236071,0.014393424061565713,0.002174899369883243,0,1,166.7213623860015,0.8622710622710622
11.0,4.365919504430469,-0.008312178218705295,-0.24638369528442314,0.45154181618508665,0.12789334307660608,5.717446318343012,6.367936496629028,4.366691967765201,-0.007996006593915741,-0.24693911394963716,-0.0004953992858097507,0.011764750948143589,0.0017536858775352715,0,1,166.7714832667045,0.7172161172161171
11.02,4.374681351306243,-0.010504400295717049,-0.2438213920467624,0.45155524962884425,0.12875730107575606,5.708613618987304,6.370082377448628,4.375421818902915,-0.010184535153832377,-0.24444646422567473,-0.0004895634478509438,0.012567120650759205,0.0017370414754092067,0,1,166.81387950372545,0.709157509157509
11.040000000000001,4.383445616596539,-0.012673262773670759,-0.24122912251589862,0.45134131869122546,0.13021582862923137,5.706359432235123,6.36956857757287,4.384157125956205,-0.012351184180428167,-0.24192937005899423,-0.0004831596223518701,0.016800597305807363,0.0016353171871857364,0,1,166.85328763436368,0.6688644688644687
11.06,4.392213454668174,-0.014818811506891634,-0.23861917228018575,0.45142656339435777,0.13100983381659745,5.707834773439165,6.378237314125188,4.392897886230542,-0.014495727563606283,-0.23938808315691518,-0.00047615497679179514,0.014742927322602321,0.002049366739877767,0,1,166.90071892012082,0.8219780219780218
11.08,4.400992526175118,-0.016942747222221104,-0.2359871484348899,0.4518122705121093,0.13209114194981758,5.711124281671476,6.384239357847758,4.401644094847308,-0.016617941149637487,-0.23682285764600985,-0.00046860819240494904,0.014022965109763714,0.0019083643560071084,0,1,166.95331585994757,0.7736263736263734
11.1,4.409783768129019,-0.019045073391352675,-0.2333395097581409,0.4520387007584744,0.1327279338005329,5.70972030472192,6.386460356754307,4.41039574474441,-0.018717602772248702,-0.23423395004669167,-0.0004605666918909609,0.012232818784412642,0.0017275185759973444,0,1,167.0008108093677,0.701098901098901
11.120000000000001,4.418581446861193,-0.02112427289417595,-0.23067857174540118,0.4517984924430414,0.1333638338163005,5.699590263078065,6.378828411155607,4.419152826677778,-0.020794492283737556,-0.23162161924756292,-0.00045213770322513364,0.010230338425358454,0.0012745099685320116,0,1,167.03650136390723,0.5399267399267399
11.14,4.427375081797565,-0.023177775245281772,-0.22800594300917787,0.4513926479278054,0.13400118875464534,5.698718898345801,6.382334811620398,4.427915329223741,-0.02284839158610197,-0.22898612647952699,-0.00044341665760233573,0.009994537636038251,0.001822237080341793,0,1,167.07410913795954,0.7413919413919413
11.16,4.436172485105977,-0.025207312101964557,-0.22531716261614393,0.45129960237944877,0.13511595848315677,5.687587280748721,6.380061707655534,4.436683238782291,-0.024879084662173562,-0.22632773528966418,-0.0004344700089750017,0.010297019453379606,0.0015329935829164199,0,1,167.11340363185835,0.6285714285714284
11.18,4.444968792633839,-0.027211584368724992,-0.22260006915484337,0.45104021425473606,0.13645750653408092,5.68882233532998,6.384566440009344,4.445456539581223,-0.026886357606743426,-0.2236467115148783,-0.00042530295829314684,0.014281325215691342,0.0018753425044893413,0,1,167.1542844492918,0.7575091575091575
11.200000000000001,4.453771966407333,-0.02919218096445213,-0.2198661460556577,0.451282515550151,0.13654065125852735,5.694932147945898,6.3841030535758225,4.45423521368116,-0.028869998657668868,-0.22094332325531227,-0.0004158711189522206,0.011783531083037025,0.0017801192849115632,0,1,167.20296088217174,0.709157509157509
11.22,4.4625846822629756,-0.03114966482647901,-0.21714388250020858,0.45144709243002257,0.13606621356064968,5.693865160187627,6.387575166134921,4.463019240981464,-0.030829798226949083,-0.21821784084753984,-0.00040635855394705923,0.01022716727604192,0.0017684644535730376,0,1,167.2494834214748,0.7172161172161171
11.24,4.4714047597203495,-0.03308359956370144,-0.21441580457422074,0.4515012821241539,0.13675978699801994,5.6923977322032515,6.3893489543993445,4.471808599227042,-0.03276554893175815,-0.2154705368375302,-0.0003970397538048727,0.01217914102977306,0.001715529926173076,0,1,167.29373670408893,0.701098901098901
11.26,4.480230409132375,-0.0349934762891335,-0.21167272897673,0.4514559829044074,0.13793452595318517,5.684671295063302,6.3933477622154955,4.480603264016002,-0.03467704562542295,-0.212701685953395,-0.00038800984401104685,0.012900977664320265,0.0018375393306495624,0,1,167.33588795201157,0.7413919413919413
11.28,4.4890590584306596,-0.0368785272865174,-0.20889622248329814,0.4512979834402582,0.13927166307176186,5.683516066077076,6.39000188279602,4.489403208808233,-0.03656408542833398,-0.2099115650779153,-0.0003792514404380631,0.010584633069868508,0.0014905417858085412,0,1,167.3757808331571,0.6205128205128204
11.3,4.497889905081457,-0.03873836672579183,-0.20611084430801535,0.45119759278808624,0.13967649477698624,5.679269256333914,6.394547546406244,4.498208404934829,-0.038426467758776436,-0.20710045322085327,-0.00037072502643949027,0.010503836723923788,0.001854939184754656,0,1,167.41752055616806,0.7494505494505493
11.32,4.506725289446656,-0.04057339476292161,-0.20330272985915462,0.45115361401133736,0.14116187481839707,5.6738128762372915,6.395891892650657,4.507018821608411,-0.04026399436366934,-0.20426863149105254,-0.00036251115038007546,0.011333765344051004,0.0017175217219664307,0,1,167.4595433106459,0.701098901098901
11.34,4.515563363263925,-0.04238298449792107,-0.20046787341674663,0.4509635026775194,0.14211614666079783,5.670479863558664,6.3928970173952955,4.515834425934318,-0.042076469349199765,-0.201416383068326,-0.00035454676144611706,0.011634510537383414,0.0015017057615761553,0,1,167.4982480315335,0.6205128205128204
11.36,4.524402619483322,-0.04416666797129577,-0.19762270133294058,0.4508626108468708,0.14263410516976333,5.669190216751593,6.397821272213518,4.524655182922685,-0.04386369921133944,-0.19854399317513902,-0.0003468330314493894,0.01015274549372621,0.0018735045868880085,0,1,167.54070775263963,0.7575091575091575
11.38,4.533247976202439,-0.04592533513029436,-0.19475873524579154,0.4509390509631063,0.14388665499132314,5.664638017778587,6.400769840841239,4.5334810555013645,-0.04562549286623102,-0.19565174904808705,-0.0003394336143912514,0.010178300744076338,0.0017802226516351327,0,1,167.5852567030944,0.7252747252747253
11.4,4.5420976065293,-0.047658405196679805,-0.19186851359006118,0.450762082880231,0.14490608066589133,5.6597788075597935,6.396282366908895,4.542312004529735,-0.047361661680430885,-0.19273993990917315,-0.0003323164255559118,0.009212173746911245,0.0014269393114166862,0,1,167.62359146533439,0.5963369963369963
11.42,4.550946610353416,-0.04936475301074208,-0.18896635883122728,0.4504832884048111,0.14577642697298634,5.652087228962238,6.40048971387252,4.551147988813369,-0.04907201950099529,-0.1898088569368844,-0.00032547042181068313,0.009585172724377759,0.0018559190107604318,0,1,167.66182983572668,0.7494505494505493
11.44,4.559797090926553,-0.0510446374456406,-0.18603373485226674,0.45034329690028774,0.14695670998266822,5.6517494080769,6.395856736541198,4.559988965119556,-0.050756382685397075,-0.1868587932370755,-0.0003188821042732495,0.009266806933370769,0.0014596836021866788,0,1,167.70181594520295,0.5963369963369963
11.46,4.568649124870761,-0.05269789870806968,-0.1830966515701746,0.45017109386066306,0.14741923814662733,5.643085947087782,6.400785634925938,4.568834888193687,-0.05241457013125944,-0.1838900438136577,-0.00031251943286395484,0.009537459358167973,0.0018781735109231201,0,1,167.7416983756594,0.7575091575091575
11.48,4.577502592302248,-0.054324419350242854,-0.18012760496945113,0.4498940485023975,0.14913235097892255,5.635726316075261,6.394596856656894,4.577685710776474,-0.05404640330589353,-0.18090290553910005,-0.0003064255562010175,0.012622195520820383,0.0013655690608742055,0,1,167.7779711126679,0.5721611721611721
11.5,4.586352348537106,-0.05592301343966833,-0.17714050944979892,0.44941487309115596,0.14977002870190112,5.62757315669024,6.392376162136986,4.586541383622028,-0.05565170627562672,-0.1778976771247404,-0.000300477170299945,0.011929810116602272,0.0015570336157567644,0,1,167.81115957007611,0.6446886446886447
11.52,4.595198757562186,-0.0574936544141007,-0.17413303911811337,0.4490575565107757,0.15131066090427367,5.617047696326282,6.394274417594516,4.595401855516762,-0.05723030573490798,-0.17487465909091585,-0.00029466811704307195,0.013216396022414673,0.0017639992370008795,0,1,167.84724315636302,0.7172161172161171
11.540000000000001,4.604043648615324,-0.05903643953707145,-0.1710876415996481,0.44883091231514594,0.15270089912642182,5.6176901718154415,6.3916704983645865,4.604267073299141,-0.05878203103517732,-0.17183415373691033,-0.0002888651146913093,0.015499549369735077,0.0015312042281778737,0,1,167.88652526984097,0.6366300366300366
11.56,4.6128916621231815,-0.06055196320307992,-0.16803596194696158,0.44902036952816105,0.1527340768843124,5.6234579265537485,6.40219633163395,4.613136981880235,-0.060306714213485504,-0.16877646511072603,-0.000282972165303154,0.014276652402291312,0.0021248807363657973,0,1,167.93706702894386,0.8542124542124541
11.58,4.621753678394377,-0.06204202665485172,-0.16497292007657785,0.449593919045807,0.15376698578043313,5.625358746488001,6.411800202583082,4.6220115242651065,-0.06180419002085109,-0.16570189897867726,-0.00027710924230413817,0.01634206372379791,0.0020753688496418787,0,1,167.99380454970276,0.8300366300366299
11.6,4.630628785959586,-0.06350624765172978,-0.16188325194900394,0.44978568710587613,0.15535676934009512,5.6182425313242215,6.414158826221658,4.630890641575006,-0.06327429595034112,-0.16261076279481507,-0.00027128492429432993,0.014337519948414784,0.0017584386861300705,0,1,168.04004986750152,0.7172161172161171
11.620000000000001,4.639507048781542,-0.06494268384192088,-0.15876119391203655,0.44958996169784127,0.1564432180975215,5.61735215250831,6.410784456281879,4.639774273070359,-0.0647168722648623,-0.15950336567018164,-0.0002653878607062768,0.012676368434415528,0.0014946610847705877,0,1,168.0791449669365,0.6205128205128204
11.64,4.648386980952213,-0.06635091144537233,-0.15563319758233707,0.4496102089933378,0.15677604969325187,5.617255043148911,6.419291346825039,4.64866235617456,-0.06613176202464927,-0.1563800183419005,-0.0002593631397994574,0.014097000282392991,0.002049192576822234,0,1,168.12486092114662,0.8219780219780218
11.66,4.657275175433394,-0.06773188649791671,-0.15248349387735136,0.44975883093446906,0.15820237017505828,5.611847667561328,6.419964820636199,4.657554826498541,-0.06751881111443662,-0.1532410331421014,-0.00025326496341356844,0.012254108343608504,0.0016800802799847858,0,1,168.17009418260454,0.684981684981685
11.68,4.666166029302461,-0.06908449717122536,-0.1493094648167253,0.4495506575010791,0.1589360744050735,5.609972473763317,6.416428233095388,4.666451617866132,-0.06887786827030191,-0.15008672396668857,-0.000247008313159714,0.01124761563744962,0.0014836058441110578,0,1,168.20853322429286,0.6124542124542124
11.700000000000001,4.675057499764092,-0.07040830943585873,-0.14613041352452197,0.44946063290750593,0.1593598854803272,5.60691456632052,6.421996989258667,4.675352662340157,-0.07020878510616567,-0.1469174062439506,-0.00024058354786051184,0.010102165877917577,0.0019107630456319247,0,1,168.2508783818751,0.7736263736263734
11.72,4.6839534507996925,-0.07170381629853813,-0.14292976561828602,0.4494238810139402,0.16055164134634645,5.6019237056228794,6.419299761076413,4.684257890249325,-0.07151141613993638,-0.14373339690301928,-0.00023402375574331315,0.009808385360126425,0.0015187892109849166,0,1,168.29197888682597,0.6285714285714284
11.74,4.692849400399215,-0.07297018309467969,-0.13971388122109088,0.44916010941877477,0.16097337618522656,5.5992021899073565,6.417238924707882,4.693167230215837,-0.07278561881928654,-0.1405350143421751,-0.00022726402853470533,0.009119292375690195,0.0015478684591233582,0,1,168.32951867755844,0.6366300366300366
11.76,4.701745828002193,-0.07420741268649479,-0.1364914734308516,0.44912573506859316,0.16156352628759543,5.5978947359849185,6.42361653695731,4.702080609183748,-0.07403125354704751,-0.13732257839700884,-0.00022032945022350608,0.01121330016301557,0.001948435208561916,0,1,168.37340987629318,0.7816849816849816
11.78,4.710648597678794,-0.075416211477978,-0.13324733928062574,0.44931878678012044,0.16283057896188358,5.597564042714472,6.42831845382217,4.710997952448047,-0.07524818370621021,-0.13409641030843797,-0.00021322625608205463,0.011246032634063695,0.0018672872537844332,0,1,168.42125781534017,0.7575091575091575
11.8,4.719558384097805,-0.07659644008534931,-0.12998189034421406,0.44940117987360706,0.16360621191380656,5.596320369846264,6.428382157578223,4.719919183684437,-0.07643627568451887,-0.1308568326905826,-0.00020587353222111464,0.0110496571894075,0.0016423016811364377,0,1,168.46556883847722,0.6769230769230768
11.82,4.72847195025443,-0.07774751517178378,-0.12670629837845976,0.4493715620219943,0.16404042209119363,5.594812770807365,6.430204678600607,4.72884422497985,-0.07759539889864564,-0.12760416949850545,-0.00019825450746793224,0.009997216521257025,0.0017261086757243693,0,1,168.50817700387375,0.701098901098901
11.84,4.737389487539231,-0.07886937169850111,-0.12341822069871125,0.44946310383529803,0.16506814997343938,5.592944229513481,6.437886764683393,4.737772996863618,-0.07872542581793333,-0.12433874599581492,-0.0001903968967249275,0.009636692294163822,0.002015455021002921,0,1,168.55467542543772,0.8058608058608059
11.86,4.746314017847491,-0.07996219527310952,-0.12010170848273297,0.4496097069833464,0.16631464726030706,5.592674898313909,6.438264324365697,4.7467054183393325,-0.07982623198769459,-0.12106088872214009,-0.00018223581708988362,0.008043250025962942,0.0016603343646224844,0,1,168.6007016873069,0.6769230769230768
11.88,4.755242763606524,-0.0810254234950714,-0.11677343856256862,0.4495231123807683,0.1665001746216376,5.5896634279854265,6.435595568932092,4.755641406917376,-0.08089769605205473,-0.11777092546047647,-0.00017368281459729414,0.006991368872451161,0.0015115221110273969,0,1,168.64090499371767,0.6285714285714284
11.9,4.7641714613499655,-0.08205850656844231,-0.11344175117823267,0.4492810687919534,0.16680432573358356,5.5842365397183915,6.433735434585166,4.7645808786481,-0.08193969977632713,-0.11446918520440921,-0.00016479265067324733,0.006970104756199174,0.001556266912553117,0,1,168.67827319702897,0.6446886446886447
11.92,4.7730981871957425,-0.08306119557797252,-0.11010038804737501,0.4489656256958625,0.1671796770904294,5.5797029928298905,6.428056505977924,4.773523748155626,-0.08295212806890895,-0.11115599812521218,-0.00015560070438440528,0.00861125890300686,0.001374473605300186,0,1,168.71378346356488,0.5721611721611721
11.94,4.782021959574503,-0.08403335729556552,-0.1067587820239917,0.4488754292636389,0.16682985818894966,5.587294772761516,6.431545414203103,4.782469928672302,-0.08393486900268586,-0.10783169553883233,-0.00014612796137121868,0.008222807671413078,0.0018693517493752476,0,1,168.7580286517996,0.7413919413919413
11.96,4.790953654782868,-0.08497623501557175,-0.10342825002118614,0.44914762058065427,0.16651609982717586,5.584769794346588,6.432640669417122,4.791419332073727,-0.08488781383593463,-0.10449660987275775,-0.00013651204535772095,0.007708676520825002,0.0016623706584664166,0,1,168.80552907011236,0.684981684981685
11.98,4.7998889979915695,-0.08588941211597508,-0.10009241264336267,0.4489904369165133,0.16705253086996422,5.580056648336019,6.4299325408849946,4.8003718689144135,-0.08581085703271245,-0.1011510746327764,-0.00012691322170848383,0.009304222731367898,0.0015145227845680953,0,1,168.84428324150065,0.6285714285714284
12.0,4.808822807866973,-0.08677228713214523,-0.09674546809517409,0.4487844493542672,0.16806236600449428,5.573387931384492,6.4348814384922655,4.809327448463997,-0.08670389628272189,-0.09779542436962405,-0.00011733697987470156,0.008302760143568332,0.001899808991798757,0,1,168.88404954645242,0.7655677655677656
12.02,4.817757001317852,-0.0876248874797974,-0.09336522443945354,0.4486157734216006,0.16981432912724106,5.566087529288661,6.432531569457245,4.818285978744016,-0.08756683252064128,-0.09442999464553066,-0.00010767344511226234,0.011052397024357154,0.0015593717535170026,0,1,168.92288025377547,0.6446886446886447
12.040000000000001,4.826689141253368,-0.08844671129481697,-0.08996018095921313,0.4485941502659183,0.17048617129358332,5.574273747230774,6.439895654252044,4.827247366565262,-0.08839956994490998,-0.09105512200066382,-9.77051247024936e-05,0.013475099342711511,0.002005651257204144,0,1,168.96989270317945,0.8058608058608059
12.06,4.835631774992112,-0.08923876663792249,-0.08654963836864331,0.44911706731269485,0.17078651780004664,5.575955474719655,6.446692653287548,4.8362115175656335,-0.0892020160359583,-0.08767114391947621,-8.737106430391767e-05,0.011790994435337017,0.0019354433018623496,0,1,169.02454802330107,0.7816849816849816
12.08,4.844584126268731,-0.09000087413680186,-0.08312606492280328,0.44928326741333346,0.17148455409571206,5.574587760032957,6.446697638232808,4.84517833624853,-0.08997408157387254,-0.08427839879695571,-7.67172701735433e-05,0.013482382451871605,0.0016369901759418215,0,1,169.07030525133487,0.6688644688644687
12.1,4.8535393279091075,-0.0907323095224717,-0.07969501283852946,0.44923563103404573,0.17129891703614827,5.577869414210704,6.443394437078956,4.854147726021743,-0.09071568065548527,-0.08087722590478728,-6.572643672551811e-05,0.011841996877625514,0.0016513692686251913,0,1,169.1123292711692,0.6608058608058607
12.120000000000001,4.862496718034874,-0.09143304380923666,-0.07627774497572702,0.44922942987881426,0.17083390425416556,5.574933135646033,6.445467707283385,4.863119589236811,-0.09142673071088173,-0.07746796535742553,-5.449848074301364e-05,0.012135256630936944,0.001722206359148104,0,1,169.1549629584191,0.701098901098901
12.14,4.871455385351414,-0.09210307725393144,-0.07285359169952774,0.44903210066077426,0.171585672881483,5.567170080184649,6.440950627269605,4.872093827228868,-0.09210715251931338,-0.07405095807808476,-4.316993970944613e-05,0.01452027617203292,0.0014379185369642888,0,1,169.19223392348158,0.5963369963369963
12.16,4.880409009714671,-0.09274185382051918,-0.06941757724020517,0.4486601233045588,0.17166384450902408,5.567706598409362,6.435543741812731,4.881070340356934,-0.09275687022450985,-0.07062654576464511,-3.16897103795487e-05,0.013485701380724724,0.0015340020328579729,0,1,169.22798289500224,0.6205128205128204
12.18,4.889360169324796,-0.0933495801718632,-0.06599163669960809,0.4485315060263114,0.17138669181373756,5.563398506780425,6.437887852406692,4.890049028044625,-0.09337581134938075,-0.06719507085548425,-2.008110474456436e-05,0.014214510669424852,0.0017466114595803273,0,1,169.26835404387307,0.709157509157509
12.200000000000001,4.898312401395498,-0.09392654714428832,-0.0625558848923497,0.44870701615086594,0.1717476827992453,5.574204007837978,6.442562276247616,4.899029788821296,-0.09396390681009956,-0.06375687649523325,-8.423641369980336e-06,0.012898625840981268,0.001990344168839031,0,1,169.3184357846527,0.7897435897435896
12.22,4.90727501361581,-0.09447328612318076,-0.05912865568404919,0.44909579628167107,0.17131769980999195,5.57224432346852,6.4446426375044705,4.908012520363574,-0.09452109092956153,-0.06031230650046358,3.264115039667633e-06,0.013042938552485278,0.0017020385672657512,0,1,169.36852014320513,0.693040293040293
12.24,4.9162419188237845,-0.09498944598494508,-0.05569629320170038,0.4491123814841375,0.1719284840103845,5.572291358749824,6.447377466338473,4.916997119537268,-0.09504730145020836,-0.05686170532530396,1.4843095991085055e-05,0.013936142649248912,0.0017745165292749054,0,1,169.4125517707831,0.7252747252747253
12.26,4.925212913082484,-0.09547490409834694,-0.05225456122135828,0.4494663123370736,0.17189265890008446,5.585616661487098,6.454287294589983,4.925983482439645,-0.09554247954621249,-0.053405418026996394,2.634608420966624e-05,0.012660856565061683,0.0021145424654747114,0,1,169.46710431288628,0.8300366300366299
12.280000000000001,4.934197625927932,-0.09593013580790902,-0.0488248384831561,0.450047634123216,0.17149304963642448,5.585704196647514,6.459858251605555,4.934971504442034,-0.0960065698350141,-0.0499437902313902,3.770435906004612e-05,0.010661290231109372,0.0018580553162799163,0,1,169.5223364117235,0.7494505494505493
12.3,4.943190130209925,-0.09635483443481148,-0.04538634372820527,0.45019593900187405,0.1724322562537645,5.5844154365146474,6.463923994842254,4.943961080232777,-0.09643952038820482,-0.04647716809838086,4.877582856845419e-05,0.00887446381803587,0.0018362319230797453,0,1,169.56896799088028,0.7413919413919413
12.32,4.952185816399353,-0.09674860604860752,-0.041929493532537235,0.45012257278120993,0.17295086289085224,5.581090805060515,6.457559395163996,4.952952103860461,-0.09684128274175138,-0.04300589828729252,5.964628007376188e-05,0.010537455247225252,0.0013337179068277916,0,1,169.60879899708013,0.5641025641025641
12.34,4.96117808614509,-0.0971110798182396,-0.03847251578156026,0.4500004215757803,0.17321360337758573,5.580930152927638,6.466672438537901,4.961944468777451,-0.09721181190555435,-0.03953032792221358,7.036592599446905e-05,0.012841696081454902,0.002089426672820971,0,1,169.65251850771816,0.838095238095238
12.36,4.970175280804495,-0.09744252862764832,-0.03499566781511831,0.45027800329253,0.17400588609574907,5.584719179920046,6.465660283005829,4.970938067883681,-0.09755106637233565,-0.036050804557284245,8.097408949776425e-05,0.012088585240769617,0.0016370535596657576,0,1,169.70142145695863,0.6608058608058607
12.38,4.97917646269201,-0.0977427789379657,-0.031520444197058135,0.4503074938734199,0.17384034293379344,5.581380708684352,6.4672442811837785,4.979932793570696,-0.09785900812585106,-0.032567676141941115,9.153996886559114e-05,0.011947834002574787,0.0017061620579427172,0,1,169.74459480053372,0.701098901098901
12.4,4.988177798723763,-0.09801169967037354,-0.028036552145953644,0.4502024381585956,0.17444948829499257,5.578757340287031,6.465530580744687,4.988928537765919,-0.09813560264842172,-0.029081290986123737,0.00010202120472906618,0.010667494347902,0.0015669526212073182,0,1,169.78499719148147,0.6446886446886447
12.42,4.9971774315084305,-0.09824915264916172,-0.024544532960194834,0.4501378320337572,0.17496064824820362,5.577393749408848,6.469932798905278,4.997925191977124,-0.09838081892778153,-0.025591997725442076,0.00011248856818286897,0.010381884568693881,0.0018646047169799673,0,1,169.82789799485468,0.7575091575091575
12.44,5.006179744932518,-0.09845515557686198,-0.021036864029541285,0.4504694105172814,0.17550037004450733,5.587832625548603,6.477314567135076,5.006922647337096,-0.09859462946323612,-0.02210014528631447,0.00012302291247538516,0.013114478236558633,0.001984111709392833,0,1,169.88159631193608,0.8058608058608059
12.46,5.015193566250452,-0.09862977987890334,-0.017531079172509536,0.4509934099521802,0.17508696668827844,5.591637942903934,6.479455375543477,5.015920794648466,-0.09877701027112996,-0.018606082851074644,0.00013367481724988763,0.012511729765446879,0.0016992195428077173,0,1,169.93559784765787,0.693040293040293
12.48,5.0242143076590295,-0.0987729366140664,-0.014031005522163704,0.45125124590353644,0.17521378095499446,5.593815351279509,6.487333260928205,5.024919524428689,-0.09892794088961837,-0.015110159823055037,0.00014433104822292103,0.011909171811286015,0.002008130284629983,0,1,169.9858410310028,0.8058608058608059
12.5,5.03324188328247,-0.09888455556915819,-0.010518542212863202,0.45149580279482693,0.17583820597289448,5.594137157806946,6.486919784231841,5.033918726955142,-0.09904740438274219,-0.011612725791644886,0.00015497800987125077,0.013822545746009328,0.001613921887711145,0,1,170.03348908488616,0.6688644688644687
12.52,5.042270928418011,-0.09896444827795071,-0.007001261600084761,0.45139946314670215,0.17609838323023075,5.589049185564265,6.486468581371625,5.042918292310346,-0.09913538734380226,-0.008114130497332808,0.00016568070118215742,0.012395672367036216,0.001626987642425859,0,1,170.0738608367391,0.6688644688644687
12.540000000000001,5.0512967951442596,-0.09901252191726183,-0.0034726497841096613,0.4512046645338069,0.1764819356731741,5.58851558274573,6.482671582929898,5.051918110427257,-0.09919187989803227,-0.004614723796732438,0.00017648888275388722,0.010538513864435719,0.0014655719500258901,0,1,170.1127909964528,0.6124542124542124
12.56,5.0603190641461975,-0.09902874167934227,5.1780380022558366e-05,0.4509540406257136,0.17590294727023875,5.584841374915258,6.475470306720545,5.060918071134643,-0.09921687570456826,-0.0011148556275982966,0.00018746610213612485,0.01238239484954886,0.001330622474276122,0,1,170.14914701315922,0.5479853479853478
12.58,5.069334724551436,-0.09901322844311695,0.003563231954650674,0.4507258420003614,0.1752083670638921,5.58804926267021,6.475024083880606,5.06991806420249,-0.09921037195771344,0.0023851240261695615,0.00019853428993807064,0.010816446558123758,0.0016674424420438094,0,1,170.18899212035836,0.6688644688644687
12.6,5.078350390050599,-0.09896611300298673,0.00706209997084684,0.45085410742593907,0.1749576788805229,5.587662781500628,6.478441358449729,5.078917979387443,-0.0991723693874982,0.005884865169522399,0.00020959298046320507,0.010571842204759471,0.001787035470491194,0,1,170.2349828076493,0.7252747252747253
12.620000000000001,5.087367713934707,-0.0988874275155172,0.010565570117325732,0.450829415286314,0.1750961429988164,5.586632445725541,6.472904165428176,5.087917706478249,-0.09910287225953425,0.009384017831262633,0.00022059632216497803,0.009803510542371907,0.0014362853128766506,0,1,170.27618838622445,0.5882783882783882
12.64,5.096381286779846,-0.09877721507447929,0.014061486960913635,0.4506210760518686,0.1747291976134786,5.583880638724599,6.472605390176497,5.096917135341202,-0.09900188837416377,0.01288223209903942,0.0002315573920746752,0.011383082571188936,0.00162578066480773,0,1,170.3150064421457,0.6688644688644687
12.66,5.105390675081356,-0.09863555680111606,0.017557973582636638,0.45024469819771257,0.17460614798878332,5.575894919145426,6.458540305213704,5.10591615596552,-0.0988694290649032,0.01637915815434146,0.0002424474429084572,0.010740076259748349,0.0011225888560632558,0,1,170.34748142748975,0.4673992673992673
12.68,5.114386379547503,-0.09846269677638332,0.02104221389666634,0.4496058569072909,0.1742151700797145,5.569832085621347,6.457715468420794,5.114914658508702,-0.09870550919618329,0.01987444630747732,0.0002532630273743694,0.011501330700104562,0.001621920909122887,0,1,170.37911327129436,0.6688644688644687
12.700000000000001,5.123374500460274,-0.09825863561789125,0.024533508006950765,0.44949567747207886,0.1746797734408057,5.571747076821269,6.457531645936156,5.123912533341788,-0.09851014716038636,0.02336774703254472,0.00026401434856497075,0.012073161261009992,0.001630039019379692,0,1,170.42071412114282,0.6688644688644687
12.72,5.1323620355395105,-0.09802317839837026,0.028025157516788992,0.44956840946696575,0.1746939735958611,5.570822221714035,6.46027666902173,5.132909671094537,-0.09828336487418239,0.02685871100238162,0.00027479965015470356,0.012313804885826054,0.0017604857264503226,0,1,170.4653726910469,0.7172161172161171
12.74,5.141349996095017,-0.09775628101216315,0.03152171661029694,0.44960045889233125,0.17430038027957354,5.576910134452044,6.453223057065463,5.1419059627004655,-0.09802518777416606,0.03034698912350046,0.0002856522710211917,0.011062892575491616,0.0017848734446910264,0,1,170.5087473913474,0.709157509157509
12.76,5.150336432563325,-0.09745808128489863,0.034988242860930815,0.44949790507200704,0.17278618491410222,5.573728916553929,6.451089405088867,5.150901299441785,-0.09773564481179732,0.03383223257099603,0.00029651175173641374,0.010451450163510958,0.0015044251759784855,0,1,170.54874553809347,0.6285714285714284
12.780000000000001,5.1593186327228855,-0.09712891888359236,0.03844443882880668,0.4493776865373511,0.17290964306857542,5.57322178972257,6.452511511096005,5.159895572994154,-0.09741476844764829,0.03731409282342824,0.0003071735944972399,0.010740371433784613,0.001707844611819942,0,1,170.58990925567556,0.701098901098901
12.8,5.168299608365676,-0.09676869518852801,0.041906122981103015,0.449468462279123,0.1733027651483983,5.573994770745154,6.455843092005433,5.168888675471268,-0.09706259464495948,0.04079222169767277,0.00031767765756082425,0.012967232014325621,0.0017922442430888252,0,1,170.6354746476134,0.7333333333333333
12.82,5.177281785987994,-0.09637723949532863,0.045375405468781195,0.44957939663472163,0.17336655223656094,5.576635055765807,6.454186035728271,5.177880499469251,-0.09667916286250956,0.04426627138374094,0.0003281217645430919,0.010923679603915458,0.0016078774726603906,0,1,170.68053360197578,0.6446886446886447
12.84,5.186263698958606,-0.09595459412668132,0.048837306047170494,0.4496013964360896,0.17308471424483524,5.575049763150325,6.455937998103565,5.186870938110834,-0.09626451604680189,0.04773589447955917,0.0003385449716628764,0.00957450184668235,0.001707857715159078,0,1,170.72386475963046,0.701098901098901
12.86,5.195244272204304,-0.09550084184517085,0.05230363544583792,0.4495937322791374,0.17351974184564772,5.573993546438802,6.456226228291539,5.195859885089294,-0.0958187006235729,0.051200744025709226,0.0003489483013663991,0.01025461469695965,0.0016544838920548588,0,1,170.76659722837869,0.6769230769230768
12.88,5.204222646003823,-0.0950159655492825,0.05577317953236078,0.44952554815399975,0.1727198170743371,5.580205300682369,6.446513176362235,5.204847234712135,-0.09534176648862658,0.05466047354012416,0.0003594376683563002,0.01013521051740914,0.0018066146413019402,0,1,170.8077376189941,0.7172161172161171
12.9,5.213196873237567,-0.094500223245375,0.0592038420023425,0.44933826354804857,0.1708835558052419,5.575887811019695,6.443605535219038,5.213832881944507,-0.0948337669980007,0.05811473705273502,0.000369921345831521,0.009610534239597405,0.0014642759903832903,0,1,170.84602586439863,0.6124542124542124
12.92,5.222164676754788,-0.0939540634552063,0.06262160716117204,0.4491560902780521,0.17086005365532214,5.575899169013191,6.443093013610715,5.22281672245232,-0.09429475895746978,0.0615631891400694,0.0003801667445614642,0.008591839564902245,0.0016124755482403441,0,1,170.88573979032162,0.6608058608058607
12.94,5.2311297185216885,-0.09337731636818411,0.06603600247861552,0.44929593642823173,0.17021002608509417,5.585537739846797,6.443512425678014,5.2317986526450575,-0.09372480261139081,0.06500548495979225,0.0003902060812708151,0.008024536509796391,0.0019592990164459256,0,1,170.93347926046425,0.7736263736263734
12.96,5.240098239653989,-0.09276968048717894,0.06942691262342576,0.44949013492716006,0.16928983016409077,5.5817816398109965,6.443048161624152,5.240778569718238,-0.09312396163089824,0.06844128028519048,0.0003999780217224741,0.008843836226538369,0.001573409463474118,0,1,170.97897817965088,0.6527472527472528
12.98,5.249063940686542,-0.0921317166367333,0.07281657554021709,0.4494282792009891,0.16963623867315608,5.58357144886465,6.445617518935334,5.249756371695557,-0.09249230310145452,0.07187023153959411,0.00040937793718380684,0.008128679067766093,0.0017621493712612901,0,1,171.022009826225,0.7172161172161171
13.0,5.258029223729735,-0.09146320689837442,0.07621110643052084,0.44956380838237525,0.16982171529044218,5.58379145255047,6.446769559424937,5.258731957470633,-0.09182989750976271,0.07529199583073543,0.0004185119886411262,0.006835284780302353,0.001677782669311012,0,1,171.06762742439915,0.684981684981685
13.02,5.266993665163591,-0.09076413860633728,0.07960857559493095,0.4496043178644414,0.16982510018771332,5.585188411716967,6.446440151295404,5.26761101145372,-0.09114414698822582,0.07870623098503679,0.0004273708257192826,0.007758703506103984,0.0016119244470483296,0,1,171.11143921551002,0.6608058608058607
13.040000000000001,5.275955670441609,-0.09003463229324568,0.08300052314095331,0.4493979414768762,0.16898607507327584,5.581999888201499,6.4330550071500125,5.276308258250312,-0.09044259514664064,0.08211259558182828,0.0004355076621504675,0.00978422846119791,0.0013594044021586482,0,1,171.14749443839233,0.556043956043956
13.06,5.284902719144048,-0.08927590103091503,0.08636444728116059,0.44799302785232326,0.1677210784532533,5.5466189975636,6.397657645353136,5.284823701195946,-0.0897265423521155,0.0855107489874882,0.00044224610789485845,0.009348436884265164,0.00012959812893514888,0,1,171.1616066039464,0.056410256410256404
13.08,5.293800229040372,-0.08849129218794925,0.08971744950981943,0.4448107809099564,0.16755898415821846,5.495417164293086,6.345513907918014,5.293157350481184,-0.08899728724245601,0.08890035138950808,0.00044691998457458196,0.011203740129759119,0.0008182865979134979,0,1,171.1618017106354,0.2498168498168498
13.1,5.302621985470628,-0.0876835645024036,0.09306706851128306,0.440869768900744,0.1674046147315402,5.442985130177918,6.292460739488656,5.301309223105049,-0.0882561264440557,0.09228106383047242,0.0004491545186963835,0.011752110380133197,0.0008390073384074714,0,1,171.1618017106354,0.25787545787545785
13.120000000000001,5.31136069199666,-0.08685392991424344,0.096413568845345,0.43639792894936014,0.16718622808293543,5.372549864210256,6.220125955380024,5.309279342824045,-0.08750435429087851,0.09565254824195464,0.00044866824108827634,0.01075501988386176,0.0016913057978332202,0,1,171.1633278486427,0.5721611721611721
13.14,5.319993274635603,-0.0860052436270245,0.09975430460473729,0.43038342138535196,0.1669726287556244,5.2790190152523175,6.127164454257638,5.317067740096873,-0.08674326254461152,0.09901446747832253,0.00044520699167140886,0.012396406803201239,0.002732195777859492,0,1,171.1787228903757,0.9589743589743589
13.16,5.328489098385658,-0.08514135145603229,0.10309411944200929,0.4231437345301893,0.16693521919715054,5.179522911000436,6.026222801424657,5.324674452024823,-0.08597414011606605,0.1023664853504544,0.0004386188049779142,0.012763908150628542,0.0029618245576980007,0,1,171.21089761480502,1.0395604395604394
13.18,5.336832689266235,-0.08426479185360057,0.10642850197908724,0.41514113941916897,0.16609767938475314,5.067504749679568,5.903586465814056,5.332099522287906,-0.0851982727879029,0.10570826665935631,0.0004288667327441981,0.011581383913359306,0.0039307135662178805,0,1,171.26577753467254,1.386080586080586
13.200000000000001,5.345002984708017,-0.08337899182524268,0.10973571347208756,0.4062375469198162,0.165260351600007,4.944131086362506,5.787779770208209,5.339343001076811,-0.08441694293875787,0.10903947722968253,0.0004158473942426047,0.014609420729990058,0.004028248638626941,0,1,171.34066683495402,1.4344322344322342
13.22,5.352991126550081,-0.08248620191777528,0.11305035379866375,0.3968350394386956,0.16587053555091583,4.810355425747526,5.650884531699633,5.346404945020691,-0.08363142926884136,0.11235978394315141,0.0003995400442078405,0.012252646632392927,0.004542980752957171,0,1,171.44000894281683,1.6358974358974359
13.24,5.360779268083929,-0.08158961403609395,0.11636320706175446,0.3866774172937483,0.1653597139488568,4.677617957398548,5.5149316994986375,5.353285417110864,-0.08284300652708483,0.11566885477185881,0.0003801435078542583,0.010225845705962931,0.004475885481633302,0,1,171.55887698778915,1.5956043956043955
13.26,5.368362345990943,-0.08069121217222981,0.11966486581537358,0.3761260524960415,0.16484665319189146,4.526436468294901,5.362296731611872,5.359984486620469,-0.08205294523990629,0.11896635881147943,0.0003577740493005881,0.011068777786612742,0.0053224532674645,0,1,171.70661133150958,1.9260073260073256
13.280000000000001,5.37572105886113,-0.07979478290023599,0.12295864018507767,0.3646025334451918,0.16446794441686613,4.372657474797768,5.205868335010461,5.366502229020153,-0.08126251144166471,0.12225196631435749,0.0003325593435800304,0.009883928718910855,0.005411317758611756,0,1,171.8896189121241,1.9582417582417582
13.3,5.38284609345154,-0.07890302731535062,0.12624295629533436,0.35276928092994847,0.16389560804325998,4.211978520894073,5.041569216803109,5.372838725889838,-0.08047296640687242,0.1255253487224801,0.0003047048135921249,0.009767805377214793,0.005791755197934734,0,1,172.09343724937858,2.087179487179487
13.32,5.389728180408694,-0.07801875869513117,0.12951395808229693,0.3404254888988828,0.1631074067738781,4.046814625840478,4.871334859710511,5.378994064826627,-0.07968556638423334,0.12878617870033462,0.0002744165549056351,0.008505500775370005,0.006065781707631335,0,1,172.32424291084598,2.1919413919413913
13.34,5.396358765013034,-0.07714480949218082,0.13276639265814977,0.32762156499199807,0.16198004553404954,3.874867908568719,4.6918687224099225,5.384968339348947,-0.07890156233257278,0.13203413016764054,0.00024190323160245436,0.011827945177935043,0.006507619462723324,0,1,172.58519796818598,2.361172161172161
13.36,5.402728097331256,-0.07628429015676215,0.13599516560469263,0.3145558474924998,0.16141484390077676,3.700273469354293,4.5239203743564165,5.390761648796944,-0.0781221996587234,0.13526887833195775,0.0002073641800441439,0.010407159485240042,0.006366516949780243,0,1,172.85527870845627,2.3208791208791206
13.38,5.408838803696035,-0.07543860762630646,0.13923016992960371,0.3016821401645849,0.16144067038039286,3.5327804132725453,4.3452845994431595,5.396374098229264,-0.07734871795743077,0.13849009972116577,0.00017109657563979183,0.013897186232960134,0.00645952257862259,0,1,173.12286155517546,2.3450549450549447
13.4,5.414689958132754,-0.0746095950737293,0.14244324235320863,0.28854501706834323,0.1602780136844476,3.3528744697605015,4.167608514750392,5.401805798316227,-0.07658235075333975,0.1416974722158094,0.0001334344167400808,0.016322756647426044,0.006626609236260572,0,1,173.41148128145701,2.4256410256410255
13.42,5.42027495059984,-0.07380001509026629,0.14564848855851786,0.27518488744706854,0.15972604063019294,3.181840277343574,3.9851180114883187,5.407056865229533,-0.07582432524512155,0.1448906750813123,9.46154604235523e-05,0.01994995739049226,0.006648984305181294,0,1,173.71069583315912,2.4256410256410255
13.44,5.42559489777969,-0.07301149985903639,0.14882566058757815,0.2620428337593137,0.15831654115361535,3.008820205812307,3.81179534636381,5.412127420528525,-0.07507586205179981,0.14806938900004887,5.4930996682306475e-05,0.02095077174189284,0.006301175504203782,0,1,173.99974635404715,2.3208791208791206
13.46,5.430653621897101,-0.07224531613211953,0.15199051477030703,0.24874052018705325,0.1583086848584192,2.822454583777267,3.6279049881560947,5.417017591043106,-0.07433817496133244,0.1512332961032765,1.4601134700733143e-05,0.02414022475992092,0.006977776280658571,0,1,174.31459605075548,2.570695970695971
13.48,5.435440676686196,-0.07150477103639068,0.15516003373358636,0.23532968173317123,0.15852737690612753,2.6558303594679047,3.4602037937079237,5.421727508753405,-0.07361247068150384,0.1543820800029208,-2.603555044948698e-05,0.020773269941170937,0.006022203160914175,0,1,174.61645105133056,2.224175824175824
13.5,5.439972902084765,-0.07078892717849385,0.1583281656105748,0.2229333184999067,0.15808834201595437,2.4942582436646963,3.2933407816533498,5.426257310666258,-0.07289994859318114,0.15751542582321615,-6.66074490297936e-05,0.018852441044179855,0.005969544858936804,0,1,174.87442026899691,2.1919413919413913
13.52,5.444258286870093,-0.07009818045206685,0.16148014313178802,0.2103314054493824,0.15693521485501447,2.3234047435856344,3.114521935079156,5.430607138688569,-0.07220180050598521,0.1606330202321916,-0.00010686854688803657,0.02040645478685203,0.00655995114089844,0,1,175.1568309275203,2.4175824175824174
13.540000000000001,5.448287013855953,-0.0694358246019609,0.16460595511057732,0.19756264461491854,0.15587197907778616,2.1620617544831493,2.952615921652103,5.434777139497701,-0.071519210416427,0.1637345514730045,-0.00014664132358450412,0.02697620788498437,0.00579233700390297,0,1,175.4341835735467,2.151648351648351
13.56,5.452070736847092,-0.06880162183464747,0.1677208463251921,0.18545459799080707,0.15553410717134197,2.0007156225993414,2.7884503034543844,5.4387674644088895,-0.07085335426855636,0.1668197093951148,-0.00018571924382561984,0.02469484831522468,0.005872305594283228,0,1,175.68848317461948,2.1758241758241756
13.58,5.455613141694617,-0.06819653524851668,0.17082691400488229,0.1734534873826433,0.15514343795777466,1.845544989265576,2.6329120902567182,5.442578269239857,-0.07020539971716998,0.16988818548530157,-0.00022388964150534376,0.022952444394061168,0.005560359975747914,0,1,175.9335083901108,2.071062271062271
13.6,5.45892197037877,-0.06762077484487851,0.17392612853828499,0.16179022683641867,0.1542359850065508,1.695488560492562,2.4695006443463305,5.446209714172664,-0.06957650589362228,0.17293967289851284,-0.0002609534627989068,0.020926457025930587,0.005882515661688542,0,1,176.16993963945973,2.1758241758241756
13.620000000000001,5.461999108205613,-0.06707554923941453,0.17698967151542655,0.1503338871743225,0.15235288885113385,1.5514064366507245,2.3214668357653103,5.449661963612898,-0.06896782317428214,0.17597386648855046,-0.00029677684430873415,0.020614524341792992,0.005170923373639669,0,1,176.39036630474422,1.9260073260073256
13.64,5.464856329528554,-0.06656029768779764,0.18002856012678745,0.1394858316237994,0.15160939276394023,1.4087428602862204,2.176996177209482,5.452935186046315,-0.06838049295167592,0.17899046283858333,-0.0003312800539477163,0.022941216055245583,0.005024332477184229,0,1,176.58852806650435,1.8857142857142855
13.66,5.467499477874526,-0.06607537203342143,0.18305593302474657,0.1286421887736135,0.15092135120546082,1.265233557680342,2.026976599842361,5.456029553892998,-0.06781564740835506,0.18198916029149054,-0.0003643626029825732,0.02338952178032195,0.005294000514473984,0,1,176.7924881220746,1.9743589743589742
13.68,5.469927462512856,-0.06562234427792989,0.18606356794224774,0.1181279148474707,0.14992243511184614,1.1374547727502264,1.8963435595766696,5.45894524335914,-0.0672744092935263,0.18496965898002576,-0.00039592980508989855,0.021460406938787823,0.00438741055047126,0,1,176.97175064407415,1.6439560439560437
13.700000000000001,5.472158548286891,-0.0651991248639587,0.18905633266913524,0.10835943958331533,0.14936907443806619,1.004294979036037,1.761104735392563,5.461682434286552,-0.0667578917024781,0.1879316608568041,-0.0004259036208166063,0.02055254336297517,0.00465719201237999,0,1,177.1332532971239,1.7648351648351646
13.72,5.474193217609907,-0.06480686734704139,0.19203918121997415,0.09848301888426618,0.1487846069646272,0.8793399570960105,1.6313503367647444,5.464241310000003,-0.06626719785883751,0.19087486972410567,-0.0004542465815201419,0.02406241253731507,0.004400818950189525,0,1,177.29467008050466,1.652014652014652
13.74,5.476038645734814,-0.06444539492724262,0.19500546391025858,0.0892818787131329,0.14763741141662215,0.767208099513961,1.5107242506482426,5.466622057152448,-0.06580342089968828,0.19379899126349673,-0.0004809200739893495,0.024412146121586646,0.004028668083672915,0,1,177.42942996554876,1.5230769230769228
13.76,5.477709387195579,-0.06411301303548278,0.1979442869850193,0.08061901232013155,0.1464411536201833,0.6519672911083549,1.3938340715609387,5.468824865568298,-0.06536764366357976,0.19670373306526004,-0.0005059339585351461,0.025799309186025805,0.0039052761408959746,0,1,177.55150680212927,1.4908424908424907
13.780000000000001,5.479209274123326,-0.0638100534517901,0.20086758108100536,0.07197811429897025,0.14560155130944658,0.541203381498889,1.2745371486742203,5.470849928084796,-0.06496093848145401,0.19958880465763632,-0.0005293388613902147,0.021909919064800127,0.0040521228971985845,0,1,177.67551510842,1.5311355311355312
13.8,5.480539707645735,-0.06353729067743405,0.20376430905309012,0.06337234371037206,0.14390942867790585,0.4300032531071075,1.1533095091119678,5.472697440391616,-0.06458436697051664,0.20245391753587003,-0.0005511830288754322,0.019253181703434503,0.004216921975776597,0,1,177.80373932035374,1.5875457875457872
13.82,5.481701034389581,-0.06329571515010454,0.20662391442891748,0.05498234838236511,0.1419292090702562,0.32837289365660377,1.041201846612376,5.4743676008687725,-0.06423897983107567,0.2052987851910612,-0.000571535174982663,0.017894934289347953,0.0038587596097855864,0,1,177.92382601925362,1.4586080586080585
13.84,5.482704085979458,-0.06308409101575178,0.209444952895498,0.04719253119317196,0.14047209024349894,0.2261751651647907,0.9380463714502795,5.475860610422968,-0.06392581664636975,0.208123123138815,-0.0005904639752888791,0.018467370843935096,0.0035396966595478627,0,1,178.03008531152068,1.3538461538461537
13.86,5.483556468047621,-0.06290175478038862,0.21225095544421738,0.03953955675761796,0.14006679435904393,0.12267006437674886,0.8319241984419823,5.4771766723224475,-0.06364590568540623,0.2109266489476903,-0.0006080544286869041,0.017066547212626033,0.00375793280268763,0,1,178.14053974147123,1.418315018315018
13.88,5.484258614122347,-0.06274950318432729,0.215047382218513,0.03214632086352638,0.13955090977225396,0.03181216837342364,0.7384762707516581,5.478315992030495,-0.06340026370882702,0.21370908226744267,-0.000624390904757457,0.023263100705341145,0.0032752734138802725,0,1,178.24255196167698,1.2329670329670328
13.9,5.4848239758408495,-0.06262526179780628,0.2178313839850743,0.025304078695283595,0.1383638154945197,-0.05718872418388146,0.6359602234136562,5.479278777037666,-0.063189895777819,0.21647014485705837,-0.0006395607987317357,0.03363528605567948,0.0038961868832181265,0,1,178.34102245061914,1.4505494505494505
13.92,5.485253605527234,-0.06252960852412687,0.2205770095572462,0.01852830373023324,0.1364610989112303,-0.14154457117933758,0.5480422348724938,5.480065236692844,-0.06301579506608311,0.21920956061257954,-0.000653701253685767,0.03317744937958772,0.003352744907929958,0,1,178.4392586058947,1.249084249084249
13.94,5.485557365232863,-0.062461113761146256,0.22329894814715287,0.012297486370036234,0.1358405789759333,-0.22576050827965283,0.4631857310678234,5.480675582033253,-0.06287894267487557,0.22192705559471348,-0.0006669467473510283,0.04633704338684998,0.0034198144855828692,0,1,178.53126319111013,1.281318681318681
13.96,5.485739534548232,-0.062419527662664086,0.22601140579273776,0.005938460262838818,0.13489036749872851,-0.31044458137609343,0.3655739910513204,5.4811100256135195,-0.06278030745113183,0.2246223580562268,-0.0006794522099723274,0.039073991347322805,0.0041495807587482066,0,1,178.6406468893632,1.5230769230769228
13.98,5.485793437525159,-0.06240709136916179,0.22868768288435587,-0.0007672828198669098,0.13279908831401085,-0.398744345563675,0.26936139751447596,5.481368781333874,-0.0627208458086825,0.22729519846911891,-0.0006913813162671177,0.03786221820676128,0.004262439146209454,0,1,178.77060252753125,1.5633699633699631
14.0,5.485717496591299,-0.062424897117763105,0.23132841500227955,-0.00715433781528865,0.13122240510861788,-0.4747844036123591,0.18574566597780925,5.481452064267636,-0.06270150155256916,0.22981334791940028,-0.0007023152863576513,0.03905277890430122,0.0038469942070130537,0,1,178.8931135637433,1.402197802197802
14.02,5.485525386871096,-0.06247042483920882,0.23393355303803753,-0.01284625112504979,0.12821997225889536,-0.5353925044146599,0.09357926152504281,5.481452064267636,-0.06270150155256916,0.22981334791940028,-0.0007028842512365704,0.04191414415632999,0.00449709898976212,0,1,179.00561432821152,1.6278388278388274
14.040000000000001,5.48522566960293,-0.06254224916390394,0.23643405409336804,-0.01796886069987718,0.11980363273874978,-0.5597883115222616,-0.002239095395168182,5.481452064267636,-0.06270150155256916,0.22981334791940028,-0.0007045459079285294,0.046631271463819,0.004961761675122893,0,1,179.1135798821672,1.7809523809523808
14.06,5.484837785989448,-0.06263617333913554,0.23870283373037102,-0.021944016982418733,0.1064033408919214,-0.5719581555817824,-0.08334920674050893,5.481452064267636,-0.06270150155256916,0.22981334791940028,-0.000707642464811445,0.040722573362324904,0.004523808292584502,0,1,179.20458967331072,1.6117216117216118
14.08,5.484380982441918,-0.0627478145338551,0.2407000243760851,-0.025190327244832302,0.09229220100580937,-0.5746969916297994,-0.16414447606819715,5.481452064267636,-0.06270150155256916,0.22981334791940028,-0.0007122905714713373,0.044623658468030014,0.004656026651386267,0,1,179.28681555948143,1.6600732600732597
14.1,5.483865296942383,-0.06287485769554173,0.24240124525566228,-0.027782475160094952,0.07713906535336716,-0.5614352938081107,-0.22752516936924969,5.481452064267636,-0.06270150155256916,0.22981334791940028,-0.0007185226505706593,0.04733220822029396,0.003938334959738535,0,1,179.35756125861874,1.386080586080586
14.120000000000001,5.483310319365808,-0.06301249356772176,0.2438021546536341,-0.029421250889603977,0.06265235788895497,-0.547588464438682,-0.28058034863601733,5.481452064267636,-0.06270150155256916,0.22981334791940028,-0.0007261183770321605,0.044868999404119675,0.003526223256998768,0,1,179.41035504067014,1.2410256410256408
14.14,5.482727175013987,-0.06315789819744008,0.2449258576052777,-0.03061024034054808,0.048584723209169296,-0.5188073918557533,-0.3312075722765949,5.481452064267636,-0.06270150155256916,0.22981334791940028,-0.0007348623394743881,0.05186279281088412,0.0034614249899387016,0,1,179.4578731378731,1.2168498168498167
14.16,5.482126809200045,-0.06330822334715462,0.24575266709837892,-0.031254957211225086,0.03380897174377243,-0.4910044194101353,-0.3712108616505437,5.481452064267636,-0.06270150155256916,0.22981334791940028,-0.0007444744797364932,0.05414075148779838,0.00300956204388245,0,1,179.50024123188717,1.0476190476190477
14.18,5.481516750435108,-0.0634614235508486,0.24630121107848665,-0.031683438180696785,0.0206010823986418,-0.4649630936392884,-0.4088286442038991,5.481452064267636,-0.06270150155256916,0.22981334791940028,-0.0007546780723755398,0.05196472568068144,0.00289291579033759,0,1,179.53523584524308,1.0073260073260073
14.200000000000001,5.480899483663591,-0.06361671293803547,0.24659519310861394,-0.03177594141735698,0.00862328791920893,-0.43172794562427863,-0.4293195208618054,5.481452064267636,-0.06270150155256916,0.22981334791940028,-0.0007652739681384533,0.04760441575553095,0.002061447351928123,0,1,179.5615084066377,0.709157509157509
14.22,5.480288226561541,-0.06377061065750864,0.2466638832488013,-0.03124804395062532,-0.0025968584141757545,-0.3934624132252739,-0.45317152570837194,5.481452064267636,-0.06270150155256916,0.22981334791940028,-0.0007758837619802419,0.04307589426099635,0.002246417378809179,0,1,179.5840245349991,0.7736263736263734
14.24,5.4796878634733295,-0.06392173927690772,0.24649721712908543,-0.03050134828154486,-0.01454942197814568,-0.3488554019542826,-0.4674859133810823,5.481452064267636,-0.06270150155256916,0.22981334791940028,-0.0007862788687595672,0.03856372720631823,0.001795705046188631,0,1,179.60741808145423,0.6124542124542124
14.26,5.479106991458047,-0.06406778991181639,0.24609762716089792,-0.029357362566214587,-0.0255851002079297,-0.3085635225026267,-0.47688670482038065,5.481452064267636,-0.06270150155256916,0.22981334791940028,-0.0007961694809051524,0.03566619552314383,0.001547971255807315,0,1,179.6265051326393,0.5238095238095238
14.280000000000001,5.478548007955877,-0.06420804051710599,0.24549318412199453,-0.028244501263475524,-0.03494531706504677,-0.27337861918474615,-0.4826197371063043,5.481452064267636,-0.06270150155256916,0.22981334791940028,-0.0008053986633900475,0.03924198411332127,0.0013123687771384104,0,1,179.6403355652243,0.4432234432234432
14.3,5.478010323073548,-0.06434255414885567,0.2447159081084142,-0.027080486764630006,-0.043227444515920505,-0.23419086153730725,-0.4860448002561528,5.481452064267636,-0.06270150155256916,0.22981334791940028,-0.0008138934392822225,0.03674560971805264,0.0013029576913070676,0,1,179.65204896398927,0.4996336996336996
14.32,5.477497039822592,-0.06447049695622366,0.24377336471328045,-0.025785609805568474,-0.05112496118494905,-0.1998319287518537,-0.4865286685843648,5.481452064267636,-0.06270150155256916,0.22981334791940028,-0.0008215487335110324,0.04340574622168343,0.0010844725240391276,0,1,179.6623610668807,0.419047619047619
14.34,5.477008640402792,-0.06459171204901717,0.24268649731240563,-0.024355654039926056,-0.05749309361391272,-0.1632738053715263,-0.4753250700913559,5.481452064267636,-0.06270150155256916,0.22981334791940028,-0.0008283216237715029,0.042037348145072,0.001186430850418167,0,1,179.6698596164625,0.4593406593406593
14.36,5.4765518324762406,-0.06470453377073832,0.24148846657001802,-0.02272347351863639,-0.06246078058154169,-0.13281182665114055,-0.4681056817229967,5.481452064267636,-0.06270150155256916,0.22981334791940028,-0.0008341182225931143,0.04016243675740918,0.0008950382093079259,0,1,179.67545110503335,0.3465201465201465
14.38,5.476123216245396,-0.06480982717649217,0.2401958676879535,-0.021311593321415804,-0.0669338011679656,-0.10173765491774664,-0.4578857196543255,5.481452064267636,-0.06270150155256916,0.22981334791940028,-0.0008390063823149271,0.03674716800320197,0.0009638469806713418,0,1,179.67992642412975,0.37875457875457874
14.4,5.475723545689769,-0.06490744563438089,0.23881869172568626,-0.01972207427532278,-0.07083096404125477,-0.0701895069650076,-0.44324562589951777,5.481452064267636,-0.06270150155256916,0.22981334791940028,-0.0008430150795013225,0.03846513197627065,0.0009999780851088049,0,1,179.6844513893212,0.3868131868131867
14.42,5.475355838742317,-0.06499670779747438,0.2373719248203761,-0.018077909459684717,-0.07359954367453257,-0.045455984755858055,-0.42552025960526313,5.481452064267636,-0.06270150155256916,0.22981334791940028,-0.000846168352961746,0.03608259337887537,0.000684797304834174,0,1,179.6879176756081,0.2739926739926739
14.44,5.4750184061666864,-0.0650780965135584,0.2358879518307119,-0.016608004397254354,-0.07438892060730341,-0.029064055147219454,-0.4046890159223034,5.481452064267636,-0.06270150155256916,0.22981334791940028,-0.0008485515549801728,0.03720355245777572,0.00039022311846925034,0,1,179.68967924937837,0.16117216117216118
14.46,5.474708046825349,-0.06515246745638284,0.23440457041234816,-0.015215762868728132,-0.07434593664191044,-0.005900978064491888,-0.3877799363287534,5.481452064267636,-0.06270150155256916,0.22981334791940028,-0.0008502686570994317,0.03246670305837351,0.0006474615519282559,0,1,179.6914966419925,0.25787545787545785
14.48,5.474425418639801,-0.06521974929103057,0.2329101783157082,-0.01381909334054823,-0.07467959635557489,0.008410391065914848,-0.36720934805259353,5.481452064267636,-0.06270150155256916,0.22981334791940028,-0.0008514000716162073,0.03866635865297619,0.00046751554416294555,0,1,179.6933204046375,0.18534798534798533
14.5,5.474168225935075,-0.06528057069825301,0.23142725869000647,-0.012529996358319412,-0.0734719155710899,0.022770067654648365,-0.34481851671648917,5.481452064267636,-0.06270150155256916,0.22981334791940028,-0.0008520350055161452,0.0378068975217037,0.0006282715630898071,0,1,179.69506665661027,0.24175824175824176
14.52,5.473936888658043,-0.06533491929459971,0.22997361892291968,-0.011150889613379284,-0.07161649361538411,0.03572867668208083,-0.3186468128950337,5.481452064267636,-0.06270150155256916,0.22981334791940028,-0.00085225706304975,0.03600608797462181,0.0008595124331747354,0,1,179.69782120759186,0.32234432234432236
14.540000000000001,5.473732784427861,-0.065382561680997,0.22856495916078784,-0.009798125552888332,-0.06923461777920271,0.0469299839257474,-0.2966312040845003,5.481452064267636,-0.06270150155256916,0.22981334791940028,-0.000852152797288233,0.03740964417367656,0.0007053626245993282,0,1,179.70067098827877,0.2659340659340659
14.56,5.473552676289045,-0.06542433926243842,0.2272032870887697,-0.008696141415145393,-0.06638890876886161,0.04899101298055366,-0.2725410105534235,5.481452064267636,-0.06270150155256916,0.22981334791940028,-0.0008518041269799045,0.03961931094381119,0.0008694582897223364,0,1,179.70336597435292,0.32234432234432236
14.58,5.473391915465415,-0.065461403713272,0.22591584612252413,-0.007747492454592361,-0.062031606108152004,0.05002094921428762,-0.24700039842211213,5.481452064267636,-0.06270150155256916,0.22981334791940028,-0.0008512734761141568,0.04867854097249512,0.0010084677334828325,0,1,179.70712202577687,0.37069597069597066
14.6,5.473249978160835,-0.06549394248185937,0.2247189377808189,-0.00675672834659687,-0.05782862533756041,0.05636152143843413,-0.22537197387707392,5.481452064267636,-0.06270150155256916,0.22981334791940028,-0.0008506240462838816,0.05075493137229603,0.0008412691199528068,0,1,179.710705085031,0.3142857142857142
14.620000000000001,5.473127811857278,-0.06552179980746119,0.22359650921081312,-0.00571405389822845,-0.053460957626499835,0.05329701445361673,-0.192964693741846,5.481452064267636,-0.06270150155256916,0.22981334791940028,-0.0008499200042637626,0.04963097679399819,0.001399283816624972,0,1,179.71633403065718,0.5076923076923076
14.64,5.473025576205905,-0.06554499705308069,0.2225882456312838,-0.004865694690032001,-0.0475539144574983,0.04895623175720742,-0.17521543189947733,5.481452064267636,-0.06270150155256916,0.22981334791940028,-0.0008492185192619597,0.04668739145260428,0.0007597810444958785,0,1,179.72203289477252,0.2739926739926739
14.66,5.472935595337567,-0.06556532268787618,0.22168162076598685,-0.004177929243739713,-0.042675009700101775,0.049408236422111534,-0.1462598452689033,5.481452064267636,-0.06270150155256916,0.22981334791940028,-0.0008485125090492971,0.049336433959147316,0.0013166926915913028,0,1,179.72708912578346,0.4835164835164835
14.68,5.47286373174439,-0.06558149161215947,0.22088099588451526,-0.0032814945359702845,-0.0370972585027569,0.04236742620863491,-0.12438820593565295,5.481452064267636,-0.06270150155256916,0.22981334791940028,-0.0008478861115649005,0.05275096176945941,0.0010008582063201245,0,1,179.7331705578358,0.3626373626373626
14.700000000000001,5.472804341000048,-0.06559480711108502,0.2201940947881651,-0.0027785127698548634,-0.031131879621751016,0.032543773261463495,-0.10062592298254612,5.481452064267636,-0.06270150155256916,0.22981334791940028,-0.0008473225706901711,0.04906950720878235,0.0011466256742965987,0,1,179.73920907599305,0.4109890109890109
14.72,5.472754824393056,-0.06560587614530333,0.2196308220409931,-0.0022698973888472503,-0.02547697474204859,0.02996107892078965,-0.08404280798275847,5.481452064267636,-0.06270150155256916,0.22981334791940028,-0.0008468209139141868,0.051647249315784675,0.0008073119911295966,0,1,179.74406799952519,0.2901098901098901
14.74,5.472714945032725,-0.0656147691941354,0.21916194973739545,-0.0018665899988278961,-0.02073333845816344,0.016958655283168807,-0.06503444438445143,5.481452064267636,-0.06270150155256916,0.22981334791940028,-0.0008463958048810431,0.04313919725863365,0.0009283409770450939,0,1,179.74841997453052,0.33040293040293034
14.76,5.4726806830045875,-0.06562239441610666,0.21880431191939587,-0.001557425196286883,-0.014984091564374935,0.011087434820653452,-0.045606171278958094,5.481452064267636,-0.06270150155256916,0.22981334791940028,-0.0008460158060950361,0.03932159896535089,0.000983939747596264,0,1,179.75359465965838,0.3545787545787545
14.780000000000001,5.4726550661283015,-0.06562808748277274,0.21855357881126755,-0.0010390122308586607,-0.009733470399783933,0.0040239044395616735,-0.024138562395607903,5.481452064267636,-0.06270150155256916,0.22981334791940028,-0.0008457237795657948,0.043969030198835704,0.0010779794271470154,0,1,179.75868070980957,0.3868131868131867
14.8,5.472639264134974,-0.06563159596161812,0.2184108834358043,-0.0006321755446622872,-0.00449329692853235,-0.004557464909480988,-0.009609760609159999,5.481452064267636,-0.06270150155256916,0.22981334791940028,-0.0008455403893118047,0.050659270195892704,0.0007651699153964339,0,1,179.76317100900621,0.2739926739926739
14.82,5.472629157649655,-0.06563383882126933,0.21836646000472665,-0.0003166602205600036,0.0005667166460174604,-0.012919106686709217,0.012490936420061917,5.481452064267636,-0.06270150155256916,0.22981334791940028,-0.0008454220670502774,0.0424274058839224,0.0011458042893213297,0,1,179.76808200059818,0.4109890109890109
14.84,5.472627453162945,-0.06563421704854035,0.21843276607937975,9.060073556088848e-05,0.006135765212096499,-0.02233670167153586,0.028016759197608505,5.481452064267636,-0.06270150155256916,0.22981334791940028,-0.0008454020754376174,0.048916654757124874,0.0008448608139614146,0,1,179.7733028525721,0.3062271062271062
14.86,5.472630671863828,-0.06563350230500832,0.2186013993886586,0.00017085302394279628,0.010625090821920239,-0.032514727270680006,0.035128508981941975,5.481452064267636,-0.06270150155256916,0.22981334791940028,-0.0008454393297645272,0.04265898560395101,0.0005906903130789515,0,1,179.7764161491099,0.2095238095238095
14.88,5.472633432372772,-0.06563288871931307,0.218847587439062,0.0002567305183583454,0.014183562374862325,-0.03545806712537499,0.05042888091208998,5.481452064267636,-0.06270150155256916,0.22981334791940028,-0.0008454707081890075,0.03597080025668628,0.0008305586988245611,0,1,179.7789298679154,0.29816849816849816
14.9,5.4726423231498185,-0.06563090979790205,0.21916548604864705,0.0005243187773375083,0.017772480337005868,-0.04596565516068461,0.058027430381939374,5.481452064267636,-0.06270150155256916,0.22981334791940028,-0.0008455690962543903,0.03648100369213067,0.0005949716503577391,0,1,179.78146522747988,0.21758241758241753
14.92,5.472651844096998,-0.06562878727099798,0.21955458666409003,0.0005963387747801753,0.021287795773875403,-0.04870266150626289,0.07274557963782456,5.481452064267636,-0.06270150155256916,0.22981334791940028,-0.0008456712044673919,0.030127642914040895,0.0008148985010203403,0,1,179.78394929587296,0.29816849816849816
14.94,5.472667199539804,-0.06562535701965694,0.2200130612917344,0.00084648183428797,0.024709966797577837,-0.05889985562621749,0.07954536342449477,5.481452064267636,-0.06270150155256916,0.22981334791940028,-0.000845829043215516,0.03660166656131328,0.0005690773147144917,0,1,179.7863278483346,0.2095238095238095
14.96,5.472682545214519,-0.06562192135528669,0.22053775944184992,0.0007924820235737348,0.027600435772239904,-0.061932232071701974,0.0858903034928884,5.481452064267636,-0.06270150155256916,0.22981334791940028,-0.0008459793861187751,0.03843491154150211,0.000405207941667313,0,1,179.78772925134678,0.14505494505494504
14.98,5.472699291494342,-0.06561816226008182,0.22110840717563843,0.0009305600240157101,0.029532525143113022,-0.06466681422273049,0.09241998855274791,5.481452064267636,-0.06270150155256916,0.22981334791940028,-0.0008461338534668803,0.044973710307658246,0.00038975934024890885,0,1,179.78850969428663,0.13699633699633695
15.0,5.4727183008628755,-0.0656138835138632,0.22171752607957568,0.0009450476641401389,0.0317070342537842,-0.07451088007950682,0.0973442303121969,5.481452064267636,-0.06270150155256916,0.22981334791940028,-0.0008462978540462068,0.04199556673448445,0.0005090271618841532,0,1,179.78963024336488,0.18534798534798533
15.02,5.472734837555866,-0.06561015061999359,0.22237480644581223,0.0007364958260075489,0.03344214352933252,-0.07616471299526656,0.0928640111456131,5.481452064267636,-0.06270150155256916,0.22981334791940028,-0.0008464300908719237,0.03820448027928567,0.00012570226065974563,0,1,179.7903700946296,0.04835164835164834
15.040000000000001,5.472747490000542,-0.06560728566456718,0.2230421440890277,0.0006248229394887075,0.03354572878210875,-0.07753467793833753,0.0960317932761075,5.481452064267636,-0.06270150155256916,0.22981334791940028,-0.0008465226317257895,0.03512688647576953,0.00020387308761869206,0,1,179.7905260924909,0.07252747252747252
15.06,5.4727604883664425,-0.06560433294205226,0.22372032217599466,0.000711681949197692,0.03423917809168466,-0.07741439030092678,0.09836406036651815,5.481452064267636,-0.06270150155256916,0.22981334791940028,-0.0008466085123777648,0.0334972631954851,0.00016017874087108277,0,1,179.79067920428074,0.056410256410256404
15.08,5.47277515102283,-0.06560099162598083,0.22440959966509014,0.0007957562529670144,0.03473754027203994,-0.07769304658723207,0.10088620299732218,5.481452064267636,-0.06270150155256916,0.22981334791940028,-0.0008466951343677163,0.03518381786027832,0.0001705763201445597,0,1,179.7908005673468,0.06446886446886446
15.1,5.4727910729229965,-0.06559735183978412,0.22510740907867785,0.000762554386392713,0.034633602606380105,-0.07691659289475325,0.09390602092614432,5.481452064267636,-0.06270150155256916,0.22981334791940028,-0.0008467779837533348,0.03263920027642516,0.00029998731214410986,0,1,179.79100754505782,0.10476190476190475
15.120000000000001,5.472803965715315,-0.06559439532260129,0.22578877493836558,0.0006218303020339612,0.03377262085876749,-0.07683817169510758,0.09482052231804879,5.481452064267636,-0.06270150155256916,0.22981334791940028,-0.0008468361202865708,0.029739698271882425,7.291090865387418e-05,0,1,179.79119480962115,0.02417582417582417
15.14,5.472816635138067,-0.06559148073601623,0.22646350788562616,0.000682846654432958,0.03350398003047109,-0.07360860289399225,0.09337748294738893,5.481452064267636,-0.06270150155256916,0.22981334791940028,-0.0008468842023722977,0.035895200092108025,0.00016226433430712936,0,1,179.79125015535905,0.056410256410256404
15.16,5.472830478101014,-0.06558828642671448,0.2271256239623103,0.000739229827251837,0.03271341825364928,-0.07127409678494032,0.09240665857198263,5.481452064267636,-0.06270150155256916,0.22981334791940028,-0.0008469272434577287,0.04041149338649967,0.00013076238207100372,0,1,179.79132611984096,0.04835164835164834
15.18,5.47284502198564,-0.06558492044395046,0.22777123794308124,0.0006794817461502022,0.03137867288749201,-0.06761520402160275,0.08196506945530423,5.481452064267636,-0.06270150155256916,0.22981334791940028,-0.0008469627915624863,0.03836982642810666,0.0004940493856258662,0,1,179.79187946768747,0.17728937728937724
15.200000000000001,5.472856052359035,-0.0655823604940011,0.22837543811713001,0.0005145273655275247,0.02918352552189975,-0.06391171481133268,0.0786081236199952,5.481452064267636,-0.06270150155256916,0.22981334791940028,-0.0008469828179759765,0.04279172450800424,0.0002369638727834772,0,1,179.79256527319728,0.08058608058608059
15.22,5.472866418029125,-0.06557994817957274,0.22894437311549376,0.0005513952593939297,0.027572601828661815,-0.05875997386110624,0.07445811147715807,5.481452064267636,-0.06270150155256916,0.22981334791940028,-0.0008469951818053517,0.05325876324097398,0.0002804010484688474,0,1,179.7929370896612,0.09670329670329668
15.24,5.472877486793305,-0.06557736579560369,0.2294780695313997,0.000586698100102039,0.025618247074203997,-0.05249498976647606,0.06913497618765226,5.481452064267636,-0.06270150155256916,0.22981334791940028,-0.0008470021092725974,0.04972394383009987,0.000343644611511016,0,1,179.7935151039807,0.12087912087912088
15.26,5.472889226771861,-0.06557462045771893,0.22996897983229153,0.0006203959929706186,0.02332773493809867,-0.045825444816241664,0.06336445957117245,5.481452064267636,-0.06270150155256916,0.22981334791940028,-0.0008470032668611183,0.04688655380546667,0.0003749652840500041,0,1,179.79429142325083,0.12893772893772892
15.280000000000001,5.472901234615496,-0.06557180661479614,0.23041361324670437,0.0005363425535982308,0.021284566164638936,-0.04648033126941557,0.05657603086475803,5.481452064267636,-0.06270150155256916,0.22981334791940028,-0.0008469987390175532,0.05727834812546178,0.0003372078100227771,0,1,179.79492727644592,0.12087912087912088
15.3,5.4729096989816,-0.06556981936207529,0.23082656323673895,0.00047071976669275126,0.01992321189172246,-0.038730239821096496,0.05703557722966648,5.481452064267636,-0.06270150155256916,0.22981334791940028,-0.000846991880197832,0.05054393528585397,0.0004099225061522786,0,1,179.79546149958415,0.14505494505494504
15.32,5.472921296096516,-0.06556709148163085,0.2312108687806939,0.0005842666421261863,0.01832066567904931,-0.037195496542041635,0.04845900568545665,5.481452064267636,-0.06270150155256916,0.22981334791940028,-0.0008469774925169999,0.06221000403645618,0.000430767694736307,0,1,179.79614717037893,0.1531135531135531
15.34,5.472930244873223,-0.06556498329123327,0.2315569847761052,0.00039669291258270307,0.015839740346508317,-0.028026134495986548,0.03915565360298911,5.481452064267636,-0.06270150155256916,0.22981334791940028,-0.0008469632222939097,0.06268462821101066,0.0005108976660548859,0,1,179.7974472432596,0.18534798534798533
15.36,5.47293811705736,-0.06556312596019773,0.2318432108526639,0.00041199511620025435,0.01315605743440449,-0.025367396346616687,0.03679443364618533,5.481452064267636,-0.06270150155256916,0.22981334791940028,-0.0008469479728248658,0.07065279301837664,0.0001851010703403475,0,1,179.79844237634572,0.06446886446886446
15.38,5.472946234029281,-0.06556120859221713,0.23209188768070108,0.0004245225020090584,0.01104161719177173,-0.014814981631819456,0.02670508436186636,5.481452064267636,-0.06270150155256916,0.22981334791940028,-0.0008469300264708711,0.06379422084000003,0.0005622611420411114,0,1,179.7996678846799,0.20146520146520147
15.4,5.472954630459563,-0.0655592232474592,0.23227907957741267,0.0004373838788953239,0.008067255063650887,-0.011745371159922427,0.02384671937940897,5.481452064267636,-0.06270150155256916,0.22981334791940028,-0.0008469095499580781,0.05536055360070523,0.00021449174620416262,0,1,179.80091152805767,0.07252747252747252
15.42,5.472962849203007,-0.06555727850416572,0.23242568095869065,0.0003310455118887225,0.006215226549080107,-0.008568865943376539,0.012635305561332395,5.481452064267636,-0.06270150155256916,0.22981334791940028,-0.0008468881311413331,0.049772282564709676,0.0005642906391140132,0,1,179.80176242015852,0.20146520146520147
15.44,5.472966721374372,-0.06555636177808916,0.23252534882164433,0.0001258468704807801,0.0038740999707946497,-0.00503799136120872,0.008377833271567957,5.481452064267636,-0.06270150155256916,0.22981334791940028,-0.0008468775710805765,0.045281848263143853,0.00023358836956416688,0,1,179.80266406883334,0.08058608058608059
15.46,5.472969115300031,-0.06555579479486826,0.23258714594370195,0.0001200168901271987,0.002155459832810767,-0.00019746903547796763,0.0033993984055887467,5.481452064267636,-0.06270150155256916,0.22981334791940028,-0.0008468708206240693,0.03823208870163271,0.00027471030044599946,0,1,179.80315816927597,0.09670329670329668
15.48,5.472971428802562,-0.0655552467494697,0.23261242241959793,0.00011881788673021791,0.0003379765788704795,0.003940774474075495,-0.0007586255992888928,5.481452064267636,-0.06270150155256916,0.22981334791940028,-0.0008468641900449857,0.0470396381475652,0.00024095574881083533,0,1,179.80366337038348,0.08864468864468862
15.5,5.472973692211149,-0.0655547105500221,0.2326031419315155,0.00011349413889065966,-0.00140109487992885,0.008732260351355225,-0.005665279322309146,5.481452064267636,-0.06270150155256916,0.22981334791940028,-0.0008468576827851215,0.050850294361808455,0.0002752173602745007,0,1,179.80417510731579,0.09670329670329668
15.52,5.472975860122464,-0.06555419703419381,0.23255694277491978,0.00010875735888033325,-0.003284370944453187,0.013240774023422703,-0.010339237286725691,5.481452064267636,-0.06270150155256916,0.22981334791940028,-0.000846851508891867,0.048976226435884285,0.00026027021343026386,0,1,179.8047422002828,0.09670329670329668
15.540000000000001,5.4729779606286115,-0.06555369962625882,0.232473825830708,0.0001059448626984349,-0.005147722500598586,0.018196292498282023,-0.015369774013148558,5.481452064267636,-0.06270150155256916,0.22981334791940028,-0.0008468456647854426,0.050141092300517665,0.0002807097995589851,0,1,179.8053271880641,0.09670329670329668
15.56,5.472979978789277,-0.0655532219328644,0.23235307413051032,0.00010217691791159305,-0.006934710096242672,0.02206175333309905,-0.019206933930578925,5.481452064267636,-0.06270150155256916,0.22981334791940028,-0.0008468402589496219,0.04454869163795415,0.00023485966378472794,0,1,179.80583010238155,0.08058608058608059
15.58,5.472981980823502,-0.06555274834679294,0.23219906346570648,0.00010313165234429746,-0.008616389503105577,0.026910231498849874,-0.024121062620249253,5.481452064267636,-0.06270150155256916,0.22981334791940028,-0.0008468351789158658,0.04733276600995899,0.0002780217044793833,0,1,179.80634158251246,0.09670329670329668
15.6,5.472983948950595,-0.06555228313444367,0.23201182257120948,9.869744544037052e-05,-0.009580209575577573,0.024219813186685472,-0.021586664990245922,5.481452064267636,-0.06270150155256916,0.22981334791940028,-0.0008468305285482755,0.04687303793221328,0.0001025424996509241,0,1,179.80664440788016,0.040293040293040296
15.620000000000001,5.472985829350344,-0.06555183903443346,0.23182499022519504,9.525892426873405e-05,-0.009633939585502172,0.028906198261431544,-0.026235943907857086,5.481452064267636,-0.06270150155256916,0.22981334791940028,-0.0008468264515350691,0.04520214420667113,0.00024225742409321916,0,1,179.8068996405853,0.08864468864468862
15.64,5.472987662442583,-0.0655514064826666,0.23161648700796622,9.203427225368881e-05,-0.011338314557770244,0.03348997273775665,-0.03103459080638262,5.481452064267636,-0.06270150155256916,0.22981334791940028,-0.000846822842698092,0.044394489741914775,0.0002654339171017134,0,1,179.80741661306539,0.09670329670329668
15.66,5.472989435686561,-0.06555098847490044,0.23137614456540084,9.105310053196457e-05,-0.012059313830969545,0.029489501635146697,-0.026930968330780992,5.481452064267636,-0.06270150155256916,0.22981334791940028,-0.0008468197623029315,0.03918372352699948,0.00018039390254367483,0,1,179.80777047113057,0.06446886446886446
15.68,5.472991195633588,-0.06555057404513734,0.23114442108922853,8.930923346124243e-05,-0.011635090219849029,0.03301710706341014,-0.03063139019054055,5.481452064267636,-0.06270150155256916,0.22981334791940028,-0.0008468171368521112,0.039152431504361165,0.00017630665452320234,0,1,179.80799952452358,0.06446886446886446
15.700000000000001,5.472992516191822,-0.06555026337065403,0.23090207659969805,-3.2425334239502004e-05,-0.01232091838125119,0.02772806040098451,-0.03392279999956875,5.481452064267636,-0.06270150155256916,0.22981334791940028,-0.0008468154479298266,0.037638407402257636,0.00022894462812438586,0,1,179.80827619616153,0.08058608058608059
15.72,5.47298955629866,-0.06555095879665077,0.2306580180640631,-0.0001357703689121127,-0.012076522182331533,0.03075967225125794,-0.02963409953208833,5.481452064267636,-0.06270150155256916,0.22981334791940028,-0.0008468183392536684,0.04342898769670193,0.00020775211864847935,0,1,179.80854937204978,0.07252747252747252
15.74,5.47298941939297,-0.06555099102383373,0.23041766945565884,6.259540398773704e-05,-0.01223696747199608,0.0337620378080948,-0.03207394445293475,5.481452064267636,-0.06270150155256916,0.22981334791940028,-0.0008468185326108402,0.04559084926397452,0.000144533611940118,0,1,179.8087660231681,0.04835164835164834
15.76,5.472990613694424,-0.06555071100815234,0.23016721619002203,5.98603203565407e-05,-0.012162788245332594,0.027890296323856704,-0.026293283423019464,5.481452064267636,-0.06270150155256916,0.22981334791940028,-0.0008468179356757241,0.05618044071890759,0.00027907318953019223,0,1,179.80911313393077,0.09670329670329668
15.780000000000001,5.472991753978163,-0.0655504439484993,0.22994010436084844,5.713860489468954e-05,-0.011104201025329798,0.03037107700524503,-0.02884667674637305,5.481452064267636,-0.06270150155256916,0.22981334791940028,-0.0008468176491333147,0.06312043607732193,0.00011089397568602626,0,1,179.8094509913704,0.040293040293040296
15.8,5.472992462375221,-0.06555027817162415,0.22971281139977823,-6.278199950919411e-05,-0.011290121170672473,0.023566431798414136,-0.030561227745362,5.481452064267636,-0.06270150155256916,0.22981334791940028,-0.0008468176005718723,0.057387932149577194,0.0003148586380375155,0,1,179.80969992920703,0.11282051282051281
15.82,5.472988924511282,-0.06555110501644275,0.22949501479169157,-0.0001646807511090518,-0.010451881857167403,0.025107031893321155,-0.024752750071695976,5.481452064267636,-0.06270150155256916,0.22981334791940028,-0.0008468167962706727,0.05252207106090196,0.0002940820485936599,0,1,179.8100641860104,0.10476190476190475
15.84,5.4729882470260796,-0.0655512632947863,0.22929263422038018,3.815210056435416e-05,-0.010063110922955322,0.027070768725796772,-0.025894235595334332,5.481452064267636,-0.06270150155256916,0.22981334791940028,-0.000846816585035404,0.056618990070641195,8.016447850889264e-05,0,1,179.81026462682598,0.03223443223443223
15.860000000000001,5.472988655939428,-0.06555116786769699,0.2290889455720443,-7.46972335598703e-05,-0.009867205505652161,0.018640128380325492,-0.025822091083874933,5.481452064267636,-0.06270150155256916,0.22981334791940028,-0.0008468168155626094,0.0639569544849025,0.00040206218398962834,0,1,179.81059278876916,0.14505494505494504
15.88,5.472984920204286,-0.06555203857400803,0.2289057216767413,-0.00017178576448328685,-0.008408167122454284,0.018829757852374288,-0.018524448237542204,5.481452064267636,-0.06270150155256916,0.22981334791940028,-0.0008468136453629474,0.0624197548543695,0.0003800038999339356,0,1,179.8111793552372,0.13699633699633695
15.9,5.472984167111509,-0.06555221403927237,0.2287496158571462,3.3686739188959556e-05,-0.007416603197333647,0.018877424078636594,-0.017960081301616485,5.481452064267636,-0.06270150155256916,0.22981334791940028,-0.000846812946099143,0.05692795922495216,2.8461770683196972e-05,0,1,179.81146010276888,0.008058608058608058
15.92,5.472984811059624,-0.06555206415925796,0.22860281931683915,3.2269152767554485e-05,-0.007343483900404145,0.0194004274955785,-0.018539519080240808,5.481452064267636,-0.06270150155256916,0.22981334791940028,-0.0008468136952555433,0.06730739084301281,2.7500968324045477e-05,0,1,179.81146533442552,0.008058608058608058
15.94,5.472985425975898,-0.06555192113157322,0.228458105271211,3.0801945819243243e-05,-0.0063714433849088445,0.010700427906220515,-0.00987866309560191,5.481452064267636,-0.06270150155256916,0.22981334791940028,-0.000846814503255413,0.058462478027141024,0.0004388725651432941,0,1,179.8121886179486,0.1531135531135531
15.96,5.472986017832944,-0.06555178354679443,0.22835697782710265,3.0262591248278837e-05,-0.004278622422818788,0.010887728020484959,-0.010078990507811256,5.481452064267636,-0.06270150155256916,0.22981334791940028,-0.0008468153582666521,0.06047083074909544,2.6751381001446743e-05,0,1,179.81290755650073,0.008058608058608058
15.98,5.47298659582371,-0.06555164923967068,0.2282738039617427,2.994416057994471e-05,-0.003900783289448441,0.008935858051527903,-0.00800813630380757,5.481452064267636,-0.06270150155256916,0.22981334791940028,-0.0008468162460798382,0.05132494863654236,0.00011059444162969136,0,1,179.81295091749976,0.040293040293040296
